[     182ms] [ERROR] Failed to load resource: the server responded with a status of 404 (Not Found) @ http://localhost:3000/river-confluence/nextImageExportOptimizer/confluence-01-opt-10.WEBP:0
[     204ms] [ERROR] Failed to load resource: the server responded with a status of 404 (Not Found) @ http://localhost:3000/river-confluence/nextImageExportOptimizer/confluence-01-opt-3840.WEBP:0
[     726ms] [INFO] %cDownload the React DevTools for a better development experience: https://react.dev/link/react-devtools font-weight:bold @ webpack-internal:///(app-pages-browser)/./node_modules/.pnpm/next@16.1.6_@babel+core@7.29.0_react-dom@19.2.4_react@19.2.4__react@19.2.4/node_modules/next/dist/next-devtools/shared/forward-logs-shared.js:27
[     832ms] [LOG] [HMR] connected @ webpack-internal:///(app-pages-browser)/./node_modules/.pnpm/next@16.1.6_@babel+core@7.29.0_react-dom@19.2.4_react@19.2.4__react@19.2.4/node_modules/next/dist/next-devtools/shared/forward-logs-shared.js:27
[    1010ms] [LOG] [Fast Refresh] rebuilding @ webpack-internal:///(app-pages-browser)/./node_modules/.pnpm/next@16.1.6_@babel+core@7.29.0_react-dom@19.2.4_react@19.2.4__react@19.2.4/node_modules/next/dist/next-devtools/shared/forward-logs-shared.js:27
[    1066ms] [ERROR] Failed to load resource: the server responded with a status of 404 (Not Found) @ http://localhost:3000/river-confluence/nextImageExportOptimizer/confluence-01-opt-3840.WEBP:0
[    1072ms] [WARNING] Image with src "/river-confluence/confluence-01.png" has a "loader" property that does not implement width. Please implement it or use the "unoptimized" property instead.
Read more: https://nextjs.org/docs/messages/next-image-missing-loader-width @ webpack-internal:///(app-pages-browser)/./node_modules/.pnpm/next@16.1.6_@babel+core@7.29.0_react-dom@19.2.4_react@19.2.4__react@19.2.4/node_modules/next/dist/next-devtools/shared/forward-logs-shared.js:27
[    1166ms] [LOG] [Fast Refresh] done in 156ms @ webpack-internal:///(app-pages-browser)/./node_modules/.pnpm/next@16.1.6_@babel+core@7.29.0_react-dom@19.2.4_react@19.2.4__react@19.2.4/node_modules/next/dist/next-devtools/shared/forward-logs-shared.js:27
[    1248ms] [LOG] [Fast Refresh] rebuilding @ webpack-internal:///(app-pages-browser)/./node_modules/.pnpm/next@16.1.6_@babel+core@7.29.0_react-dom@19.2.4_react@19.2.4__react@19.2.4/node_modules/next/dist/next-devtools/shared/forward-logs-shared.js:27
[    1287ms] [LOG] [Fast Refresh] done in 40ms @ webpack-internal:///(app-pages-browser)/./node_modules/.pnpm/next@16.1.6_@babel+core@7.29.0_react-dom@19.2.4_react@19.2.4__react@19.2.4/node_modules/next/dist/next-devtools/shared/forward-logs-shared.js:27
[    1420ms] [LOG] [Fast Refresh] rebuilding @ webpack-internal:///(app-pages-browser)/./node_modules/.pnpm/next@16.1.6_@babel+core@7.29.0_react-dom@19.2.4_react@19.2.4__react@19.2.4/node_modules/next/dist/next-devtools/shared/forward-logs-shared.js:27
[    1454ms] [LOG] [Fast Refresh] done in 34ms @ webpack-internal:///(app-pages-browser)/./node_modules/.pnpm/next@16.1.6_@babel+core@7.29.0_react-dom@19.2.4_react@19.2.4__react@19.2.4/node_modules/next/dist/next-devtools/shared/forward-logs-shared.js:27
[    1608ms] [LOG] [Fast Refresh] rebuilding @ webpack-internal:///(app-pages-browser)/./node_modules/.pnpm/next@16.1.6_@babel+core@7.29.0_react-dom@19.2.4_react@19.2.4__react@19.2.4/node_modules/next/dist/next-devtools/shared/forward-logs-shared.js:27
[    1659ms] [LOG] [Fast Refresh] done in 51ms @ webpack-internal:///(app-pages-browser)/./node_modules/.pnpm/next@16.1.6_@babel+core@7.29.0_react-dom@19.2.4_react@19.2.4__react@19.2.4/node_modules/next/dist/next-devtools/shared/forward-logs-shared.js:27
[    1803ms] [LOG] [Fast Refresh] rebuilding @ webpack-internal:///(app-pages-browser)/./node_modules/.pnpm/next@16.1.6_@babel+core@7.29.0_react-dom@19.2.4_react@19.2.4__react@19.2.4/node_modules/next/dist/next-devtools/shared/forward-logs-shared.js:27
[    1839ms] [LOG] [Fast Refresh] done in 35ms @ webpack-internal:///(app-pages-browser)/./node_modules/.pnpm/next@16.1.6_@babel+core@7.29.0_react-dom@19.2.4_react@19.2.4__react@19.2.4/node_modules/next/dist/next-devtools/shared/forward-logs-shared.js:27
[    1968ms] [LOG] [Fast Refresh] rebuilding @ webpack-internal:///(app-pages-browser)/./node_modules/.pnpm/next@16.1.6_@babel+core@7.29.0_react-dom@19.2.4_react@19.2.4__react@19.2.4/node_modules/next/dist/next-devtools/shared/forward-logs-shared.js:27
[    2015ms] [LOG] [Fast Refresh] done in 47ms @ webpack-internal:///(app-pages-browser)/./node_modules/.pnpm/next@16.1.6_@babel+core@7.29.0_react-dom@19.2.4_react@19.2.4__react@19.2.4/node_modules/next/dist/next-devtools/shared/forward-logs-shared.js:27
[    2173ms] [LOG] [Fast Refresh] rebuilding @ webpack-internal:///(app-pages-browser)/./node_modules/.pnpm/next@16.1.6_@babel+core@7.29.0_react-dom@19.2.4_react@19.2.4__react@19.2.4/node_modules/next/dist/next-devtools/shared/forward-logs-shared.js:27
[    2215ms] [LOG] [Fast Refresh] done in 43ms @ webpack-internal:///(app-pages-browser)/./node_modules/.pnpm/next@16.1.6_@babel+core@7.29.0_react-dom@19.2.4_react@19.2.4__react@19.2.4/node_modules/next/dist/next-devtools/shared/forward-logs-shared.js:27
[    2349ms] [LOG] [Fast Refresh] rebuilding @ webpack-internal:///(app-pages-browser)/./node_modules/.pnpm/next@16.1.6_@babel+core@7.29.0_react-dom@19.2.4_react@19.2.4__react@19.2.4/node_modules/next/dist/next-devtools/shared/forward-logs-shared.js:27
[    2386ms] [LOG] [Fast Refresh] done in 37ms @ webpack-internal:///(app-pages-browser)/./node_modules/.pnpm/next@16.1.6_@babel+core@7.29.0_react-dom@19.2.4_react@19.2.4__react@19.2.4/node_modules/next/dist/next-devtools/shared/forward-logs-shared.js:27
[    2515ms] [LOG] [Fast Refresh] rebuilding @ webpack-internal:///(app-pages-browser)/./node_modules/.pnpm/next@16.1.6_@babel+core@7.29.0_react-dom@19.2.4_react@19.2.4__react@19.2.4/node_modules/next/dist/next-devtools/shared/forward-logs-shared.js:27
[    2549ms] [LOG] [Fast Refresh] done in 35ms @ webpack-internal:///(app-pages-browser)/./node_modules/.pnpm/next@16.1.6_@babel+core@7.29.0_react-dom@19.2.4_react@19.2.4__react@19.2.4/node_modules/next/dist/next-devtools/shared/forward-logs-shared.js:27
[    2695ms] [LOG] [Fast Refresh] rebuilding @ webpack-internal:///(app-pages-browser)/./node_modules/.pnpm/next@16.1.6_@babel+core@7.29.0_react-dom@19.2.4_react@19.2.4__react@19.2.4/node_modules/next/dist/next-devtools/shared/forward-logs-shared.js:27
[    2701ms] [WARNING] Image with src "/river-confluence/confluence-01.png" was detected as the Largest Contentful Paint (LCP). Please add the `loading="eager"` property if this image is above the fold.
Read more: https://nextjs.org/docs/app/api-reference/components/image#loading @ webpack-internal:///(app-pages-browser)/./node_modules/.pnpm/next@16.1.6_@babel+core@7.29.0_react-dom@19.2.4_react@19.2.4__react@19.2.4/node_modules/next/dist/next-devtools/shared/forward-logs-shared.js:27
[    2728ms] [LOG] [Fast Refresh] done in 34ms @ webpack-internal:///(app-pages-browser)/./node_modules/.pnpm/next@16.1.6_@babel+core@7.29.0_react-dom@19.2.4_react@19.2.4__react@19.2.4/node_modules/next/dist/next-devtools/shared/forward-logs-shared.js:27
[    2872ms] [LOG] [Fast Refresh] rebuilding @ webpack-internal:///(app-pages-browser)/./node_modules/.pnpm/next@16.1.6_@babel+core@7.29.0_react-dom@19.2.4_react@19.2.4__react@19.2.4/node_modules/next/dist/next-devtools/shared/forward-logs-shared.js:27
[    2915ms] [LOG] [Fast Refresh] done in 42ms @ webpack-internal:///(app-pages-browser)/./node_modules/.pnpm/next@16.1.6_@babel+core@7.29.0_react-dom@19.2.4_react@19.2.4__react@19.2.4/node_modules/next/dist/next-devtools/shared/forward-logs-shared.js:27
[    3069ms] [LOG] [Fast Refresh] rebuilding @ webpack-internal:///(app-pages-browser)/./node_modules/.pnpm/next@16.1.6_@babel+core@7.29.0_react-dom@19.2.4_react@19.2.4__react@19.2.4/node_modules/next/dist/next-devtools/shared/forward-logs-shared.js:27
[    3109ms] [LOG] [Fast Refresh] done in 41ms @ webpack-internal:///(app-pages-browser)/./node_modules/.pnpm/next@16.1.6_@babel+core@7.29.0_react-dom@19.2.4_react@19.2.4__react@19.2.4/node_modules/next/dist/next-devtools/shared/forward-logs-shared.js:27
[    3261ms] [LOG] [Fast Refresh] rebuilding @ webpack-internal:///(app-pages-browser)/./node_modules/.pnpm/next@16.1.6_@babel+core@7.29.0_react-dom@19.2.4_react@19.2.4__react@19.2.4/node_modules/next/dist/next-devtools/shared/forward-logs-shared.js:27
[    3309ms] [LOG] [Fast Refresh] done in 47ms @ webpack-internal:///(app-pages-browser)/./node_modules/.pnpm/next@16.1.6_@babel+core@7.29.0_react-dom@19.2.4_react@19.2.4__react@19.2.4/node_modules/next/dist/next-devtools/shared/forward-logs-shared.js:27
[    3465ms] [LOG] [Fast Refresh] rebuilding @ webpack-internal:///(app-pages-browser)/./node_modules/.pnpm/next@16.1.6_@babel+core@7.29.0_react-dom@19.2.4_react@19.2.4__react@19.2.4/node_modules/next/dist/next-devtools/shared/forward-logs-shared.js:27
[    3502ms] [LOG] [Fast Refresh] done in 38ms @ webpack-internal:///(app-pages-browser)/./node_modules/.pnpm/next@16.1.6_@babel+core@7.29.0_react-dom@19.2.4_react@19.2.4__react@19.2.4/node_modules/next/dist/next-devtools/shared/forward-logs-shared.js:27
[    3661ms] [LOG] [Fast Refresh] rebuilding @ webpack-internal:///(app-pages-browser)/./node_modules/.pnpm/next@16.1.6_@babel+core@7.29.0_react-dom@19.2.4_react@19.2.4__react@19.2.4/node_modules/next/dist/next-devtools/shared/forward-logs-shared.js:27
[    3705ms] [LOG] [Fast Refresh] done in 43ms @ webpack-internal:///(app-pages-browser)/./node_modules/.pnpm/next@16.1.6_@babel+core@7.29.0_react-dom@19.2.4_react@19.2.4__react@19.2.4/node_modules/next/dist/next-devtools/shared/forward-logs-shared.js:27
[    3863ms] [LOG] [Fast Refresh] rebuilding @ webpack-internal:///(app-pages-browser)/./node_modules/.pnpm/next@16.1.6_@babel+core@7.29.0_react-dom@19.2.4_react@19.2.4__react@19.2.4/node_modules/next/dist/next-devtools/shared/forward-logs-shared.js:27
[    3910ms] [LOG] [Fast Refresh] done in 48ms @ webpack-internal:///(app-pages-browser)/./node_modules/.pnpm/next@16.1.6_@babel+core@7.29.0_react-dom@19.2.4_react@19.2.4__react@19.2.4/node_modules/next/dist/next-devtools/shared/forward-logs-shared.js:27
[    4065ms] [LOG] [Fast Refresh] rebuilding @ webpack-internal:///(app-pages-browser)/./node_modules/.pnpm/next@16.1.6_@babel+core@7.29.0_react-dom@19.2.4_react@19.2.4__react@19.2.4/node_modules/next/dist/next-devtools/shared/forward-logs-shared.js:27
[    4103ms] [LOG] [Fast Refresh] done in 38ms @ webpack-internal:///(app-pages-browser)/./node_modules/.pnpm/next@16.1.6_@babel+core@7.29.0_react-dom@19.2.4_react@19.2.4__react@19.2.4/node_modules/next/dist/next-devtools/shared/forward-logs-shared.js:27
[    4266ms] [LOG] [Fast Refresh] rebuilding @ webpack-internal:///(app-pages-browser)/./node_modules/.pnpm/next@16.1.6_@babel+core@7.29.0_react-dom@19.2.4_react@19.2.4__react@19.2.4/node_modules/next/dist/next-devtools/shared/forward-logs-shared.js:27
[    4304ms] [LOG] [Fast Refresh] done in 38ms @ webpack-internal:///(app-pages-browser)/./node_modules/.pnpm/next@16.1.6_@babel+core@7.29.0_react-dom@19.2.4_react@19.2.4__react@19.2.4/node_modules/next/dist/next-devtools/shared/forward-logs-shared.js:27
[    4454ms] [LOG] [Fast Refresh] rebuilding @ webpack-internal:///(app-pages-browser)/./node_modules/.pnpm/next@16.1.6_@babel+core@7.29.0_react-dom@19.2.4_react@19.2.4__react@19.2.4/node_modules/next/dist/next-devtools/shared/forward-logs-shared.js:27
[    4495ms] [LOG] [Fast Refresh] done in 41ms @ webpack-internal:///(app-pages-browser)/./node_modules/.pnpm/next@16.1.6_@babel+core@7.29.0_react-dom@19.2.4_react@19.2.4__react@19.2.4/node_modules/next/dist/next-devtools/shared/forward-logs-shared.js:27
[    4654ms] [LOG] [Fast Refresh] rebuilding @ webpack-internal:///(app-pages-browser)/./node_modules/.pnpm/next@16.1.6_@babel+core@7.29.0_react-dom@19.2.4_react@19.2.4__react@19.2.4/node_modules/next/dist/next-devtools/shared/forward-logs-shared.js:27
[    4692ms] [LOG] [Fast Refresh] done in 38ms @ webpack-internal:///(app-pages-browser)/./node_modules/.pnpm/next@16.1.6_@babel+core@7.29.0_react-dom@19.2.4_react@19.2.4__react@19.2.4/node_modules/next/dist/next-devtools/shared/forward-logs-shared.js:27
[    4853ms] [LOG] [Fast Refresh] rebuilding @ webpack-internal:///(app-pages-browser)/./node_modules/.pnpm/next@16.1.6_@babel+core@7.29.0_react-dom@19.2.4_react@19.2.4__react@19.2.4/node_modules/next/dist/next-devtools/shared/forward-logs-shared.js:27
[    4898ms] [LOG] [Fast Refresh] done in 45ms @ webpack-internal:///(app-pages-browser)/./node_modules/.pnpm/next@16.1.6_@babel+core@7.29.0_react-dom@19.2.4_react@19.2.4__react@19.2.4/node_modules/next/dist/next-devtools/shared/forward-logs-shared.js:27
[    5057ms] [LOG] [Fast Refresh] rebuilding @ webpack-internal:///(app-pages-browser)/./node_modules/.pnpm/next@16.1.6_@babel+core@7.29.0_react-dom@19.2.4_react@19.2.4__react@19.2.4/node_modules/next/dist/next-devtools/shared/forward-logs-shared.js:27
[    5102ms] [LOG] [Fast Refresh] done in 46ms @ webpack-internal:///(app-pages-browser)/./node_modules/.pnpm/next@16.1.6_@babel+core@7.29.0_react-dom@19.2.4_react@19.2.4__react@19.2.4/node_modules/next/dist/next-devtools/shared/forward-logs-shared.js:27
[    5270ms] [LOG] [Fast Refresh] rebuilding @ webpack-internal:///(app-pages-browser)/./node_modules/.pnpm/next@16.1.6_@babel+core@7.29.0_react-dom@19.2.4_react@19.2.4__react@19.2.4/node_modules/next/dist/next-devtools/shared/forward-logs-shared.js:27
[    5321ms] [LOG] [Fast Refresh] done in 51ms @ webpack-internal:///(app-pages-browser)/./node_modules/.pnpm/next@16.1.6_@babel+core@7.29.0_react-dom@19.2.4_react@19.2.4__react@19.2.4/node_modules/next/dist/next-devtools/shared/forward-logs-shared.js:27
[    5488ms] [LOG] [Fast Refresh] rebuilding @ webpack-internal:///(app-pages-browser)/./node_modules/.pnpm/next@16.1.6_@babel+core@7.29.0_react-dom@19.2.4_react@19.2.4__react@19.2.4/node_modules/next/dist/next-devtools/shared/forward-logs-shared.js:27
[    5536ms] [LOG] [Fast Refresh] done in 48ms @ webpack-internal:///(app-pages-browser)/./node_modules/.pnpm/next@16.1.6_@babel+core@7.29.0_react-dom@19.2.4_react@19.2.4__react@19.2.4/node_modules/next/dist/next-devtools/shared/forward-logs-shared.js:27
[    5691ms] [LOG] [Fast Refresh] rebuilding @ webpack-internal:///(app-pages-browser)/./node_modules/.pnpm/next@16.1.6_@babel+core@7.29.0_react-dom@19.2.4_react@19.2.4__react@19.2.4/node_modules/next/dist/next-devtools/shared/forward-logs-shared.js:27
[    5735ms] [LOG] [Fast Refresh] done in 45ms @ webpack-internal:///(app-pages-browser)/./node_modules/.pnpm/next@16.1.6_@babel+core@7.29.0_react-dom@19.2.4_react@19.2.4__react@19.2.4/node_modules/next/dist/next-devtools/shared/forward-logs-shared.js:27
[    5888ms] [LOG] [Fast Refresh] rebuilding @ webpack-internal:///(app-pages-browser)/./node_modules/.pnpm/next@16.1.6_@babel+core@7.29.0_react-dom@19.2.4_react@19.2.4__react@19.2.4/node_modules/next/dist/next-devtools/shared/forward-logs-shared.js:27
[    5928ms] [LOG] [Fast Refresh] done in 39ms @ webpack-internal:///(app-pages-browser)/./node_modules/.pnpm/next@16.1.6_@babel+core@7.29.0_react-dom@19.2.4_react@19.2.4__react@19.2.4/node_modules/next/dist/next-devtools/shared/forward-logs-shared.js:27
[    6098ms] [LOG] [Fast Refresh] rebuilding @ webpack-internal:///(app-pages-browser)/./node_modules/.pnpm/next@16.1.6_@babel+core@7.29.0_react-dom@19.2.4_react@19.2.4__react@19.2.4/node_modules/next/dist/next-devtools/shared/forward-logs-shared.js:27
[    6154ms] [LOG] [Fast Refresh] done in 57ms @ webpack-internal:///(app-pages-browser)/./node_modules/.pnpm/next@16.1.6_@babel+core@7.29.0_react-dom@19.2.4_react@19.2.4__react@19.2.4/node_modules/next/dist/next-devtools/shared/forward-logs-shared.js:27
[    6311ms] [LOG] [Fast Refresh] rebuilding @ webpack-internal:///(app-pages-browser)/./node_modules/.pnpm/next@16.1.6_@babel+core@7.29.0_react-dom@19.2.4_react@19.2.4__react@19.2.4/node_modules/next/dist/next-devtools/shared/forward-logs-shared.js:27
[    6359ms] [LOG] [Fast Refresh] done in 49ms @ webpack-internal:///(app-pages-browser)/./node_modules/.pnpm/next@16.1.6_@babel+core@7.29.0_react-dom@19.2.4_react@19.2.4__react@19.2.4/node_modules/next/dist/next-devtools/shared/forward-logs-shared.js:27
[    6518ms] [LOG] [Fast Refresh] rebuilding @ webpack-internal:///(app-pages-browser)/./node_modules/.pnpm/next@16.1.6_@babel+core@7.29.0_react-dom@19.2.4_react@19.2.4__react@19.2.4/node_modules/next/dist/next-devtools/shared/forward-logs-shared.js:27
[    6563ms] [LOG] [Fast Refresh] done in 45ms @ webpack-internal:///(app-pages-browser)/./node_modules/.pnpm/next@16.1.6_@babel+core@7.29.0_react-dom@19.2.4_react@19.2.4__react@19.2.4/node_modules/next/dist/next-devtools/shared/forward-logs-shared.js:27
[    6720ms] [LOG] [Fast Refresh] rebuilding @ webpack-internal:///(app-pages-browser)/./node_modules/.pnpm/next@16.1.6_@babel+core@7.29.0_react-dom@19.2.4_react@19.2.4__react@19.2.4/node_modules/next/dist/next-devtools/shared/forward-logs-shared.js:27
[    6770ms] [LOG] [Fast Refresh] done in 50ms @ webpack-internal:///(app-pages-browser)/./node_modules/.pnpm/next@16.1.6_@babel+core@7.29.0_react-dom@19.2.4_react@19.2.4__react@19.2.4/node_modules/next/dist/next-devtools/shared/forward-logs-shared.js:27
[    6934ms] [LOG] [Fast Refresh] rebuilding @ webpack-internal:///(app-pages-browser)/./node_modules/.pnpm/next@16.1.6_@babel+core@7.29.0_react-dom@19.2.4_react@19.2.4__react@19.2.4/node_modules/next/dist/next-devtools/shared/forward-logs-shared.js:27
[    6988ms] [LOG] [Fast Refresh] done in 53ms @ webpack-internal:///(app-pages-browser)/./node_modules/.pnpm/next@16.1.6_@babel+core@7.29.0_react-dom@19.2.4_react@19.2.4__react@19.2.4/node_modules/next/dist/next-devtools/shared/forward-logs-shared.js:27
[    7156ms] [LOG] [Fast Refresh] rebuilding @ webpack-internal:///(app-pages-browser)/./node_modules/.pnpm/next@16.1.6_@babel+core@7.29.0_react-dom@19.2.4_react@19.2.4__react@19.2.4/node_modules/next/dist/next-devtools/shared/forward-logs-shared.js:27
[    7205ms] [LOG] [Fast Refresh] done in 49ms @ webpack-internal:///(app-pages-browser)/./node_modules/.pnpm/next@16.1.6_@babel+core@7.29.0_react-dom@19.2.4_react@19.2.4__react@19.2.4/node_modules/next/dist/next-devtools/shared/forward-logs-shared.js:27
[    7359ms] [LOG] [Fast Refresh] rebuilding @ webpack-internal:///(app-pages-browser)/./node_modules/.pnpm/next@16.1.6_@babel+core@7.29.0_react-dom@19.2.4_react@19.2.4__react@19.2.4/node_modules/next/dist/next-devtools/shared/forward-logs-shared.js:27
[    7401ms] [LOG] [Fast Refresh] done in 43ms @ webpack-internal:///(app-pages-browser)/./node_modules/.pnpm/next@16.1.6_@babel+core@7.29.0_react-dom@19.2.4_react@19.2.4__react@19.2.4/node_modules/next/dist/next-devtools/shared/forward-logs-shared.js:27
[    7551ms] [LOG] [Fast Refresh] rebuilding @ webpack-internal:///(app-pages-browser)/./node_modules/.pnpm/next@16.1.6_@babel+core@7.29.0_react-dom@19.2.4_react@19.2.4__react@19.2.4/node_modules/next/dist/next-devtools/shared/forward-logs-shared.js:27
[    7632ms] [LOG] [Fast Refresh] done in 81ms @ webpack-internal:///(app-pages-browser)/./node_modules/.pnpm/next@16.1.6_@babel+core@7.29.0_react-dom@19.2.4_react@19.2.4__react@19.2.4/node_modules/next/dist/next-devtools/shared/forward-logs-shared.js:27
[    7767ms] [LOG] [Fast Refresh] rebuilding @ webpack-internal:///(app-pages-browser)/./node_modules/.pnpm/next@16.1.6_@babel+core@7.29.0_react-dom@19.2.4_react@19.2.4__react@19.2.4/node_modules/next/dist/next-devtools/shared/forward-logs-shared.js:27
[    7888ms] [LOG] [Fast Refresh] done in 121ms @ webpack-internal:///(app-pages-browser)/./node_modules/.pnpm/next@16.1.6_@babel+core@7.29.0_react-dom@19.2.4_react@19.2.4__react@19.2.4/node_modules/next/dist/next-devtools/shared/forward-logs-shared.js:27
[    7939ms] [LOG] [Fast Refresh] rebuilding @ webpack-internal:///(app-pages-browser)/./node_modules/.pnpm/next@16.1.6_@babel+core@7.29.0_react-dom@19.2.4_react@19.2.4__react@19.2.4/node_modules/next/dist/next-devtools/shared/forward-logs-shared.js:27
[    7978ms] [LOG] [Fast Refresh] done in 39ms @ webpack-internal:///(app-pages-browser)/./node_modules/.pnpm/next@16.1.6_@babel+core@7.29.0_react-dom@19.2.4_react@19.2.4__react@19.2.4/node_modules/next/dist/next-devtools/shared/forward-logs-shared.js:27
[    8131ms] [LOG] [Fast Refresh] rebuilding @ webpack-internal:///(app-pages-browser)/./node_modules/.pnpm/next@16.1.6_@babel+core@7.29.0_react-dom@19.2.4_react@19.2.4__react@19.2.4/node_modules/next/dist/next-devtools/shared/forward-logs-shared.js:27
[    8180ms] [LOG] [Fast Refresh] done in 49ms @ webpack-internal:///(app-pages-browser)/./node_modules/.pnpm/next@16.1.6_@babel+core@7.29.0_react-dom@19.2.4_react@19.2.4__react@19.2.4/node_modules/next/dist/next-devtools/shared/forward-logs-shared.js:27
[    8423ms] [LOG] [Fast Refresh] rebuilding @ webpack-internal:///(app-pages-browser)/./node_modules/.pnpm/next@16.1.6_@babel+core@7.29.0_react-dom@19.2.4_react@19.2.4__react@19.2.4/node_modules/next/dist/next-devtools/shared/forward-logs-shared.js:27
[    8466ms] [LOG] [Fast Refresh] done in 42ms @ webpack-internal:///(app-pages-browser)/./node_modules/.pnpm/next@16.1.6_@babel+core@7.29.0_react-dom@19.2.4_react@19.2.4__react@19.2.4/node_modules/next/dist/next-devtools/shared/forward-logs-shared.js:27
[    8645ms] [LOG] [Fast Refresh] rebuilding @ webpack-internal:///(app-pages-browser)/./node_modules/.pnpm/next@16.1.6_@babel+core@7.29.0_react-dom@19.2.4_react@19.2.4__react@19.2.4/node_modules/next/dist/next-devtools/shared/forward-logs-shared.js:27
[    8681ms] [LOG] [Fast Refresh] done in 35ms @ webpack-internal:///(app-pages-browser)/./node_modules/.pnpm/next@16.1.6_@babel+core@7.29.0_react-dom@19.2.4_react@19.2.4__react@19.2.4/node_modules/next/dist/next-devtools/shared/forward-logs-shared.js:27
[    8855ms] [LOG] [Fast Refresh] rebuilding @ webpack-internal:///(app-pages-browser)/./node_modules/.pnpm/next@16.1.6_@babel+core@7.29.0_react-dom@19.2.4_react@19.2.4__react@19.2.4/node_modules/next/dist/next-devtools/shared/forward-logs-shared.js:27
[    8905ms] [LOG] [Fast Refresh] done in 51ms @ webpack-internal:///(app-pages-browser)/./node_modules/.pnpm/next@16.1.6_@babel+core@7.29.0_react-dom@19.2.4_react@19.2.4__react@19.2.4/node_modules/next/dist/next-devtools/shared/forward-logs-shared.js:27
[    9067ms] [LOG] [Fast Refresh] rebuilding @ webpack-internal:///(app-pages-browser)/./node_modules/.pnpm/next@16.1.6_@babel+core@7.29.0_react-dom@19.2.4_react@19.2.4__react@19.2.4/node_modules/next/dist/next-devtools/shared/forward-logs-shared.js:27
[    9105ms] [LOG] [Fast Refresh] done in 38ms @ webpack-internal:///(app-pages-browser)/./node_modules/.pnpm/next@16.1.6_@babel+core@7.29.0_react-dom@19.2.4_react@19.2.4__react@19.2.4/node_modules/next/dist/next-devtools/shared/forward-logs-shared.js:27
[    9269ms] [LOG] [Fast Refresh] rebuilding @ webpack-internal:///(app-pages-browser)/./node_modules/.pnpm/next@16.1.6_@babel+core@7.29.0_react-dom@19.2.4_react@19.2.4__react@19.2.4/node_modules/next/dist/next-devtools/shared/forward-logs-shared.js:27
[    9308ms] [LOG] [Fast Refresh] done in 39ms @ webpack-internal:///(app-pages-browser)/./node_modules/.pnpm/next@16.1.6_@babel+core@7.29.0_react-dom@19.2.4_react@19.2.4__react@19.2.4/node_modules/next/dist/next-devtools/shared/forward-logs-shared.js:27
[    9473ms] [LOG] [Fast Refresh] rebuilding @ webpack-internal:///(app-pages-browser)/./node_modules/.pnpm/next@16.1.6_@babel+core@7.29.0_react-dom@19.2.4_react@19.2.4__react@19.2.4/node_modules/next/dist/next-devtools/shared/forward-logs-shared.js:27
[    9511ms] [LOG] [Fast Refresh] done in 38ms @ webpack-internal:///(app-pages-browser)/./node_modules/.pnpm/next@16.1.6_@babel+core@7.29.0_react-dom@19.2.4_react@19.2.4__react@19.2.4/node_modules/next/dist/next-devtools/shared/forward-logs-shared.js:27
[    9674ms] [LOG] [Fast Refresh] rebuilding @ webpack-internal:///(app-pages-browser)/./node_modules/.pnpm/next@16.1.6_@babel+core@7.29.0_react-dom@19.2.4_react@19.2.4__react@19.2.4/node_modules/next/dist/next-devtools/shared/forward-logs-shared.js:27
[    9720ms] [LOG] [Fast Refresh] done in 46ms @ webpack-internal:///(app-pages-browser)/./node_modules/.pnpm/next@16.1.6_@babel+core@7.29.0_react-dom@19.2.4_react@19.2.4__react@19.2.4/node_modules/next/dist/next-devtools/shared/forward-logs-shared.js:27
[    9870ms] [LOG] [Fast Refresh] rebuilding @ webpack-internal:///(app-pages-browser)/./node_modules/.pnpm/next@16.1.6_@babel+core@7.29.0_react-dom@19.2.4_react@19.2.4__react@19.2.4/node_modules/next/dist/next-devtools/shared/forward-logs-shared.js:27
[    9911ms] [LOG] [Fast Refresh] done in 42ms @ webpack-internal:///(app-pages-browser)/./node_modules/.pnpm/next@16.1.6_@babel+core@7.29.0_react-dom@19.2.4_react@19.2.4__react@19.2.4/node_modules/next/dist/next-devtools/shared/forward-logs-shared.js:27
[   10073ms] [LOG] [Fast Refresh] rebuilding @ webpack-internal:///(app-pages-browser)/./node_modules/.pnpm/next@16.1.6_@babel+core@7.29.0_react-dom@19.2.4_react@19.2.4__react@19.2.4/node_modules/next/dist/next-devtools/shared/forward-logs-shared.js:27
[   10111ms] [LOG] [Fast Refresh] done in 37ms @ webpack-internal:///(app-pages-browser)/./node_modules/.pnpm/next@16.1.6_@babel+core@7.29.0_react-dom@19.2.4_react@19.2.4__react@19.2.4/node_modules/next/dist/next-devtools/shared/forward-logs-shared.js:27
[   10275ms] [LOG] [Fast Refresh] rebuilding @ webpack-internal:///(app-pages-browser)/./node_modules/.pnpm/next@16.1.6_@babel+core@7.29.0_react-dom@19.2.4_react@19.2.4__react@19.2.4/node_modules/next/dist/next-devtools/shared/forward-logs-shared.js:27
[   10362ms] [LOG] [Fast Refresh] done in 87ms @ webpack-internal:///(app-pages-browser)/./node_modules/.pnpm/next@16.1.6_@babel+core@7.29.0_react-dom@19.2.4_react@19.2.4__react@19.2.4/node_modules/next/dist/next-devtools/shared/forward-logs-shared.js:27
[   10454ms] [LOG] [Fast Refresh] rebuilding @ webpack-internal:///(app-pages-browser)/./node_modules/.pnpm/next@16.1.6_@babel+core@7.29.0_react-dom@19.2.4_react@19.2.4__react@19.2.4/node_modules/next/dist/next-devtools/shared/forward-logs-shared.js:27
[   10490ms] [LOG] [Fast Refresh] done in 36ms @ webpack-internal:///(app-pages-browser)/./node_modules/.pnpm/next@16.1.6_@babel+core@7.29.0_react-dom@19.2.4_react@19.2.4__react@19.2.4/node_modules/next/dist/next-devtools/shared/forward-logs-shared.js:27
[   10645ms] [LOG] [Fast Refresh] rebuilding @ webpack-internal:///(app-pages-browser)/./node_modules/.pnpm/next@16.1.6_@babel+core@7.29.0_react-dom@19.2.4_react@19.2.4__react@19.2.4/node_modules/next/dist/next-devtools/shared/forward-logs-shared.js:27
[   10691ms] [LOG] [Fast Refresh] done in 45ms @ webpack-internal:///(app-pages-browser)/./node_modules/.pnpm/next@16.1.6_@babel+core@7.29.0_react-dom@19.2.4_react@19.2.4__react@19.2.4/node_modules/next/dist/next-devtools/shared/forward-logs-shared.js:27
[   10838ms] [LOG] [Fast Refresh] rebuilding @ webpack-internal:///(app-pages-browser)/./node_modules/.pnpm/next@16.1.6_@babel+core@7.29.0_react-dom@19.2.4_react@19.2.4__react@19.2.4/node_modules/next/dist/next-devtools/shared/forward-logs-shared.js:27
[   10880ms] [LOG] [Fast Refresh] done in 42ms @ webpack-internal:///(app-pages-browser)/./node_modules/.pnpm/next@16.1.6_@babel+core@7.29.0_react-dom@19.2.4_react@19.2.4__react@19.2.4/node_modules/next/dist/next-devtools/shared/forward-logs-shared.js:27
[   11047ms] [LOG] [Fast Refresh] rebuilding @ webpack-internal:///(app-pages-browser)/./node_modules/.pnpm/next@16.1.6_@babel+core@7.29.0_react-dom@19.2.4_react@19.2.4__react@19.2.4/node_modules/next/dist/next-devtools/shared/forward-logs-shared.js:27
[   11091ms] [LOG] [Fast Refresh] done in 44ms @ webpack-internal:///(app-pages-browser)/./node_modules/.pnpm/next@16.1.6_@babel+core@7.29.0_react-dom@19.2.4_react@19.2.4__react@19.2.4/node_modules/next/dist/next-devtools/shared/forward-logs-shared.js:27
[   11252ms] [LOG] [Fast Refresh] rebuilding @ webpack-internal:///(app-pages-browser)/./node_modules/.pnpm/next@16.1.6_@babel+core@7.29.0_react-dom@19.2.4_react@19.2.4__react@19.2.4/node_modules/next/dist/next-devtools/shared/forward-logs-shared.js:27
[   11294ms] [LOG] [Fast Refresh] done in 41ms @ webpack-internal:///(app-pages-browser)/./node_modules/.pnpm/next@16.1.6_@babel+core@7.29.0_react-dom@19.2.4_react@19.2.4__react@19.2.4/node_modules/next/dist/next-devtools/shared/forward-logs-shared.js:27
[   11448ms] [LOG] [Fast Refresh] rebuilding @ webpack-internal:///(app-pages-browser)/./node_modules/.pnpm/next@16.1.6_@babel+core@7.29.0_react-dom@19.2.4_react@19.2.4__react@19.2.4/node_modules/next/dist/next-devtools/shared/forward-logs-shared.js:27
[   11493ms] [LOG] [Fast Refresh] done in 44ms @ webpack-internal:///(app-pages-browser)/./node_modules/.pnpm/next@16.1.6_@babel+core@7.29.0_react-dom@19.2.4_react@19.2.4__react@19.2.4/node_modules/next/dist/next-devtools/shared/forward-logs-shared.js:27
[   11650ms] [LOG] [Fast Refresh] rebuilding @ webpack-internal:///(app-pages-browser)/./node_modules/.pnpm/next@16.1.6_@babel+core@7.29.0_react-dom@19.2.4_react@19.2.4__react@19.2.4/node_modules/next/dist/next-devtools/shared/forward-logs-shared.js:27
[   11692ms] [LOG] [Fast Refresh] done in 41ms @ webpack-internal:///(app-pages-browser)/./node_modules/.pnpm/next@16.1.6_@babel+core@7.29.0_react-dom@19.2.4_react@19.2.4__react@19.2.4/node_modules/next/dist/next-devtools/shared/forward-logs-shared.js:27
[   11844ms] [LOG] [Fast Refresh] rebuilding @ webpack-internal:///(app-pages-browser)/./node_modules/.pnpm/next@16.1.6_@babel+core@7.29.0_react-dom@19.2.4_react@19.2.4__react@19.2.4/node_modules/next/dist/next-devtools/shared/forward-logs-shared.js:27
[   11889ms] [LOG] [Fast Refresh] done in 44ms @ webpack-internal:///(app-pages-browser)/./node_modules/.pnpm/next@16.1.6_@babel+core@7.29.0_react-dom@19.2.4_react@19.2.4__react@19.2.4/node_modules/next/dist/next-devtools/shared/forward-logs-shared.js:27
[   12054ms] [LOG] [Fast Refresh] rebuilding @ webpack-internal:///(app-pages-browser)/./node_modules/.pnpm/next@16.1.6_@babel+core@7.29.0_react-dom@19.2.4_react@19.2.4__react@19.2.4/node_modules/next/dist/next-devtools/shared/forward-logs-shared.js:27
[   12091ms] [LOG] [Fast Refresh] done in 37ms @ webpack-internal:///(app-pages-browser)/./node_modules/.pnpm/next@16.1.6_@babel+core@7.29.0_react-dom@19.2.4_react@19.2.4__react@19.2.4/node_modules/next/dist/next-devtools/shared/forward-logs-shared.js:27
[   12252ms] [LOG] [Fast Refresh] rebuilding @ webpack-internal:///(app-pages-browser)/./node_modules/.pnpm/next@16.1.6_@babel+core@7.29.0_react-dom@19.2.4_react@19.2.4__react@19.2.4/node_modules/next/dist/next-devtools/shared/forward-logs-shared.js:27
[   12298ms] [LOG] [Fast Refresh] done in 45ms @ webpack-internal:///(app-pages-browser)/./node_modules/.pnpm/next@16.1.6_@babel+core@7.29.0_react-dom@19.2.4_react@19.2.4__react@19.2.4/node_modules/next/dist/next-devtools/shared/forward-logs-shared.js:27
[   12441ms] [LOG] [Fast Refresh] rebuilding @ webpack-internal:///(app-pages-browser)/./node_modules/.pnpm/next@16.1.6_@babel+core@7.29.0_react-dom@19.2.4_react@19.2.4__react@19.2.4/node_modules/next/dist/next-devtools/shared/forward-logs-shared.js:27
[   12480ms] [LOG] [Fast Refresh] done in 39ms @ webpack-internal:///(app-pages-browser)/./node_modules/.pnpm/next@16.1.6_@babel+core@7.29.0_react-dom@19.2.4_react@19.2.4__react@19.2.4/node_modules/next/dist/next-devtools/shared/forward-logs-shared.js:27
[   12635ms] [LOG] [Fast Refresh] rebuilding @ webpack-internal:///(app-pages-browser)/./node_modules/.pnpm/next@16.1.6_@babel+core@7.29.0_react-dom@19.2.4_react@19.2.4__react@19.2.4/node_modules/next/dist/next-devtools/shared/forward-logs-shared.js:27
[   12681ms] [LOG] [Fast Refresh] done in 46ms @ webpack-internal:///(app-pages-browser)/./node_modules/.pnpm/next@16.1.6_@babel+core@7.29.0_react-dom@19.2.4_react@19.2.4__react@19.2.4/node_modules/next/dist/next-devtools/shared/forward-logs-shared.js:27
[   12831ms] [LOG] [Fast Refresh] rebuilding @ webpack-internal:///(app-pages-browser)/./node_modules/.pnpm/next@16.1.6_@babel+core@7.29.0_react-dom@19.2.4_react@19.2.4__react@19.2.4/node_modules/next/dist/next-devtools/shared/forward-logs-shared.js:27
[   12874ms] [LOG] [Fast Refresh] done in 43ms @ webpack-internal:///(app-pages-browser)/./node_modules/.pnpm/next@16.1.6_@babel+core@7.29.0_react-dom@19.2.4_react@19.2.4__react@19.2.4/node_modules/next/dist/next-devtools/shared/forward-logs-shared.js:27
[   13029ms] [LOG] [Fast Refresh] rebuilding @ webpack-internal:///(app-pages-browser)/./node_modules/.pnpm/next@16.1.6_@babel+core@7.29.0_react-dom@19.2.4_react@19.2.4__react@19.2.4/node_modules/next/dist/next-devtools/shared/forward-logs-shared.js:27
[   13075ms] [LOG] [Fast Refresh] done in 46ms @ webpack-internal:///(app-pages-browser)/./node_modules/.pnpm/next@16.1.6_@babel+core@7.29.0_react-dom@19.2.4_react@19.2.4__react@19.2.4/node_modules/next/dist/next-devtools/shared/forward-logs-shared.js:27
[   13222ms] [LOG] [Fast Refresh] rebuilding @ webpack-internal:///(app-pages-browser)/./node_modules/.pnpm/next@16.1.6_@babel+core@7.29.0_react-dom@19.2.4_react@19.2.4__react@19.2.4/node_modules/next/dist/next-devtools/shared/forward-logs-shared.js:27
[   13265ms] [LOG] [Fast Refresh] done in 44ms @ webpack-internal:///(app-pages-browser)/./node_modules/.pnpm/next@16.1.6_@babel+core@7.29.0_react-dom@19.2.4_react@19.2.4__react@19.2.4/node_modules/next/dist/next-devtools/shared/forward-logs-shared.js:27
[   13413ms] [LOG] [Fast Refresh] rebuilding @ webpack-internal:///(app-pages-browser)/./node_modules/.pnpm/next@16.1.6_@babel+core@7.29.0_react-dom@19.2.4_react@19.2.4__react@19.2.4/node_modules/next/dist/next-devtools/shared/forward-logs-shared.js:27
[   13459ms] [LOG] [Fast Refresh] done in 45ms @ webpack-internal:///(app-pages-browser)/./node_modules/.pnpm/next@16.1.6_@babel+core@7.29.0_react-dom@19.2.4_react@19.2.4__react@19.2.4/node_modules/next/dist/next-devtools/shared/forward-logs-shared.js:27
[   13611ms] [LOG] [Fast Refresh] rebuilding @ webpack-internal:///(app-pages-browser)/./node_modules/.pnpm/next@16.1.6_@babel+core@7.29.0_react-dom@19.2.4_react@19.2.4__react@19.2.4/node_modules/next/dist/next-devtools/shared/forward-logs-shared.js:27
[   13654ms] [LOG] [Fast Refresh] done in 43ms @ webpack-internal:///(app-pages-browser)/./node_modules/.pnpm/next@16.1.6_@babel+core@7.29.0_react-dom@19.2.4_react@19.2.4__react@19.2.4/node_modules/next/dist/next-devtools/shared/forward-logs-shared.js:27
[   13807ms] [LOG] [Fast Refresh] rebuilding @ webpack-internal:///(app-pages-browser)/./node_modules/.pnpm/next@16.1.6_@babel+core@7.29.0_react-dom@19.2.4_react@19.2.4__react@19.2.4/node_modules/next/dist/next-devtools/shared/forward-logs-shared.js:27
[   13843ms] [LOG] [Fast Refresh] done in 35ms @ webpack-internal:///(app-pages-browser)/./node_modules/.pnpm/next@16.1.6_@babel+core@7.29.0_react-dom@19.2.4_react@19.2.4__react@19.2.4/node_modules/next/dist/next-devtools/shared/forward-logs-shared.js:27
[   13996ms] [LOG] [Fast Refresh] rebuilding @ webpack-internal:///(app-pages-browser)/./node_modules/.pnpm/next@16.1.6_@babel+core@7.29.0_react-dom@19.2.4_react@19.2.4__react@19.2.4/node_modules/next/dist/next-devtools/shared/forward-logs-shared.js:27
[   14038ms] [LOG] [Fast Refresh] done in 41ms @ webpack-internal:///(app-pages-browser)/./node_modules/.pnpm/next@16.1.6_@babel+core@7.29.0_react-dom@19.2.4_react@19.2.4__react@19.2.4/node_modules/next/dist/next-devtools/shared/forward-logs-shared.js:27
[   14181ms] [LOG] [Fast Refresh] rebuilding @ webpack-internal:///(app-pages-browser)/./node_modules/.pnpm/next@16.1.6_@babel+core@7.29.0_react-dom@19.2.4_react@19.2.4__react@19.2.4/node_modules/next/dist/next-devtools/shared/forward-logs-shared.js:27
[   14218ms] [LOG] [Fast Refresh] done in 37ms @ webpack-internal:///(app-pages-browser)/./node_modules/.pnpm/next@16.1.6_@babel+core@7.29.0_react-dom@19.2.4_react@19.2.4__react@19.2.4/node_modules/next/dist/next-devtools/shared/forward-logs-shared.js:27
[   14376ms] [LOG] [Fast Refresh] rebuilding @ webpack-internal:///(app-pages-browser)/./node_modules/.pnpm/next@16.1.6_@babel+core@7.29.0_react-dom@19.2.4_react@19.2.4__react@19.2.4/node_modules/next/dist/next-devtools/shared/forward-logs-shared.js:27
[   14421ms] [LOG] [Fast Refresh] done in 45ms @ webpack-internal:///(app-pages-browser)/./node_modules/.pnpm/next@16.1.6_@babel+core@7.29.0_react-dom@19.2.4_react@19.2.4__react@19.2.4/node_modules/next/dist/next-devtools/shared/forward-logs-shared.js:27
[   14591ms] [LOG] [Fast Refresh] rebuilding @ webpack-internal:///(app-pages-browser)/./node_modules/.pnpm/next@16.1.6_@babel+core@7.29.0_react-dom@19.2.4_react@19.2.4__react@19.2.4/node_modules/next/dist/next-devtools/shared/forward-logs-shared.js:27
[   14637ms] [LOG] [Fast Refresh] done in 45ms @ webpack-internal:///(app-pages-browser)/./node_modules/.pnpm/next@16.1.6_@babel+core@7.29.0_react-dom@19.2.4_react@19.2.4__react@19.2.4/node_modules/next/dist/next-devtools/shared/forward-logs-shared.js:27
[   14783ms] [LOG] [Fast Refresh] rebuilding @ webpack-internal:///(app-pages-browser)/./node_modules/.pnpm/next@16.1.6_@babel+core@7.29.0_react-dom@19.2.4_react@19.2.4__react@19.2.4/node_modules/next/dist/next-devtools/shared/forward-logs-shared.js:27
[   14837ms] [LOG] [Fast Refresh] done in 54ms @ webpack-internal:///(app-pages-browser)/./node_modules/.pnpm/next@16.1.6_@babel+core@7.29.0_react-dom@19.2.4_react@19.2.4__react@19.2.4/node_modules/next/dist/next-devtools/shared/forward-logs-shared.js:27
[   14982ms] [LOG] [Fast Refresh] rebuilding @ webpack-internal:///(app-pages-browser)/./node_modules/.pnpm/next@16.1.6_@babel+core@7.29.0_react-dom@19.2.4_react@19.2.4__react@19.2.4/node_modules/next/dist/next-devtools/shared/forward-logs-shared.js:27
[   15022ms] [LOG] [Fast Refresh] done in 41ms @ webpack-internal:///(app-pages-browser)/./node_modules/.pnpm/next@16.1.6_@babel+core@7.29.0_react-dom@19.2.4_react@19.2.4__react@19.2.4/node_modules/next/dist/next-devtools/shared/forward-logs-shared.js:27
[   15220ms] [LOG] [Fast Refresh] rebuilding @ webpack-internal:///(app-pages-browser)/./node_modules/.pnpm/next@16.1.6_@babel+core@7.29.0_react-dom@19.2.4_react@19.2.4__react@19.2.4/node_modules/next/dist/next-devtools/shared/forward-logs-shared.js:27
[   15314ms] [LOG] [Fast Refresh] done in 93ms @ webpack-internal:///(app-pages-browser)/./node_modules/.pnpm/next@16.1.6_@babel+core@7.29.0_react-dom@19.2.4_react@19.2.4__react@19.2.4/node_modules/next/dist/next-devtools/shared/forward-logs-shared.js:27
[   15383ms] [LOG] [Fast Refresh] rebuilding @ webpack-internal:///(app-pages-browser)/./node_modules/.pnpm/next@16.1.6_@babel+core@7.29.0_react-dom@19.2.4_react@19.2.4__react@19.2.4/node_modules/next/dist/next-devtools/shared/forward-logs-shared.js:27
[   15432ms] [LOG] [Fast Refresh] done in 48ms @ webpack-internal:///(app-pages-browser)/./node_modules/.pnpm/next@16.1.6_@babel+core@7.29.0_react-dom@19.2.4_react@19.2.4__react@19.2.4/node_modules/next/dist/next-devtools/shared/forward-logs-shared.js:27
[   15595ms] [LOG] [Fast Refresh] rebuilding @ webpack-internal:///(app-pages-browser)/./node_modules/.pnpm/next@16.1.6_@babel+core@7.29.0_react-dom@19.2.4_react@19.2.4__react@19.2.4/node_modules/next/dist/next-devtools/shared/forward-logs-shared.js:27
[   15638ms] [LOG] [Fast Refresh] done in 43ms @ webpack-internal:///(app-pages-browser)/./node_modules/.pnpm/next@16.1.6_@babel+core@7.29.0_react-dom@19.2.4_react@19.2.4__react@19.2.4/node_modules/next/dist/next-devtools/shared/forward-logs-shared.js:27
[   15804ms] [LOG] [Fast Refresh] rebuilding @ webpack-internal:///(app-pages-browser)/./node_modules/.pnpm/next@16.1.6_@babel+core@7.29.0_react-dom@19.2.4_react@19.2.4__react@19.2.4/node_modules/next/dist/next-devtools/shared/forward-logs-shared.js:27
[   15842ms] [LOG] [Fast Refresh] done in 38ms @ webpack-internal:///(app-pages-browser)/./node_modules/.pnpm/next@16.1.6_@babel+core@7.29.0_react-dom@19.2.4_react@19.2.4__react@19.2.4/node_modules/next/dist/next-devtools/shared/forward-logs-shared.js:27
[   15982ms] [LOG] [Fast Refresh] rebuilding @ webpack-internal:///(app-pages-browser)/./node_modules/.pnpm/next@16.1.6_@babel+core@7.29.0_react-dom@19.2.4_react@19.2.4__react@19.2.4/node_modules/next/dist/next-devtools/shared/forward-logs-shared.js:27
[   16021ms] [LOG] [Fast Refresh] done in 39ms @ webpack-internal:///(app-pages-browser)/./node_modules/.pnpm/next@16.1.6_@babel+core@7.29.0_react-dom@19.2.4_react@19.2.4__react@19.2.4/node_modules/next/dist/next-devtools/shared/forward-logs-shared.js:27
[   16173ms] [LOG] [Fast Refresh] rebuilding @ webpack-internal:///(app-pages-browser)/./node_modules/.pnpm/next@16.1.6_@babel+core@7.29.0_react-dom@19.2.4_react@19.2.4__react@19.2.4/node_modules/next/dist/next-devtools/shared/forward-logs-shared.js:27
[   16219ms] [LOG] [Fast Refresh] done in 45ms @ webpack-internal:///(app-pages-browser)/./node_modules/.pnpm/next@16.1.6_@babel+core@7.29.0_react-dom@19.2.4_react@19.2.4__react@19.2.4/node_modules/next/dist/next-devtools/shared/forward-logs-shared.js:27
[   16381ms] [LOG] [Fast Refresh] rebuilding @ webpack-internal:///(app-pages-browser)/./node_modules/.pnpm/next@16.1.6_@babel+core@7.29.0_react-dom@19.2.4_react@19.2.4__react@19.2.4/node_modules/next/dist/next-devtools/shared/forward-logs-shared.js:27
[   16426ms] [LOG] [Fast Refresh] done in 45ms @ webpack-internal:///(app-pages-browser)/./node_modules/.pnpm/next@16.1.6_@babel+core@7.29.0_react-dom@19.2.4_react@19.2.4__react@19.2.4/node_modules/next/dist/next-devtools/shared/forward-logs-shared.js:27
[   16597ms] [LOG] [Fast Refresh] rebuilding @ webpack-internal:///(app-pages-browser)/./node_modules/.pnpm/next@16.1.6_@babel+core@7.29.0_react-dom@19.2.4_react@19.2.4__react@19.2.4/node_modules/next/dist/next-devtools/shared/forward-logs-shared.js:27
[   16637ms] [LOG] [Fast Refresh] done in 41ms @ webpack-internal:///(app-pages-browser)/./node_modules/.pnpm/next@16.1.6_@babel+core@7.29.0_react-dom@19.2.4_react@19.2.4__react@19.2.4/node_modules/next/dist/next-devtools/shared/forward-logs-shared.js:27
[   16809ms] [LOG] [Fast Refresh] rebuilding @ webpack-internal:///(app-pages-browser)/./node_modules/.pnpm/next@16.1.6_@babel+core@7.29.0_react-dom@19.2.4_react@19.2.4__react@19.2.4/node_modules/next/dist/next-devtools/shared/forward-logs-shared.js:27
[   16855ms] [LOG] [Fast Refresh] done in 47ms @ webpack-internal:///(app-pages-browser)/./node_modules/.pnpm/next@16.1.6_@babel+core@7.29.0_react-dom@19.2.4_react@19.2.4__react@19.2.4/node_modules/next/dist/next-devtools/shared/forward-logs-shared.js:27
[   17008ms] [LOG] [Fast Refresh] rebuilding @ webpack-internal:///(app-pages-browser)/./node_modules/.pnpm/next@16.1.6_@babel+core@7.29.0_react-dom@19.2.4_react@19.2.4__react@19.2.4/node_modules/next/dist/next-devtools/shared/forward-logs-shared.js:27
[   17061ms] [LOG] [Fast Refresh] done in 53ms @ webpack-internal:///(app-pages-browser)/./node_modules/.pnpm/next@16.1.6_@babel+core@7.29.0_react-dom@19.2.4_react@19.2.4__react@19.2.4/node_modules/next/dist/next-devtools/shared/forward-logs-shared.js:27
[   17233ms] [LOG] [Fast Refresh] rebuilding @ webpack-internal:///(app-pages-browser)/./node_modules/.pnpm/next@16.1.6_@babel+core@7.29.0_react-dom@19.2.4_react@19.2.4__react@19.2.4/node_modules/next/dist/next-devtools/shared/forward-logs-shared.js:27
[   17287ms] [LOG] [Fast Refresh] done in 53ms @ webpack-internal:///(app-pages-browser)/./node_modules/.pnpm/next@16.1.6_@babel+core@7.29.0_react-dom@19.2.4_react@19.2.4__react@19.2.4/node_modules/next/dist/next-devtools/shared/forward-logs-shared.js:27
[   17463ms] [LOG] [Fast Refresh] rebuilding @ webpack-internal:///(app-pages-browser)/./node_modules/.pnpm/next@16.1.6_@babel+core@7.29.0_react-dom@19.2.4_react@19.2.4__react@19.2.4/node_modules/next/dist/next-devtools/shared/forward-logs-shared.js:27
[   17527ms] [LOG] [Fast Refresh] done in 64ms @ webpack-internal:///(app-pages-browser)/./node_modules/.pnpm/next@16.1.6_@babel+core@7.29.0_react-dom@19.2.4_react@19.2.4__react@19.2.4/node_modules/next/dist/next-devtools/shared/forward-logs-shared.js:27
[   17688ms] [LOG] [Fast Refresh] rebuilding @ webpack-internal:///(app-pages-browser)/./node_modules/.pnpm/next@16.1.6_@babel+core@7.29.0_react-dom@19.2.4_react@19.2.4__react@19.2.4/node_modules/next/dist/next-devtools/shared/forward-logs-shared.js:27
[   17742ms] [LOG] [Fast Refresh] done in 54ms @ webpack-internal:///(app-pages-browser)/./node_modules/.pnpm/next@16.1.6_@babel+core@7.29.0_react-dom@19.2.4_react@19.2.4__react@19.2.4/node_modules/next/dist/next-devtools/shared/forward-logs-shared.js:27
[   17914ms] [LOG] [Fast Refresh] rebuilding @ webpack-internal:///(app-pages-browser)/./node_modules/.pnpm/next@16.1.6_@babel+core@7.29.0_react-dom@19.2.4_react@19.2.4__react@19.2.4/node_modules/next/dist/next-devtools/shared/forward-logs-shared.js:27
[   17958ms] [LOG] [Fast Refresh] done in 43ms @ webpack-internal:///(app-pages-browser)/./node_modules/.pnpm/next@16.1.6_@babel+core@7.29.0_react-dom@19.2.4_react@19.2.4__react@19.2.4/node_modules/next/dist/next-devtools/shared/forward-logs-shared.js:27
[   18144ms] [LOG] [Fast Refresh] rebuilding @ webpack-internal:///(app-pages-browser)/./node_modules/.pnpm/next@16.1.6_@babel+core@7.29.0_react-dom@19.2.4_react@19.2.4__react@19.2.4/node_modules/next/dist/next-devtools/shared/forward-logs-shared.js:27
[   18188ms] [LOG] [Fast Refresh] done in 44ms @ webpack-internal:///(app-pages-browser)/./node_modules/.pnpm/next@16.1.6_@babel+core@7.29.0_react-dom@19.2.4_react@19.2.4__react@19.2.4/node_modules/next/dist/next-devtools/shared/forward-logs-shared.js:27
[   18370ms] [LOG] [Fast Refresh] rebuilding @ webpack-internal:///(app-pages-browser)/./node_modules/.pnpm/next@16.1.6_@babel+core@7.29.0_react-dom@19.2.4_react@19.2.4__react@19.2.4/node_modules/next/dist/next-devtools/shared/forward-logs-shared.js:27
[   18421ms] [LOG] [Fast Refresh] done in 50ms @ webpack-internal:///(app-pages-browser)/./node_modules/.pnpm/next@16.1.6_@babel+core@7.29.0_react-dom@19.2.4_react@19.2.4__react@19.2.4/node_modules/next/dist/next-devtools/shared/forward-logs-shared.js:27
[   18586ms] [LOG] [Fast Refresh] rebuilding @ webpack-internal:///(app-pages-browser)/./node_modules/.pnpm/next@16.1.6_@babel+core@7.29.0_react-dom@19.2.4_react@19.2.4__react@19.2.4/node_modules/next/dist/next-devtools/shared/forward-logs-shared.js:27
[   18637ms] [LOG] [Fast Refresh] done in 50ms @ webpack-internal:///(app-pages-browser)/./node_modules/.pnpm/next@16.1.6_@babel+core@7.29.0_react-dom@19.2.4_react@19.2.4__react@19.2.4/node_modules/next/dist/next-devtools/shared/forward-logs-shared.js:27
[   18813ms] [LOG] [Fast Refresh] rebuilding @ webpack-internal:///(app-pages-browser)/./node_modules/.pnpm/next@16.1.6_@babel+core@7.29.0_react-dom@19.2.4_react@19.2.4__react@19.2.4/node_modules/next/dist/next-devtools/shared/forward-logs-shared.js:27
[   18856ms] [LOG] [Fast Refresh] done in 43ms @ webpack-internal:///(app-pages-browser)/./node_modules/.pnpm/next@16.1.6_@babel+core@7.29.0_react-dom@19.2.4_react@19.2.4__react@19.2.4/node_modules/next/dist/next-devtools/shared/forward-logs-shared.js:27
[   19044ms] [LOG] [Fast Refresh] rebuilding @ webpack-internal:///(app-pages-browser)/./node_modules/.pnpm/next@16.1.6_@babel+core@7.29.0_react-dom@19.2.4_react@19.2.4__react@19.2.4/node_modules/next/dist/next-devtools/shared/forward-logs-shared.js:27
[   19089ms] [LOG] [Fast Refresh] done in 44ms @ webpack-internal:///(app-pages-browser)/./node_modules/.pnpm/next@16.1.6_@babel+core@7.29.0_react-dom@19.2.4_react@19.2.4__react@19.2.4/node_modules/next/dist/next-devtools/shared/forward-logs-shared.js:27
[   19258ms] [LOG] [Fast Refresh] rebuilding @ webpack-internal:///(app-pages-browser)/./node_modules/.pnpm/next@16.1.6_@babel+core@7.29.0_react-dom@19.2.4_react@19.2.4__react@19.2.4/node_modules/next/dist/next-devtools/shared/forward-logs-shared.js:27
[   19298ms] [LOG] [Fast Refresh] done in 41ms @ webpack-internal:///(app-pages-browser)/./node_modules/.pnpm/next@16.1.6_@babel+core@7.29.0_react-dom@19.2.4_react@19.2.4__react@19.2.4/node_modules/next/dist/next-devtools/shared/forward-logs-shared.js:27
[   19491ms] [LOG] [Fast Refresh] rebuilding @ webpack-internal:///(app-pages-browser)/./node_modules/.pnpm/next@16.1.6_@babel+core@7.29.0_react-dom@19.2.4_react@19.2.4__react@19.2.4/node_modules/next/dist/next-devtools/shared/forward-logs-shared.js:27
[   19654ms] [LOG] [Fast Refresh] done in 163ms @ webpack-internal:///(app-pages-browser)/./node_modules/.pnpm/next@16.1.6_@babel+core@7.29.0_react-dom@19.2.4_react@19.2.4__react@19.2.4/node_modules/next/dist/next-devtools/shared/forward-logs-shared.js:27
[   19843ms] [LOG] [Fast Refresh] rebuilding @ webpack-internal:///(app-pages-browser)/./node_modules/.pnpm/next@16.1.6_@babel+core@7.29.0_react-dom@19.2.4_react@19.2.4__react@19.2.4/node_modules/next/dist/next-devtools/shared/forward-logs-shared.js:27
[   19888ms] [LOG] [Fast Refresh] done in 44ms @ webpack-internal:///(app-pages-browser)/./node_modules/.pnpm/next@16.1.6_@babel+core@7.29.0_react-dom@19.2.4_react@19.2.4__react@19.2.4/node_modules/next/dist/next-devtools/shared/forward-logs-shared.js:27
[   20064ms] [LOG] [Fast Refresh] rebuilding @ webpack-internal:///(app-pages-browser)/./node_modules/.pnpm/next@16.1.6_@babel+core@7.29.0_react-dom@19.2.4_react@19.2.4__react@19.2.4/node_modules/next/dist/next-devtools/shared/forward-logs-shared.js:27
[   20111ms] [LOG] [Fast Refresh] done in 46ms @ webpack-internal:///(app-pages-browser)/./node_modules/.pnpm/next@16.1.6_@babel+core@7.29.0_react-dom@19.2.4_react@19.2.4__react@19.2.4/node_modules/next/dist/next-devtools/shared/forward-logs-shared.js:27
[   20284ms] [LOG] [Fast Refresh] rebuilding @ webpack-internal:///(app-pages-browser)/./node_modules/.pnpm/next@16.1.6_@babel+core@7.29.0_react-dom@19.2.4_react@19.2.4__react@19.2.4/node_modules/next/dist/next-devtools/shared/forward-logs-shared.js:27
[   20334ms] [LOG] [Fast Refresh] done in 50ms @ webpack-internal:///(app-pages-browser)/./node_modules/.pnpm/next@16.1.6_@babel+core@7.29.0_react-dom@19.2.4_react@19.2.4__react@19.2.4/node_modules/next/dist/next-devtools/shared/forward-logs-shared.js:27
[   20504ms] [LOG] [Fast Refresh] rebuilding @ webpack-internal:///(app-pages-browser)/./node_modules/.pnpm/next@16.1.6_@babel+core@7.29.0_react-dom@19.2.4_react@19.2.4__react@19.2.4/node_modules/next/dist/next-devtools/shared/forward-logs-shared.js:27
[   20551ms] [LOG] [Fast Refresh] done in 48ms @ webpack-internal:///(app-pages-browser)/./node_modules/.pnpm/next@16.1.6_@babel+core@7.29.0_react-dom@19.2.4_react@19.2.4__react@19.2.4/node_modules/next/dist/next-devtools/shared/forward-logs-shared.js:27
[   20710ms] [LOG] [Fast Refresh] rebuilding @ webpack-internal:///(app-pages-browser)/./node_modules/.pnpm/next@16.1.6_@babel+core@7.29.0_react-dom@19.2.4_react@19.2.4__react@19.2.4/node_modules/next/dist/next-devtools/shared/forward-logs-shared.js:27
[   20763ms] [LOG] [Fast Refresh] done in 53ms @ webpack-internal:///(app-pages-browser)/./node_modules/.pnpm/next@16.1.6_@babel+core@7.29.0_react-dom@19.2.4_react@19.2.4__react@19.2.4/node_modules/next/dist/next-devtools/shared/forward-logs-shared.js:27
[   20925ms] [LOG] [Fast Refresh] rebuilding @ webpack-internal:///(app-pages-browser)/./node_modules/.pnpm/next@16.1.6_@babel+core@7.29.0_react-dom@19.2.4_react@19.2.4__react@19.2.4/node_modules/next/dist/next-devtools/shared/forward-logs-shared.js:27
[   20974ms] [LOG] [Fast Refresh] done in 50ms @ webpack-internal:///(app-pages-browser)/./node_modules/.pnpm/next@16.1.6_@babel+core@7.29.0_react-dom@19.2.4_react@19.2.4__react@19.2.4/node_modules/next/dist/next-devtools/shared/forward-logs-shared.js:27
[   21135ms] [LOG] [Fast Refresh] rebuilding @ webpack-internal:///(app-pages-browser)/./node_modules/.pnpm/next@16.1.6_@babel+core@7.29.0_react-dom@19.2.4_react@19.2.4__react@19.2.4/node_modules/next/dist/next-devtools/shared/forward-logs-shared.js:27
[   21192ms] [LOG] [Fast Refresh] done in 57ms @ webpack-internal:///(app-pages-browser)/./node_modules/.pnpm/next@16.1.6_@babel+core@7.29.0_react-dom@19.2.4_react@19.2.4__react@19.2.4/node_modules/next/dist/next-devtools/shared/forward-logs-shared.js:27
[   21355ms] [LOG] [Fast Refresh] rebuilding @ webpack-internal:///(app-pages-browser)/./node_modules/.pnpm/next@16.1.6_@babel+core@7.29.0_react-dom@19.2.4_react@19.2.4__react@19.2.4/node_modules/next/dist/next-devtools/shared/forward-logs-shared.js:27
[   21403ms] [LOG] [Fast Refresh] done in 48ms @ webpack-internal:///(app-pages-browser)/./node_modules/.pnpm/next@16.1.6_@babel+core@7.29.0_react-dom@19.2.4_react@19.2.4__react@19.2.4/node_modules/next/dist/next-devtools/shared/forward-logs-shared.js:27
[   21560ms] [LOG] [Fast Refresh] rebuilding @ webpack-internal:///(app-pages-browser)/./node_modules/.pnpm/next@16.1.6_@babel+core@7.29.0_react-dom@19.2.4_react@19.2.4__react@19.2.4/node_modules/next/dist/next-devtools/shared/forward-logs-shared.js:27
[   21611ms] [LOG] [Fast Refresh] done in 52ms @ webpack-internal:///(app-pages-browser)/./node_modules/.pnpm/next@16.1.6_@babel+core@7.29.0_react-dom@19.2.4_react@19.2.4__react@19.2.4/node_modules/next/dist/next-devtools/shared/forward-logs-shared.js:27
[   21774ms] [LOG] [Fast Refresh] rebuilding @ webpack-internal:///(app-pages-browser)/./node_modules/.pnpm/next@16.1.6_@babel+core@7.29.0_react-dom@19.2.4_react@19.2.4__react@19.2.4/node_modules/next/dist/next-devtools/shared/forward-logs-shared.js:27
[   21818ms] [LOG] [Fast Refresh] done in 44ms @ webpack-internal:///(app-pages-browser)/./node_modules/.pnpm/next@16.1.6_@babel+core@7.29.0_react-dom@19.2.4_react@19.2.4__react@19.2.4/node_modules/next/dist/next-devtools/shared/forward-logs-shared.js:27
[   21967ms] [LOG] [Fast Refresh] rebuilding @ webpack-internal:///(app-pages-browser)/./node_modules/.pnpm/next@16.1.6_@babel+core@7.29.0_react-dom@19.2.4_react@19.2.4__react@19.2.4/node_modules/next/dist/next-devtools/shared/forward-logs-shared.js:27
[   22019ms] [LOG] [Fast Refresh] done in 52ms @ webpack-internal:///(app-pages-browser)/./node_modules/.pnpm/next@16.1.6_@babel+core@7.29.0_react-dom@19.2.4_react@19.2.4__react@19.2.4/node_modules/next/dist/next-devtools/shared/forward-logs-shared.js:27
[   22177ms] [LOG] [Fast Refresh] rebuilding @ webpack-internal:///(app-pages-browser)/./node_modules/.pnpm/next@16.1.6_@babel+core@7.29.0_react-dom@19.2.4_react@19.2.4__react@19.2.4/node_modules/next/dist/next-devtools/shared/forward-logs-shared.js:27
[   22220ms] [LOG] [Fast Refresh] done in 43ms @ webpack-internal:///(app-pages-browser)/./node_modules/.pnpm/next@16.1.6_@babel+core@7.29.0_react-dom@19.2.4_react@19.2.4__react@19.2.4/node_modules/next/dist/next-devtools/shared/forward-logs-shared.js:27
[   22385ms] [LOG] [Fast Refresh] rebuilding @ webpack-internal:///(app-pages-browser)/./node_modules/.pnpm/next@16.1.6_@babel+core@7.29.0_react-dom@19.2.4_react@19.2.4__react@19.2.4/node_modules/next/dist/next-devtools/shared/forward-logs-shared.js:27
[   22436ms] [LOG] [Fast Refresh] done in 51ms @ webpack-internal:///(app-pages-browser)/./node_modules/.pnpm/next@16.1.6_@babel+core@7.29.0_react-dom@19.2.4_react@19.2.4__react@19.2.4/node_modules/next/dist/next-devtools/shared/forward-logs-shared.js:27
[   22587ms] [LOG] [Fast Refresh] rebuilding @ webpack-internal:///(app-pages-browser)/./node_modules/.pnpm/next@16.1.6_@babel+core@7.29.0_react-dom@19.2.4_react@19.2.4__react@19.2.4/node_modules/next/dist/next-devtools/shared/forward-logs-shared.js:27
[   22624ms] [LOG] [Fast Refresh] done in 38ms @ webpack-internal:///(app-pages-browser)/./node_modules/.pnpm/next@16.1.6_@babel+core@7.29.0_react-dom@19.2.4_react@19.2.4__react@19.2.4/node_modules/next/dist/next-devtools/shared/forward-logs-shared.js:27
[   22771ms] [LOG] [Fast Refresh] rebuilding @ webpack-internal:///(app-pages-browser)/./node_modules/.pnpm/next@16.1.6_@babel+core@7.29.0_react-dom@19.2.4_react@19.2.4__react@19.2.4/node_modules/next/dist/next-devtools/shared/forward-logs-shared.js:27
[   22850ms] [LOG] [Fast Refresh] done in 79ms @ webpack-internal:///(app-pages-browser)/./node_modules/.pnpm/next@16.1.6_@babel+core@7.29.0_react-dom@19.2.4_react@19.2.4__react@19.2.4/node_modules/next/dist/next-devtools/shared/forward-logs-shared.js:27
[   22944ms] [LOG] [Fast Refresh] rebuilding @ webpack-internal:///(app-pages-browser)/./node_modules/.pnpm/next@16.1.6_@babel+core@7.29.0_react-dom@19.2.4_react@19.2.4__react@19.2.4/node_modules/next/dist/next-devtools/shared/forward-logs-shared.js:27
[   22984ms] [LOG] [Fast Refresh] done in 40ms @ webpack-internal:///(app-pages-browser)/./node_modules/.pnpm/next@16.1.6_@babel+core@7.29.0_react-dom@19.2.4_react@19.2.4__react@19.2.4/node_modules/next/dist/next-devtools/shared/forward-logs-shared.js:27
[   23134ms] [LOG] [Fast Refresh] rebuilding @ webpack-internal:///(app-pages-browser)/./node_modules/.pnpm/next@16.1.6_@babel+core@7.29.0_react-dom@19.2.4_react@19.2.4__react@19.2.4/node_modules/next/dist/next-devtools/shared/forward-logs-shared.js:27
[   23181ms] [LOG] [Fast Refresh] done in 46ms @ webpack-internal:///(app-pages-browser)/./node_modules/.pnpm/next@16.1.6_@babel+core@7.29.0_react-dom@19.2.4_react@19.2.4__react@19.2.4/node_modules/next/dist/next-devtools/shared/forward-logs-shared.js:27
[   23320ms] [LOG] [Fast Refresh] rebuilding @ webpack-internal:///(app-pages-browser)/./node_modules/.pnpm/next@16.1.6_@babel+core@7.29.0_react-dom@19.2.4_react@19.2.4__react@19.2.4/node_modules/next/dist/next-devtools/shared/forward-logs-shared.js:27
[   23354ms] [LOG] [Fast Refresh] done in 35ms @ webpack-internal:///(app-pages-browser)/./node_modules/.pnpm/next@16.1.6_@babel+core@7.29.0_react-dom@19.2.4_react@19.2.4__react@19.2.4/node_modules/next/dist/next-devtools/shared/forward-logs-shared.js:27
[   23517ms] [LOG] [Fast Refresh] rebuilding @ webpack-internal:///(app-pages-browser)/./node_modules/.pnpm/next@16.1.6_@babel+core@7.29.0_react-dom@19.2.4_react@19.2.4__react@19.2.4/node_modules/next/dist/next-devtools/shared/forward-logs-shared.js:27
[   23564ms] [LOG] [Fast Refresh] done in 48ms @ webpack-internal:///(app-pages-browser)/./node_modules/.pnpm/next@16.1.6_@babel+core@7.29.0_react-dom@19.2.4_react@19.2.4__react@19.2.4/node_modules/next/dist/next-devtools/shared/forward-logs-shared.js:27
[   23705ms] [LOG] [Fast Refresh] rebuilding @ webpack-internal:///(app-pages-browser)/./node_modules/.pnpm/next@16.1.6_@babel+core@7.29.0_react-dom@19.2.4_react@19.2.4__react@19.2.4/node_modules/next/dist/next-devtools/shared/forward-logs-shared.js:27
[   23741ms] [LOG] [Fast Refresh] done in 36ms @ webpack-internal:///(app-pages-browser)/./node_modules/.pnpm/next@16.1.6_@babel+core@7.29.0_react-dom@19.2.4_react@19.2.4__react@19.2.4/node_modules/next/dist/next-devtools/shared/forward-logs-shared.js:27
[   23879ms] [LOG] [Fast Refresh] rebuilding @ webpack-internal:///(app-pages-browser)/./node_modules/.pnpm/next@16.1.6_@babel+core@7.29.0_react-dom@19.2.4_react@19.2.4__react@19.2.4/node_modules/next/dist/next-devtools/shared/forward-logs-shared.js:27
[   23932ms] [LOG] [Fast Refresh] done in 53ms @ webpack-internal:///(app-pages-browser)/./node_modules/.pnpm/next@16.1.6_@babel+core@7.29.0_react-dom@19.2.4_react@19.2.4__react@19.2.4/node_modules/next/dist/next-devtools/shared/forward-logs-shared.js:27
[   24098ms] [LOG] [Fast Refresh] rebuilding @ webpack-internal:///(app-pages-browser)/./node_modules/.pnpm/next@16.1.6_@babel+core@7.29.0_react-dom@19.2.4_react@19.2.4__react@19.2.4/node_modules/next/dist/next-devtools/shared/forward-logs-shared.js:27
[   24138ms] [LOG] [Fast Refresh] done in 40ms @ webpack-internal:///(app-pages-browser)/./node_modules/.pnpm/next@16.1.6_@babel+core@7.29.0_react-dom@19.2.4_react@19.2.4__react@19.2.4/node_modules/next/dist/next-devtools/shared/forward-logs-shared.js:27
[   24296ms] [LOG] [Fast Refresh] rebuilding @ webpack-internal:///(app-pages-browser)/./node_modules/.pnpm/next@16.1.6_@babel+core@7.29.0_react-dom@19.2.4_react@19.2.4__react@19.2.4/node_modules/next/dist/next-devtools/shared/forward-logs-shared.js:27
[   24337ms] [LOG] [Fast Refresh] done in 41ms @ webpack-internal:///(app-pages-browser)/./node_modules/.pnpm/next@16.1.6_@babel+core@7.29.0_react-dom@19.2.4_react@19.2.4__react@19.2.4/node_modules/next/dist/next-devtools/shared/forward-logs-shared.js:27
[   24475ms] [LOG] [Fast Refresh] rebuilding @ webpack-internal:///(app-pages-browser)/./node_modules/.pnpm/next@16.1.6_@babel+core@7.29.0_react-dom@19.2.4_react@19.2.4__react@19.2.4/node_modules/next/dist/next-devtools/shared/forward-logs-shared.js:27
[   24505ms] [LOG] [Fast Refresh] done in 31ms @ webpack-internal:///(app-pages-browser)/./node_modules/.pnpm/next@16.1.6_@babel+core@7.29.0_react-dom@19.2.4_react@19.2.4__react@19.2.4/node_modules/next/dist/next-devtools/shared/forward-logs-shared.js:27
[   24649ms] [LOG] [Fast Refresh] rebuilding @ webpack-internal:///(app-pages-browser)/./node_modules/.pnpm/next@16.1.6_@babel+core@7.29.0_react-dom@19.2.4_react@19.2.4__react@19.2.4/node_modules/next/dist/next-devtools/shared/forward-logs-shared.js:27
[   24685ms] [LOG] [Fast Refresh] done in 36ms @ webpack-internal:///(app-pages-browser)/./node_modules/.pnpm/next@16.1.6_@babel+core@7.29.0_react-dom@19.2.4_react@19.2.4__react@19.2.4/node_modules/next/dist/next-devtools/shared/forward-logs-shared.js:27
[   24831ms] [LOG] [Fast Refresh] rebuilding @ webpack-internal:///(app-pages-browser)/./node_modules/.pnpm/next@16.1.6_@babel+core@7.29.0_react-dom@19.2.4_react@19.2.4__react@19.2.4/node_modules/next/dist/next-devtools/shared/forward-logs-shared.js:27
[   24882ms] [LOG] [Fast Refresh] done in 50ms @ webpack-internal:///(app-pages-browser)/./node_modules/.pnpm/next@16.1.6_@babel+core@7.29.0_react-dom@19.2.4_react@19.2.4__react@19.2.4/node_modules/next/dist/next-devtools/shared/forward-logs-shared.js:27
[   25048ms] [LOG] [Fast Refresh] rebuilding @ webpack-internal:///(app-pages-browser)/./node_modules/.pnpm/next@16.1.6_@babel+core@7.29.0_react-dom@19.2.4_react@19.2.4__react@19.2.4/node_modules/next/dist/next-devtools/shared/forward-logs-shared.js:27
[   25090ms] [LOG] [Fast Refresh] done in 42ms @ webpack-internal:///(app-pages-browser)/./node_modules/.pnpm/next@16.1.6_@babel+core@7.29.0_react-dom@19.2.4_react@19.2.4__react@19.2.4/node_modules/next/dist/next-devtools/shared/forward-logs-shared.js:27
[   25253ms] [LOG] [Fast Refresh] rebuilding @ webpack-internal:///(app-pages-browser)/./node_modules/.pnpm/next@16.1.6_@babel+core@7.29.0_react-dom@19.2.4_react@19.2.4__react@19.2.4/node_modules/next/dist/next-devtools/shared/forward-logs-shared.js:27
[   25304ms] [LOG] [Fast Refresh] done in 51ms @ webpack-internal:///(app-pages-browser)/./node_modules/.pnpm/next@16.1.6_@babel+core@7.29.0_react-dom@19.2.4_react@19.2.4__react@19.2.4/node_modules/next/dist/next-devtools/shared/forward-logs-shared.js:27
[   25466ms] [LOG] [Fast Refresh] rebuilding @ webpack-internal:///(app-pages-browser)/./node_modules/.pnpm/next@16.1.6_@babel+core@7.29.0_react-dom@19.2.4_react@19.2.4__react@19.2.4/node_modules/next/dist/next-devtools/shared/forward-logs-shared.js:27
[   25510ms] [LOG] [Fast Refresh] done in 45ms @ webpack-internal:///(app-pages-browser)/./node_modules/.pnpm/next@16.1.6_@babel+core@7.29.0_react-dom@19.2.4_react@19.2.4__react@19.2.4/node_modules/next/dist/next-devtools/shared/forward-logs-shared.js:27
[   25675ms] [LOG] [Fast Refresh] rebuilding @ webpack-internal:///(app-pages-browser)/./node_modules/.pnpm/next@16.1.6_@babel+core@7.29.0_react-dom@19.2.4_react@19.2.4__react@19.2.4/node_modules/next/dist/next-devtools/shared/forward-logs-shared.js:27
[   25735ms] [LOG] [Fast Refresh] done in 60ms @ webpack-internal:///(app-pages-browser)/./node_modules/.pnpm/next@16.1.6_@babel+core@7.29.0_react-dom@19.2.4_react@19.2.4__react@19.2.4/node_modules/next/dist/next-devtools/shared/forward-logs-shared.js:27
[   25896ms] [LOG] [Fast Refresh] rebuilding @ webpack-internal:///(app-pages-browser)/./node_modules/.pnpm/next@16.1.6_@babel+core@7.29.0_react-dom@19.2.4_react@19.2.4__react@19.2.4/node_modules/next/dist/next-devtools/shared/forward-logs-shared.js:27
[   25941ms] [LOG] [Fast Refresh] done in 45ms @ webpack-internal:///(app-pages-browser)/./node_modules/.pnpm/next@16.1.6_@babel+core@7.29.0_react-dom@19.2.4_react@19.2.4__react@19.2.4/node_modules/next/dist/next-devtools/shared/forward-logs-shared.js:27
[   26111ms] [LOG] [Fast Refresh] rebuilding @ webpack-internal:///(app-pages-browser)/./node_modules/.pnpm/next@16.1.6_@babel+core@7.29.0_react-dom@19.2.4_react@19.2.4__react@19.2.4/node_modules/next/dist/next-devtools/shared/forward-logs-shared.js:27
[   26162ms] [LOG] [Fast Refresh] done in 51ms @ webpack-internal:///(app-pages-browser)/./node_modules/.pnpm/next@16.1.6_@babel+core@7.29.0_react-dom@19.2.4_react@19.2.4__react@19.2.4/node_modules/next/dist/next-devtools/shared/forward-logs-shared.js:27
[   26317ms] [LOG] [Fast Refresh] rebuilding @ webpack-internal:///(app-pages-browser)/./node_modules/.pnpm/next@16.1.6_@babel+core@7.29.0_react-dom@19.2.4_react@19.2.4__react@19.2.4/node_modules/next/dist/next-devtools/shared/forward-logs-shared.js:27
[   26362ms] [LOG] [Fast Refresh] done in 44ms @ webpack-internal:///(app-pages-browser)/./node_modules/.pnpm/next@16.1.6_@babel+core@7.29.0_react-dom@19.2.4_react@19.2.4__react@19.2.4/node_modules/next/dist/next-devtools/shared/forward-logs-shared.js:27
[   26519ms] [LOG] [Fast Refresh] rebuilding @ webpack-internal:///(app-pages-browser)/./node_modules/.pnpm/next@16.1.6_@babel+core@7.29.0_react-dom@19.2.4_react@19.2.4__react@19.2.4/node_modules/next/dist/next-devtools/shared/forward-logs-shared.js:27
[   26567ms] [LOG] [Fast Refresh] done in 48ms @ webpack-internal:///(app-pages-browser)/./node_modules/.pnpm/next@16.1.6_@babel+core@7.29.0_react-dom@19.2.4_react@19.2.4__react@19.2.4/node_modules/next/dist/next-devtools/shared/forward-logs-shared.js:27
[   26737ms] [LOG] [Fast Refresh] rebuilding @ webpack-internal:///(app-pages-browser)/./node_modules/.pnpm/next@16.1.6_@babel+core@7.29.0_react-dom@19.2.4_react@19.2.4__react@19.2.4/node_modules/next/dist/next-devtools/shared/forward-logs-shared.js:27
[   26783ms] [LOG] [Fast Refresh] done in 46ms @ webpack-internal:///(app-pages-browser)/./node_modules/.pnpm/next@16.1.6_@babel+core@7.29.0_react-dom@19.2.4_react@19.2.4__react@19.2.4/node_modules/next/dist/next-devtools/shared/forward-logs-shared.js:27
[   26942ms] [LOG] [Fast Refresh] rebuilding @ webpack-internal:///(app-pages-browser)/./node_modules/.pnpm/next@16.1.6_@babel+core@7.29.0_react-dom@19.2.4_react@19.2.4__react@19.2.4/node_modules/next/dist/next-devtools/shared/forward-logs-shared.js:27
[   26992ms] [LOG] [Fast Refresh] done in 49ms @ webpack-internal:///(app-pages-browser)/./node_modules/.pnpm/next@16.1.6_@babel+core@7.29.0_react-dom@19.2.4_react@19.2.4__react@19.2.4/node_modules/next/dist/next-devtools/shared/forward-logs-shared.js:27
[   27156ms] [LOG] [Fast Refresh] rebuilding @ webpack-internal:///(app-pages-browser)/./node_modules/.pnpm/next@16.1.6_@babel+core@7.29.0_react-dom@19.2.4_react@19.2.4__react@19.2.4/node_modules/next/dist/next-devtools/shared/forward-logs-shared.js:27
[   27206ms] [LOG] [Fast Refresh] done in 50ms @ webpack-internal:///(app-pages-browser)/./node_modules/.pnpm/next@16.1.6_@babel+core@7.29.0_react-dom@19.2.4_react@19.2.4__react@19.2.4/node_modules/next/dist/next-devtools/shared/forward-logs-shared.js:27
[   27356ms] [LOG] [Fast Refresh] rebuilding @ webpack-internal:///(app-pages-browser)/./node_modules/.pnpm/next@16.1.6_@babel+core@7.29.0_react-dom@19.2.4_react@19.2.4__react@19.2.4/node_modules/next/dist/next-devtools/shared/forward-logs-shared.js:27
[   27406ms] [LOG] [Fast Refresh] done in 51ms @ webpack-internal:///(app-pages-browser)/./node_modules/.pnpm/next@16.1.6_@babel+core@7.29.0_react-dom@19.2.4_react@19.2.4__react@19.2.4/node_modules/next/dist/next-devtools/shared/forward-logs-shared.js:27
[   27564ms] [LOG] [Fast Refresh] rebuilding @ webpack-internal:///(app-pages-browser)/./node_modules/.pnpm/next@16.1.6_@babel+core@7.29.0_react-dom@19.2.4_react@19.2.4__react@19.2.4/node_modules/next/dist/next-devtools/shared/forward-logs-shared.js:27
[   27607ms] [LOG] [Fast Refresh] done in 43ms @ webpack-internal:///(app-pages-browser)/./node_modules/.pnpm/next@16.1.6_@babel+core@7.29.0_react-dom@19.2.4_react@19.2.4__react@19.2.4/node_modules/next/dist/next-devtools/shared/forward-logs-shared.js:27
[   27773ms] [LOG] [Fast Refresh] rebuilding @ webpack-internal:///(app-pages-browser)/./node_modules/.pnpm/next@16.1.6_@babel+core@7.29.0_react-dom@19.2.4_react@19.2.4__react@19.2.4/node_modules/next/dist/next-devtools/shared/forward-logs-shared.js:27
[   27825ms] [LOG] [Fast Refresh] done in 52ms @ webpack-internal:///(app-pages-browser)/./node_modules/.pnpm/next@16.1.6_@babel+core@7.29.0_react-dom@19.2.4_react@19.2.4__react@19.2.4/node_modules/next/dist/next-devtools/shared/forward-logs-shared.js:27
[   27976ms] [LOG] [Fast Refresh] rebuilding @ webpack-internal:///(app-pages-browser)/./node_modules/.pnpm/next@16.1.6_@babel+core@7.29.0_react-dom@19.2.4_react@19.2.4__react@19.2.4/node_modules/next/dist/next-devtools/shared/forward-logs-shared.js:27
[   28021ms] [LOG] [Fast Refresh] done in 44ms @ webpack-internal:///(app-pages-browser)/./node_modules/.pnpm/next@16.1.6_@babel+core@7.29.0_react-dom@19.2.4_react@19.2.4__react@19.2.4/node_modules/next/dist/next-devtools/shared/forward-logs-shared.js:27
[   28188ms] [LOG] [Fast Refresh] rebuilding @ webpack-internal:///(app-pages-browser)/./node_modules/.pnpm/next@16.1.6_@babel+core@7.29.0_react-dom@19.2.4_react@19.2.4__react@19.2.4/node_modules/next/dist/next-devtools/shared/forward-logs-shared.js:27
[   28243ms] [LOG] [Fast Refresh] done in 54ms @ webpack-internal:///(app-pages-browser)/./node_modules/.pnpm/next@16.1.6_@babel+core@7.29.0_react-dom@19.2.4_react@19.2.4__react@19.2.4/node_modules/next/dist/next-devtools/shared/forward-logs-shared.js:27
[   28419ms] [LOG] [Fast Refresh] rebuilding @ webpack-internal:///(app-pages-browser)/./node_modules/.pnpm/next@16.1.6_@babel+core@7.29.0_react-dom@19.2.4_react@19.2.4__react@19.2.4/node_modules/next/dist/next-devtools/shared/forward-logs-shared.js:27
[   28472ms] [LOG] [Fast Refresh] done in 54ms @ webpack-internal:///(app-pages-browser)/./node_modules/.pnpm/next@16.1.6_@babel+core@7.29.0_react-dom@19.2.4_react@19.2.4__react@19.2.4/node_modules/next/dist/next-devtools/shared/forward-logs-shared.js:27
[   28721ms] [LOG] [Fast Refresh] rebuilding @ webpack-internal:///(app-pages-browser)/./node_modules/.pnpm/next@16.1.6_@babel+core@7.29.0_react-dom@19.2.4_react@19.2.4__react@19.2.4/node_modules/next/dist/next-devtools/shared/forward-logs-shared.js:27
[   28768ms] [LOG] [Fast Refresh] done in 46ms @ webpack-internal:///(app-pages-browser)/./node_modules/.pnpm/next@16.1.6_@babel+core@7.29.0_react-dom@19.2.4_react@19.2.4__react@19.2.4/node_modules/next/dist/next-devtools/shared/forward-logs-shared.js:27
[   28944ms] [LOG] [Fast Refresh] rebuilding @ webpack-internal:///(app-pages-browser)/./node_modules/.pnpm/next@16.1.6_@babel+core@7.29.0_react-dom@19.2.4_react@19.2.4__react@19.2.4/node_modules/next/dist/next-devtools/shared/forward-logs-shared.js:27
[   28989ms] [LOG] [Fast Refresh] done in 45ms @ webpack-internal:///(app-pages-browser)/./node_modules/.pnpm/next@16.1.6_@babel+core@7.29.0_react-dom@19.2.4_react@19.2.4__react@19.2.4/node_modules/next/dist/next-devtools/shared/forward-logs-shared.js:27
[   29151ms] [LOG] [Fast Refresh] rebuilding @ webpack-internal:///(app-pages-browser)/./node_modules/.pnpm/next@16.1.6_@babel+core@7.29.0_react-dom@19.2.4_react@19.2.4__react@19.2.4/node_modules/next/dist/next-devtools/shared/forward-logs-shared.js:27
[   29205ms] [LOG] [Fast Refresh] done in 53ms @ webpack-internal:///(app-pages-browser)/./node_modules/.pnpm/next@16.1.6_@babel+core@7.29.0_react-dom@19.2.4_react@19.2.4__react@19.2.4/node_modules/next/dist/next-devtools/shared/forward-logs-shared.js:27
[   29371ms] [LOG] [Fast Refresh] rebuilding @ webpack-internal:///(app-pages-browser)/./node_modules/.pnpm/next@16.1.6_@babel+core@7.29.0_react-dom@19.2.4_react@19.2.4__react@19.2.4/node_modules/next/dist/next-devtools/shared/forward-logs-shared.js:27
[   29416ms] [LOG] [Fast Refresh] done in 46ms @ webpack-internal:///(app-pages-browser)/./node_modules/.pnpm/next@16.1.6_@babel+core@7.29.0_react-dom@19.2.4_react@19.2.4__react@19.2.4/node_modules/next/dist/next-devtools/shared/forward-logs-shared.js:27
[   29584ms] [LOG] [Fast Refresh] rebuilding @ webpack-internal:///(app-pages-browser)/./node_modules/.pnpm/next@16.1.6_@babel+core@7.29.0_react-dom@19.2.4_react@19.2.4__react@19.2.4/node_modules/next/dist/next-devtools/shared/forward-logs-shared.js:27
[   29641ms] [LOG] [Fast Refresh] done in 57ms @ webpack-internal:///(app-pages-browser)/./node_modules/.pnpm/next@16.1.6_@babel+core@7.29.0_react-dom@19.2.4_react@19.2.4__react@19.2.4/node_modules/next/dist/next-devtools/shared/forward-logs-shared.js:27
[   29803ms] [LOG] [Fast Refresh] rebuilding @ webpack-internal:///(app-pages-browser)/./node_modules/.pnpm/next@16.1.6_@babel+core@7.29.0_react-dom@19.2.4_react@19.2.4__react@19.2.4/node_modules/next/dist/next-devtools/shared/forward-logs-shared.js:27
[   29847ms] [LOG] [Fast Refresh] done in 44ms @ webpack-internal:///(app-pages-browser)/./node_modules/.pnpm/next@16.1.6_@babel+core@7.29.0_react-dom@19.2.4_react@19.2.4__react@19.2.4/node_modules/next/dist/next-devtools/shared/forward-logs-shared.js:27
[   30014ms] [LOG] [Fast Refresh] rebuilding @ webpack-internal:///(app-pages-browser)/./node_modules/.pnpm/next@16.1.6_@babel+core@7.29.0_react-dom@19.2.4_react@19.2.4__react@19.2.4/node_modules/next/dist/next-devtools/shared/forward-logs-shared.js:27
[   30066ms] [LOG] [Fast Refresh] done in 51ms @ webpack-internal:///(app-pages-browser)/./node_modules/.pnpm/next@16.1.6_@babel+core@7.29.0_react-dom@19.2.4_react@19.2.4__react@19.2.4/node_modules/next/dist/next-devtools/shared/forward-logs-shared.js:27
[   30229ms] [LOG] [Fast Refresh] rebuilding @ webpack-internal:///(app-pages-browser)/./node_modules/.pnpm/next@16.1.6_@babel+core@7.29.0_react-dom@19.2.4_react@19.2.4__react@19.2.4/node_modules/next/dist/next-devtools/shared/forward-logs-shared.js:27
[   30266ms] [LOG] [Fast Refresh] done in 38ms @ webpack-internal:///(app-pages-browser)/./node_modules/.pnpm/next@16.1.6_@babel+core@7.29.0_react-dom@19.2.4_react@19.2.4__react@19.2.4/node_modules/next/dist/next-devtools/shared/forward-logs-shared.js:27
[   30446ms] [LOG] [Fast Refresh] rebuilding @ webpack-internal:///(app-pages-browser)/./node_modules/.pnpm/next@16.1.6_@babel+core@7.29.0_react-dom@19.2.4_react@19.2.4__react@19.2.4/node_modules/next/dist/next-devtools/shared/forward-logs-shared.js:27
[   30497ms] [LOG] [Fast Refresh] done in 51ms @ webpack-internal:///(app-pages-browser)/./node_modules/.pnpm/next@16.1.6_@babel+core@7.29.0_react-dom@19.2.4_react@19.2.4__react@19.2.4/node_modules/next/dist/next-devtools/shared/forward-logs-shared.js:27
[   30657ms] [LOG] [Fast Refresh] rebuilding @ webpack-internal:///(app-pages-browser)/./node_modules/.pnpm/next@16.1.6_@babel+core@7.29.0_react-dom@19.2.4_react@19.2.4__react@19.2.4/node_modules/next/dist/next-devtools/shared/forward-logs-shared.js:27
[   30698ms] [LOG] [Fast Refresh] done in 41ms @ webpack-internal:///(app-pages-browser)/./node_modules/.pnpm/next@16.1.6_@babel+core@7.29.0_react-dom@19.2.4_react@19.2.4__react@19.2.4/node_modules/next/dist/next-devtools/shared/forward-logs-shared.js:27
[   30862ms] [LOG] [Fast Refresh] rebuilding @ webpack-internal:///(app-pages-browser)/./node_modules/.pnpm/next@16.1.6_@babel+core@7.29.0_react-dom@19.2.4_react@19.2.4__react@19.2.4/node_modules/next/dist/next-devtools/shared/forward-logs-shared.js:27
[   30918ms] [LOG] [Fast Refresh] done in 57ms @ webpack-internal:///(app-pages-browser)/./node_modules/.pnpm/next@16.1.6_@babel+core@7.29.0_react-dom@19.2.4_react@19.2.4__react@19.2.4/node_modules/next/dist/next-devtools/shared/forward-logs-shared.js:27
[   31088ms] [LOG] [Fast Refresh] rebuilding @ webpack-internal:///(app-pages-browser)/./node_modules/.pnpm/next@16.1.6_@babel+core@7.29.0_react-dom@19.2.4_react@19.2.4__react@19.2.4/node_modules/next/dist/next-devtools/shared/forward-logs-shared.js:27
[   31129ms] [LOG] [Fast Refresh] done in 40ms @ webpack-internal:///(app-pages-browser)/./node_modules/.pnpm/next@16.1.6_@babel+core@7.29.0_react-dom@19.2.4_react@19.2.4__react@19.2.4/node_modules/next/dist/next-devtools/shared/forward-logs-shared.js:27
[   31294ms] [LOG] [Fast Refresh] rebuilding @ webpack-internal:///(app-pages-browser)/./node_modules/.pnpm/next@16.1.6_@babel+core@7.29.0_react-dom@19.2.4_react@19.2.4__react@19.2.4/node_modules/next/dist/next-devtools/shared/forward-logs-shared.js:27
[   31347ms] [LOG] [Fast Refresh] done in 54ms @ webpack-internal:///(app-pages-browser)/./node_modules/.pnpm/next@16.1.6_@babel+core@7.29.0_react-dom@19.2.4_react@19.2.4__react@19.2.4/node_modules/next/dist/next-devtools/shared/forward-logs-shared.js:27
[   31521ms] [LOG] [Fast Refresh] rebuilding @ webpack-internal:///(app-pages-browser)/./node_modules/.pnpm/next@16.1.6_@babel+core@7.29.0_react-dom@19.2.4_react@19.2.4__react@19.2.4/node_modules/next/dist/next-devtools/shared/forward-logs-shared.js:27
[   31559ms] [LOG] [Fast Refresh] done in 38ms @ webpack-internal:///(app-pages-browser)/./node_modules/.pnpm/next@16.1.6_@babel+core@7.29.0_react-dom@19.2.4_react@19.2.4__react@19.2.4/node_modules/next/dist/next-devtools/shared/forward-logs-shared.js:27
[   31729ms] [LOG] [Fast Refresh] rebuilding @ webpack-internal:///(app-pages-browser)/./node_modules/.pnpm/next@16.1.6_@babel+core@7.29.0_react-dom@19.2.4_react@19.2.4__react@19.2.4/node_modules/next/dist/next-devtools/shared/forward-logs-shared.js:27
[   31777ms] [LOG] [Fast Refresh] done in 48ms @ webpack-internal:///(app-pages-browser)/./node_modules/.pnpm/next@16.1.6_@babel+core@7.29.0_react-dom@19.2.4_react@19.2.4__react@19.2.4/node_modules/next/dist/next-devtools/shared/forward-logs-shared.js:27
[   31915ms] [LOG] [Fast Refresh] rebuilding @ webpack-internal:///(app-pages-browser)/./node_modules/.pnpm/next@16.1.6_@babel+core@7.29.0_react-dom@19.2.4_react@19.2.4__react@19.2.4/node_modules/next/dist/next-devtools/shared/forward-logs-shared.js:27
[   31951ms] [LOG] [Fast Refresh] done in 36ms @ webpack-internal:///(app-pages-browser)/./node_modules/.pnpm/next@16.1.6_@babel+core@7.29.0_react-dom@19.2.4_react@19.2.4__react@19.2.4/node_modules/next/dist/next-devtools/shared/forward-logs-shared.js:27
[   32118ms] [LOG] [Fast Refresh] rebuilding @ webpack-internal:///(app-pages-browser)/./node_modules/.pnpm/next@16.1.6_@babel+core@7.29.0_react-dom@19.2.4_react@19.2.4__react@19.2.4/node_modules/next/dist/next-devtools/shared/forward-logs-shared.js:27
[   32120ms] [LOG] [Fast Refresh] done in 2ms @ webpack-internal:///(app-pages-browser)/./node_modules/.pnpm/next@16.1.6_@babel+core@7.29.0_react-dom@19.2.4_react@19.2.4__react@19.2.4/node_modules/next/dist/next-devtools/shared/forward-logs-shared.js:27
[   32333ms] [LOG] [Fast Refresh] done in 215ms @ webpack-internal:///(app-pages-browser)/./node_modules/.pnpm/next@16.1.6_@babel+core@7.29.0_react-dom@19.2.4_react@19.2.4__react@19.2.4/node_modules/next/dist/next-devtools/shared/forward-logs-shared.js:27
[   32376ms] [LOG] [Fast Refresh] rebuilding @ webpack-internal:///(app-pages-browser)/./node_modules/.pnpm/next@16.1.6_@babel+core@7.29.0_react-dom@19.2.4_react@19.2.4__react@19.2.4/node_modules/next/dist/next-devtools/shared/forward-logs-shared.js:27
[   32537ms] [LOG] [Fast Refresh] rebuilding @ webpack-internal:///(app-pages-browser)/./node_modules/.pnpm/next@16.1.6_@babel+core@7.29.0_react-dom@19.2.4_react@19.2.4__react@19.2.4/node_modules/next/dist/next-devtools/shared/forward-logs-shared.js:27
[   32590ms] [LOG] [Fast Refresh] done in 53ms @ webpack-internal:///(app-pages-browser)/./node_modules/.pnpm/next@16.1.6_@babel+core@7.29.0_react-dom@19.2.4_react@19.2.4__react@19.2.4/node_modules/next/dist/next-devtools/shared/forward-logs-shared.js:27
[   32745ms] [LOG] [Fast Refresh] rebuilding @ webpack-internal:///(app-pages-browser)/./node_modules/.pnpm/next@16.1.6_@babel+core@7.29.0_react-dom@19.2.4_react@19.2.4__react@19.2.4/node_modules/next/dist/next-devtools/shared/forward-logs-shared.js:27
[   32785ms] [LOG] [Fast Refresh] done in 39ms @ webpack-internal:///(app-pages-browser)/./node_modules/.pnpm/next@16.1.6_@babel+core@7.29.0_react-dom@19.2.4_react@19.2.4__react@19.2.4/node_modules/next/dist/next-devtools/shared/forward-logs-shared.js:27
[   32947ms] [LOG] [Fast Refresh] rebuilding @ webpack-internal:///(app-pages-browser)/./node_modules/.pnpm/next@16.1.6_@babel+core@7.29.0_react-dom@19.2.4_react@19.2.4__react@19.2.4/node_modules/next/dist/next-devtools/shared/forward-logs-shared.js:27
[   33002ms] [LOG] [Fast Refresh] done in 55ms @ webpack-internal:///(app-pages-browser)/./node_modules/.pnpm/next@16.1.6_@babel+core@7.29.0_react-dom@19.2.4_react@19.2.4__react@19.2.4/node_modules/next/dist/next-devtools/shared/forward-logs-shared.js:27
[   33156ms] [LOG] [Fast Refresh] rebuilding @ webpack-internal:///(app-pages-browser)/./node_modules/.pnpm/next@16.1.6_@babel+core@7.29.0_react-dom@19.2.4_react@19.2.4__react@19.2.4/node_modules/next/dist/next-devtools/shared/forward-logs-shared.js:27
[   33199ms] [LOG] [Fast Refresh] done in 43ms @ webpack-internal:///(app-pages-browser)/./node_modules/.pnpm/next@16.1.6_@babel+core@7.29.0_react-dom@19.2.4_react@19.2.4__react@19.2.4/node_modules/next/dist/next-devtools/shared/forward-logs-shared.js:27
[   33358ms] [LOG] [Fast Refresh] rebuilding @ webpack-internal:///(app-pages-browser)/./node_modules/.pnpm/next@16.1.6_@babel+core@7.29.0_react-dom@19.2.4_react@19.2.4__react@19.2.4/node_modules/next/dist/next-devtools/shared/forward-logs-shared.js:27
[   33416ms] [LOG] [Fast Refresh] done in 57ms @ webpack-internal:///(app-pages-browser)/./node_modules/.pnpm/next@16.1.6_@babel+core@7.29.0_react-dom@19.2.4_react@19.2.4__react@19.2.4/node_modules/next/dist/next-devtools/shared/forward-logs-shared.js:27
[   33576ms] [LOG] [Fast Refresh] rebuilding @ webpack-internal:///(app-pages-browser)/./node_modules/.pnpm/next@16.1.6_@babel+core@7.29.0_react-dom@19.2.4_react@19.2.4__react@19.2.4/node_modules/next/dist/next-devtools/shared/forward-logs-shared.js:27
[   33618ms] [LOG] [Fast Refresh] done in 43ms @ webpack-internal:///(app-pages-browser)/./node_modules/.pnpm/next@16.1.6_@babel+core@7.29.0_react-dom@19.2.4_react@19.2.4__react@19.2.4/node_modules/next/dist/next-devtools/shared/forward-logs-shared.js:27
[   33775ms] [LOG] [Fast Refresh] rebuilding @ webpack-internal:///(app-pages-browser)/./node_modules/.pnpm/next@16.1.6_@babel+core@7.29.0_react-dom@19.2.4_react@19.2.4__react@19.2.4/node_modules/next/dist/next-devtools/shared/forward-logs-shared.js:27
[   33828ms] [LOG] [Fast Refresh] done in 53ms @ webpack-internal:///(app-pages-browser)/./node_modules/.pnpm/next@16.1.6_@babel+core@7.29.0_react-dom@19.2.4_react@19.2.4__react@19.2.4/node_modules/next/dist/next-devtools/shared/forward-logs-shared.js:27
[   33970ms] [LOG] [Fast Refresh] rebuilding @ webpack-internal:///(app-pages-browser)/./node_modules/.pnpm/next@16.1.6_@babel+core@7.29.0_react-dom@19.2.4_react@19.2.4__react@19.2.4/node_modules/next/dist/next-devtools/shared/forward-logs-shared.js:27
[   34010ms] [LOG] [Fast Refresh] done in 41ms @ webpack-internal:///(app-pages-browser)/./node_modules/.pnpm/next@16.1.6_@babel+core@7.29.0_react-dom@19.2.4_react@19.2.4__react@19.2.4/node_modules/next/dist/next-devtools/shared/forward-logs-shared.js:27
[   34175ms] [LOG] [Fast Refresh] rebuilding @ webpack-internal:///(app-pages-browser)/./node_modules/.pnpm/next@16.1.6_@babel+core@7.29.0_react-dom@19.2.4_react@19.2.4__react@19.2.4/node_modules/next/dist/next-devtools/shared/forward-logs-shared.js:27
[   34231ms] [LOG] [Fast Refresh] done in 56ms @ webpack-internal:///(app-pages-browser)/./node_modules/.pnpm/next@16.1.6_@babel+core@7.29.0_react-dom@19.2.4_react@19.2.4__react@19.2.4/node_modules/next/dist/next-devtools/shared/forward-logs-shared.js:27
[   34391ms] [LOG] [Fast Refresh] rebuilding @ webpack-internal:///(app-pages-browser)/./node_modules/.pnpm/next@16.1.6_@babel+core@7.29.0_react-dom@19.2.4_react@19.2.4__react@19.2.4/node_modules/next/dist/next-devtools/shared/forward-logs-shared.js:27
[   34438ms] [LOG] [Fast Refresh] done in 47ms @ webpack-internal:///(app-pages-browser)/./node_modules/.pnpm/next@16.1.6_@babel+core@7.29.0_react-dom@19.2.4_react@19.2.4__react@19.2.4/node_modules/next/dist/next-devtools/shared/forward-logs-shared.js:27
[   34600ms] [LOG] [Fast Refresh] rebuilding @ webpack-internal:///(app-pages-browser)/./node_modules/.pnpm/next@16.1.6_@babel+core@7.29.0_react-dom@19.2.4_react@19.2.4__react@19.2.4/node_modules/next/dist/next-devtools/shared/forward-logs-shared.js:27
[   34653ms] [LOG] [Fast Refresh] done in 54ms @ webpack-internal:///(app-pages-browser)/./node_modules/.pnpm/next@16.1.6_@babel+core@7.29.0_react-dom@19.2.4_react@19.2.4__react@19.2.4/node_modules/next/dist/next-devtools/shared/forward-logs-shared.js:27
[   34816ms] [LOG] [Fast Refresh] rebuilding @ webpack-internal:///(app-pages-browser)/./node_modules/.pnpm/next@16.1.6_@babel+core@7.29.0_react-dom@19.2.4_react@19.2.4__react@19.2.4/node_modules/next/dist/next-devtools/shared/forward-logs-shared.js:27
[   34859ms] [LOG] [Fast Refresh] done in 42ms @ webpack-internal:///(app-pages-browser)/./node_modules/.pnpm/next@16.1.6_@babel+core@7.29.0_react-dom@19.2.4_react@19.2.4__react@19.2.4/node_modules/next/dist/next-devtools/shared/forward-logs-shared.js:27
[   35017ms] [LOG] [Fast Refresh] rebuilding @ webpack-internal:///(app-pages-browser)/./node_modules/.pnpm/next@16.1.6_@babel+core@7.29.0_react-dom@19.2.4_react@19.2.4__react@19.2.4/node_modules/next/dist/next-devtools/shared/forward-logs-shared.js:27
[   35067ms] [LOG] [Fast Refresh] done in 51ms @ webpack-internal:///(app-pages-browser)/./node_modules/.pnpm/next@16.1.6_@babel+core@7.29.0_react-dom@19.2.4_react@19.2.4__react@19.2.4/node_modules/next/dist/next-devtools/shared/forward-logs-shared.js:27
[   35236ms] [LOG] [Fast Refresh] rebuilding @ webpack-internal:///(app-pages-browser)/./node_modules/.pnpm/next@16.1.6_@babel+core@7.29.0_react-dom@19.2.4_react@19.2.4__react@19.2.4/node_modules/next/dist/next-devtools/shared/forward-logs-shared.js:27
[   35282ms] [LOG] [Fast Refresh] done in 46ms @ webpack-internal:///(app-pages-browser)/./node_modules/.pnpm/next@16.1.6_@babel+core@7.29.0_react-dom@19.2.4_react@19.2.4__react@19.2.4/node_modules/next/dist/next-devtools/shared/forward-logs-shared.js:27
[   35427ms] [LOG] [Fast Refresh] rebuilding @ webpack-internal:///(app-pages-browser)/./node_modules/.pnpm/next@16.1.6_@babel+core@7.29.0_react-dom@19.2.4_react@19.2.4__react@19.2.4/node_modules/next/dist/next-devtools/shared/forward-logs-shared.js:27
[   35474ms] [LOG] [Fast Refresh] done in 47ms @ webpack-internal:///(app-pages-browser)/./node_modules/.pnpm/next@16.1.6_@babel+core@7.29.0_react-dom@19.2.4_react@19.2.4__react@19.2.4/node_modules/next/dist/next-devtools/shared/forward-logs-shared.js:27
[   35616ms] [LOG] [Fast Refresh] rebuilding @ webpack-internal:///(app-pages-browser)/./node_modules/.pnpm/next@16.1.6_@babel+core@7.29.0_react-dom@19.2.4_react@19.2.4__react@19.2.4/node_modules/next/dist/next-devtools/shared/forward-logs-shared.js:27
[   35659ms] [LOG] [Fast Refresh] done in 43ms @ webpack-internal:///(app-pages-browser)/./node_modules/.pnpm/next@16.1.6_@babel+core@7.29.0_react-dom@19.2.4_react@19.2.4__react@19.2.4/node_modules/next/dist/next-devtools/shared/forward-logs-shared.js:27
[   35815ms] [LOG] [Fast Refresh] rebuilding @ webpack-internal:///(app-pages-browser)/./node_modules/.pnpm/next@16.1.6_@babel+core@7.29.0_react-dom@19.2.4_react@19.2.4__react@19.2.4/node_modules/next/dist/next-devtools/shared/forward-logs-shared.js:27
[   35865ms] [LOG] [Fast Refresh] done in 49ms @ webpack-internal:///(app-pages-browser)/./node_modules/.pnpm/next@16.1.6_@babel+core@7.29.0_react-dom@19.2.4_react@19.2.4__react@19.2.4/node_modules/next/dist/next-devtools/shared/forward-logs-shared.js:27
[   36023ms] [LOG] [Fast Refresh] rebuilding @ webpack-internal:///(app-pages-browser)/./node_modules/.pnpm/next@16.1.6_@babel+core@7.29.0_react-dom@19.2.4_react@19.2.4__react@19.2.4/node_modules/next/dist/next-devtools/shared/forward-logs-shared.js:27
[   36065ms] [LOG] [Fast Refresh] done in 41ms @ webpack-internal:///(app-pages-browser)/./node_modules/.pnpm/next@16.1.6_@babel+core@7.29.0_react-dom@19.2.4_react@19.2.4__react@19.2.4/node_modules/next/dist/next-devtools/shared/forward-logs-shared.js:27
[   36225ms] [LOG] [Fast Refresh] rebuilding @ webpack-internal:///(app-pages-browser)/./node_modules/.pnpm/next@16.1.6_@babel+core@7.29.0_react-dom@19.2.4_react@19.2.4__react@19.2.4/node_modules/next/dist/next-devtools/shared/forward-logs-shared.js:27
[   36280ms] [LOG] [Fast Refresh] done in 54ms @ webpack-internal:///(app-pages-browser)/./node_modules/.pnpm/next@16.1.6_@babel+core@7.29.0_react-dom@19.2.4_react@19.2.4__react@19.2.4/node_modules/next/dist/next-devtools/shared/forward-logs-shared.js:27
[   36440ms] [LOG] [Fast Refresh] rebuilding @ webpack-internal:///(app-pages-browser)/./node_modules/.pnpm/next@16.1.6_@babel+core@7.29.0_react-dom@19.2.4_react@19.2.4__react@19.2.4/node_modules/next/dist/next-devtools/shared/forward-logs-shared.js:27
[   36486ms] [LOG] [Fast Refresh] done in 46ms @ webpack-internal:///(app-pages-browser)/./node_modules/.pnpm/next@16.1.6_@babel+core@7.29.0_react-dom@19.2.4_react@19.2.4__react@19.2.4/node_modules/next/dist/next-devtools/shared/forward-logs-shared.js:27
[   36646ms] [LOG] [Fast Refresh] rebuilding @ webpack-internal:///(app-pages-browser)/./node_modules/.pnpm/next@16.1.6_@babel+core@7.29.0_react-dom@19.2.4_react@19.2.4__react@19.2.4/node_modules/next/dist/next-devtools/shared/forward-logs-shared.js:27
[   36703ms] [LOG] [Fast Refresh] done in 57ms @ webpack-internal:///(app-pages-browser)/./node_modules/.pnpm/next@16.1.6_@babel+core@7.29.0_react-dom@19.2.4_react@19.2.4__react@19.2.4/node_modules/next/dist/next-devtools/shared/forward-logs-shared.js:27
[   36870ms] [LOG] [Fast Refresh] rebuilding @ webpack-internal:///(app-pages-browser)/./node_modules/.pnpm/next@16.1.6_@babel+core@7.29.0_react-dom@19.2.4_react@19.2.4__react@19.2.4/node_modules/next/dist/next-devtools/shared/forward-logs-shared.js:27
[   36911ms] [LOG] [Fast Refresh] done in 41ms @ webpack-internal:///(app-pages-browser)/./node_modules/.pnpm/next@16.1.6_@babel+core@7.29.0_react-dom@19.2.4_react@19.2.4__react@19.2.4/node_modules/next/dist/next-devtools/shared/forward-logs-shared.js:27
[   37068ms] [LOG] [Fast Refresh] rebuilding @ webpack-internal:///(app-pages-browser)/./node_modules/.pnpm/next@16.1.6_@babel+core@7.29.0_react-dom@19.2.4_react@19.2.4__react@19.2.4/node_modules/next/dist/next-devtools/shared/forward-logs-shared.js:27
[   37115ms] [LOG] [Fast Refresh] done in 47ms @ webpack-internal:///(app-pages-browser)/./node_modules/.pnpm/next@16.1.6_@babel+core@7.29.0_react-dom@19.2.4_react@19.2.4__react@19.2.4/node_modules/next/dist/next-devtools/shared/forward-logs-shared.js:27
[   37284ms] [LOG] [Fast Refresh] rebuilding @ webpack-internal:///(app-pages-browser)/./node_modules/.pnpm/next@16.1.6_@babel+core@7.29.0_react-dom@19.2.4_react@19.2.4__react@19.2.4/node_modules/next/dist/next-devtools/shared/forward-logs-shared.js:27
[   37324ms] [LOG] [Fast Refresh] done in 40ms @ webpack-internal:///(app-pages-browser)/./node_modules/.pnpm/next@16.1.6_@babel+core@7.29.0_react-dom@19.2.4_react@19.2.4__react@19.2.4/node_modules/next/dist/next-devtools/shared/forward-logs-shared.js:27
[   37484ms] [LOG] [Fast Refresh] rebuilding @ webpack-internal:///(app-pages-browser)/./node_modules/.pnpm/next@16.1.6_@babel+core@7.29.0_react-dom@19.2.4_react@19.2.4__react@19.2.4/node_modules/next/dist/next-devtools/shared/forward-logs-shared.js:27
[   37538ms] [LOG] [Fast Refresh] done in 53ms @ webpack-internal:///(app-pages-browser)/./node_modules/.pnpm/next@16.1.6_@babel+core@7.29.0_react-dom@19.2.4_react@19.2.4__react@19.2.4/node_modules/next/dist/next-devtools/shared/forward-logs-shared.js:27
[   37700ms] [LOG] [Fast Refresh] rebuilding @ webpack-internal:///(app-pages-browser)/./node_modules/.pnpm/next@16.1.6_@babel+core@7.29.0_react-dom@19.2.4_react@19.2.4__react@19.2.4/node_modules/next/dist/next-devtools/shared/forward-logs-shared.js:27
[   37745ms] [LOG] [Fast Refresh] done in 44ms @ webpack-internal:///(app-pages-browser)/./node_modules/.pnpm/next@16.1.6_@babel+core@7.29.0_react-dom@19.2.4_react@19.2.4__react@19.2.4/node_modules/next/dist/next-devtools/shared/forward-logs-shared.js:27
[   37935ms] [LOG] [Fast Refresh] rebuilding @ webpack-internal:///(app-pages-browser)/./node_modules/.pnpm/next@16.1.6_@babel+core@7.29.0_react-dom@19.2.4_react@19.2.4__react@19.2.4/node_modules/next/dist/next-devtools/shared/forward-logs-shared.js:27
[   38053ms] [LOG] [Fast Refresh] done in 118ms @ webpack-internal:///(app-pages-browser)/./node_modules/.pnpm/next@16.1.6_@babel+core@7.29.0_react-dom@19.2.4_react@19.2.4__react@19.2.4/node_modules/next/dist/next-devtools/shared/forward-logs-shared.js:27
[   38233ms] [LOG] [Fast Refresh] rebuilding @ webpack-internal:///(app-pages-browser)/./node_modules/.pnpm/next@16.1.6_@babel+core@7.29.0_react-dom@19.2.4_react@19.2.4__react@19.2.4/node_modules/next/dist/next-devtools/shared/forward-logs-shared.js:27
[   38275ms] [LOG] [Fast Refresh] done in 42ms @ webpack-internal:///(app-pages-browser)/./node_modules/.pnpm/next@16.1.6_@babel+core@7.29.0_react-dom@19.2.4_react@19.2.4__react@19.2.4/node_modules/next/dist/next-devtools/shared/forward-logs-shared.js:27
[   38445ms] [LOG] [Fast Refresh] rebuilding @ webpack-internal:///(app-pages-browser)/./node_modules/.pnpm/next@16.1.6_@babel+core@7.29.0_react-dom@19.2.4_react@19.2.4__react@19.2.4/node_modules/next/dist/next-devtools/shared/forward-logs-shared.js:27
[   38490ms] [LOG] [Fast Refresh] done in 45ms @ webpack-internal:///(app-pages-browser)/./node_modules/.pnpm/next@16.1.6_@babel+core@7.29.0_react-dom@19.2.4_react@19.2.4__react@19.2.4/node_modules/next/dist/next-devtools/shared/forward-logs-shared.js:27
[   38653ms] [LOG] [Fast Refresh] rebuilding @ webpack-internal:///(app-pages-browser)/./node_modules/.pnpm/next@16.1.6_@babel+core@7.29.0_react-dom@19.2.4_react@19.2.4__react@19.2.4/node_modules/next/dist/next-devtools/shared/forward-logs-shared.js:27
[   38705ms] [LOG] [Fast Refresh] done in 53ms @ webpack-internal:///(app-pages-browser)/./node_modules/.pnpm/next@16.1.6_@babel+core@7.29.0_react-dom@19.2.4_react@19.2.4__react@19.2.4/node_modules/next/dist/next-devtools/shared/forward-logs-shared.js:27
[   38876ms] [LOG] [Fast Refresh] rebuilding @ webpack-internal:///(app-pages-browser)/./node_modules/.pnpm/next@16.1.6_@babel+core@7.29.0_react-dom@19.2.4_react@19.2.4__react@19.2.4/node_modules/next/dist/next-devtools/shared/forward-logs-shared.js:27
[   38920ms] [LOG] [Fast Refresh] done in 45ms @ webpack-internal:///(app-pages-browser)/./node_modules/.pnpm/next@16.1.6_@babel+core@7.29.0_react-dom@19.2.4_react@19.2.4__react@19.2.4/node_modules/next/dist/next-devtools/shared/forward-logs-shared.js:27
[   39092ms] [LOG] [Fast Refresh] rebuilding @ webpack-internal:///(app-pages-browser)/./node_modules/.pnpm/next@16.1.6_@babel+core@7.29.0_react-dom@19.2.4_react@19.2.4__react@19.2.4/node_modules/next/dist/next-devtools/shared/forward-logs-shared.js:27
[   39148ms] [LOG] [Fast Refresh] done in 56ms @ webpack-internal:///(app-pages-browser)/./node_modules/.pnpm/next@16.1.6_@babel+core@7.29.0_react-dom@19.2.4_react@19.2.4__react@19.2.4/node_modules/next/dist/next-devtools/shared/forward-logs-shared.js:27
[   39318ms] [LOG] [Fast Refresh] rebuilding @ webpack-internal:///(app-pages-browser)/./node_modules/.pnpm/next@16.1.6_@babel+core@7.29.0_react-dom@19.2.4_react@19.2.4__react@19.2.4/node_modules/next/dist/next-devtools/shared/forward-logs-shared.js:27
[   39362ms] [LOG] [Fast Refresh] done in 44ms @ webpack-internal:///(app-pages-browser)/./node_modules/.pnpm/next@16.1.6_@babel+core@7.29.0_react-dom@19.2.4_react@19.2.4__react@19.2.4/node_modules/next/dist/next-devtools/shared/forward-logs-shared.js:27
[   39526ms] [LOG] [Fast Refresh] rebuilding @ webpack-internal:///(app-pages-browser)/./node_modules/.pnpm/next@16.1.6_@babel+core@7.29.0_react-dom@19.2.4_react@19.2.4__react@19.2.4/node_modules/next/dist/next-devtools/shared/forward-logs-shared.js:27
[   39581ms] [LOG] [Fast Refresh] done in 54ms @ webpack-internal:///(app-pages-browser)/./node_modules/.pnpm/next@16.1.6_@babel+core@7.29.0_react-dom@19.2.4_react@19.2.4__react@19.2.4/node_modules/next/dist/next-devtools/shared/forward-logs-shared.js:27
[   39742ms] [LOG] [Fast Refresh] rebuilding @ webpack-internal:///(app-pages-browser)/./node_modules/.pnpm/next@16.1.6_@babel+core@7.29.0_react-dom@19.2.4_react@19.2.4__react@19.2.4/node_modules/next/dist/next-devtools/shared/forward-logs-shared.js:27
[   39795ms] [LOG] [Fast Refresh] done in 52ms @ webpack-internal:///(app-pages-browser)/./node_modules/.pnpm/next@16.1.6_@babel+core@7.29.0_react-dom@19.2.4_react@19.2.4__react@19.2.4/node_modules/next/dist/next-devtools/shared/forward-logs-shared.js:27
[   39996ms] [LOG] [Fast Refresh] rebuilding @ webpack-internal:///(app-pages-browser)/./node_modules/.pnpm/next@16.1.6_@babel+core@7.29.0_react-dom@19.2.4_react@19.2.4__react@19.2.4/node_modules/next/dist/next-devtools/shared/forward-logs-shared.js:27
[   40026ms] [LOG] [Fast Refresh] done in 30ms @ webpack-internal:///(app-pages-browser)/./node_modules/.pnpm/next@16.1.6_@babel+core@7.29.0_react-dom@19.2.4_react@19.2.4__react@19.2.4/node_modules/next/dist/next-devtools/shared/forward-logs-shared.js:27
[   40378ms] [LOG] [Fast Refresh] done in 383ms @ webpack-internal:///(app-pages-browser)/./node_modules/.pnpm/next@16.1.6_@babel+core@7.29.0_react-dom@19.2.4_react@19.2.4__react@19.2.4/node_modules/next/dist/next-devtools/shared/forward-logs-shared.js:27
[   40384ms] [LOG] [Fast Refresh] rebuilding @ webpack-internal:///(app-pages-browser)/./node_modules/.pnpm/next@16.1.6_@babel+core@7.29.0_react-dom@19.2.4_react@19.2.4__react@19.2.4/node_modules/next/dist/next-devtools/shared/forward-logs-shared.js:27
[   40567ms] [LOG] [Fast Refresh] rebuilding @ webpack-internal:///(app-pages-browser)/./node_modules/.pnpm/next@16.1.6_@babel+core@7.29.0_react-dom@19.2.4_react@19.2.4__react@19.2.4/node_modules/next/dist/next-devtools/shared/forward-logs-shared.js:27
[   40614ms] [LOG] [Fast Refresh] done in 47ms @ webpack-internal:///(app-pages-browser)/./node_modules/.pnpm/next@16.1.6_@babel+core@7.29.0_react-dom@19.2.4_react@19.2.4__react@19.2.4/node_modules/next/dist/next-devtools/shared/forward-logs-shared.js:27
[   40793ms] [LOG] [Fast Refresh] rebuilding @ webpack-internal:///(app-pages-browser)/./node_modules/.pnpm/next@16.1.6_@babel+core@7.29.0_react-dom@19.2.4_react@19.2.4__react@19.2.4/node_modules/next/dist/next-devtools/shared/forward-logs-shared.js:27
[   40844ms] [LOG] [Fast Refresh] done in 52ms @ webpack-internal:///(app-pages-browser)/./node_modules/.pnpm/next@16.1.6_@babel+core@7.29.0_react-dom@19.2.4_react@19.2.4__react@19.2.4/node_modules/next/dist/next-devtools/shared/forward-logs-shared.js:27
[   41013ms] [LOG] [Fast Refresh] rebuilding @ webpack-internal:///(app-pages-browser)/./node_modules/.pnpm/next@16.1.6_@babel+core@7.29.0_react-dom@19.2.4_react@19.2.4__react@19.2.4/node_modules/next/dist/next-devtools/shared/forward-logs-shared.js:27
[   41057ms] [LOG] [Fast Refresh] done in 43ms @ webpack-internal:///(app-pages-browser)/./node_modules/.pnpm/next@16.1.6_@babel+core@7.29.0_react-dom@19.2.4_react@19.2.4__react@19.2.4/node_modules/next/dist/next-devtools/shared/forward-logs-shared.js:27
[   41222ms] [LOG] [Fast Refresh] rebuilding @ webpack-internal:///(app-pages-browser)/./node_modules/.pnpm/next@16.1.6_@babel+core@7.29.0_react-dom@19.2.4_react@19.2.4__react@19.2.4/node_modules/next/dist/next-devtools/shared/forward-logs-shared.js:27
[   41262ms] [LOG] [Fast Refresh] done in 40ms @ webpack-internal:///(app-pages-browser)/./node_modules/.pnpm/next@16.1.6_@babel+core@7.29.0_react-dom@19.2.4_react@19.2.4__react@19.2.4/node_modules/next/dist/next-devtools/shared/forward-logs-shared.js:27
[   41426ms] [LOG] [Fast Refresh] rebuilding @ webpack-internal:///(app-pages-browser)/./node_modules/.pnpm/next@16.1.6_@babel+core@7.29.0_react-dom@19.2.4_react@19.2.4__react@19.2.4/node_modules/next/dist/next-devtools/shared/forward-logs-shared.js:27
[   41472ms] [LOG] [Fast Refresh] done in 46ms @ webpack-internal:///(app-pages-browser)/./node_modules/.pnpm/next@16.1.6_@babel+core@7.29.0_react-dom@19.2.4_react@19.2.4__react@19.2.4/node_modules/next/dist/next-devtools/shared/forward-logs-shared.js:27
[   41635ms] [LOG] [Fast Refresh] rebuilding @ webpack-internal:///(app-pages-browser)/./node_modules/.pnpm/next@16.1.6_@babel+core@7.29.0_react-dom@19.2.4_react@19.2.4__react@19.2.4/node_modules/next/dist/next-devtools/shared/forward-logs-shared.js:27
[   41684ms] [LOG] [Fast Refresh] done in 50ms @ webpack-internal:///(app-pages-browser)/./node_modules/.pnpm/next@16.1.6_@babel+core@7.29.0_react-dom@19.2.4_react@19.2.4__react@19.2.4/node_modules/next/dist/next-devtools/shared/forward-logs-shared.js:27
[   41855ms] [LOG] [Fast Refresh] rebuilding @ webpack-internal:///(app-pages-browser)/./node_modules/.pnpm/next@16.1.6_@babel+core@7.29.0_react-dom@19.2.4_react@19.2.4__react@19.2.4/node_modules/next/dist/next-devtools/shared/forward-logs-shared.js:27
[   41897ms] [LOG] [Fast Refresh] done in 42ms @ webpack-internal:///(app-pages-browser)/./node_modules/.pnpm/next@16.1.6_@babel+core@7.29.0_react-dom@19.2.4_react@19.2.4__react@19.2.4/node_modules/next/dist/next-devtools/shared/forward-logs-shared.js:27
[   42063ms] [LOG] [Fast Refresh] rebuilding @ webpack-internal:///(app-pages-browser)/./node_modules/.pnpm/next@16.1.6_@babel+core@7.29.0_react-dom@19.2.4_react@19.2.4__react@19.2.4/node_modules/next/dist/next-devtools/shared/forward-logs-shared.js:27
[   42120ms] [LOG] [Fast Refresh] done in 58ms @ webpack-internal:///(app-pages-browser)/./node_modules/.pnpm/next@16.1.6_@babel+core@7.29.0_react-dom@19.2.4_react@19.2.4__react@19.2.4/node_modules/next/dist/next-devtools/shared/forward-logs-shared.js:27
[   42289ms] [LOG] [Fast Refresh] rebuilding @ webpack-internal:///(app-pages-browser)/./node_modules/.pnpm/next@16.1.6_@babel+core@7.29.0_react-dom@19.2.4_react@19.2.4__react@19.2.4/node_modules/next/dist/next-devtools/shared/forward-logs-shared.js:27
[   42327ms] [LOG] [Fast Refresh] done in 39ms @ webpack-internal:///(app-pages-browser)/./node_modules/.pnpm/next@16.1.6_@babel+core@7.29.0_react-dom@19.2.4_react@19.2.4__react@19.2.4/node_modules/next/dist/next-devtools/shared/forward-logs-shared.js:27
[   42495ms] [LOG] [Fast Refresh] rebuilding @ webpack-internal:///(app-pages-browser)/./node_modules/.pnpm/next@16.1.6_@babel+core@7.29.0_react-dom@19.2.4_react@19.2.4__react@19.2.4/node_modules/next/dist/next-devtools/shared/forward-logs-shared.js:27
[   42548ms] [LOG] [Fast Refresh] done in 54ms @ webpack-internal:///(app-pages-browser)/./node_modules/.pnpm/next@16.1.6_@babel+core@7.29.0_react-dom@19.2.4_react@19.2.4__react@19.2.4/node_modules/next/dist/next-devtools/shared/forward-logs-shared.js:27
[   42720ms] [LOG] [Fast Refresh] rebuilding @ webpack-internal:///(app-pages-browser)/./node_modules/.pnpm/next@16.1.6_@babel+core@7.29.0_react-dom@19.2.4_react@19.2.4__react@19.2.4/node_modules/next/dist/next-devtools/shared/forward-logs-shared.js:27
[   42764ms] [LOG] [Fast Refresh] done in 43ms @ webpack-internal:///(app-pages-browser)/./node_modules/.pnpm/next@16.1.6_@babel+core@7.29.0_react-dom@19.2.4_react@19.2.4__react@19.2.4/node_modules/next/dist/next-devtools/shared/forward-logs-shared.js:27
[   42942ms] [LOG] [Fast Refresh] rebuilding @ webpack-internal:///(app-pages-browser)/./node_modules/.pnpm/next@16.1.6_@babel+core@7.29.0_react-dom@19.2.4_react@19.2.4__react@19.2.4/node_modules/next/dist/next-devtools/shared/forward-logs-shared.js:27
[   42998ms] [LOG] [Fast Refresh] done in 56ms @ webpack-internal:///(app-pages-browser)/./node_modules/.pnpm/next@16.1.6_@babel+core@7.29.0_react-dom@19.2.4_react@19.2.4__react@19.2.4/node_modules/next/dist/next-devtools/shared/forward-logs-shared.js:27
[   43177ms] [LOG] [Fast Refresh] rebuilding @ webpack-internal:///(app-pages-browser)/./node_modules/.pnpm/next@16.1.6_@babel+core@7.29.0_react-dom@19.2.4_react@19.2.4__react@19.2.4/node_modules/next/dist/next-devtools/shared/forward-logs-shared.js:27
[   43224ms] [LOG] [Fast Refresh] done in 48ms @ webpack-internal:///(app-pages-browser)/./node_modules/.pnpm/next@16.1.6_@babel+core@7.29.0_react-dom@19.2.4_react@19.2.4__react@19.2.4/node_modules/next/dist/next-devtools/shared/forward-logs-shared.js:27
[   43399ms] [LOG] [Fast Refresh] rebuilding @ webpack-internal:///(app-pages-browser)/./node_modules/.pnpm/next@16.1.6_@babel+core@7.29.0_react-dom@19.2.4_react@19.2.4__react@19.2.4/node_modules/next/dist/next-devtools/shared/forward-logs-shared.js:27
[   43458ms] [LOG] [Fast Refresh] done in 59ms @ webpack-internal:///(app-pages-browser)/./node_modules/.pnpm/next@16.1.6_@babel+core@7.29.0_react-dom@19.2.4_react@19.2.4__react@19.2.4/node_modules/next/dist/next-devtools/shared/forward-logs-shared.js:27
[   43626ms] [LOG] [Fast Refresh] rebuilding @ webpack-internal:///(app-pages-browser)/./node_modules/.pnpm/next@16.1.6_@babel+core@7.29.0_react-dom@19.2.4_react@19.2.4__react@19.2.4/node_modules/next/dist/next-devtools/shared/forward-logs-shared.js:27
[   43668ms] [LOG] [Fast Refresh] done in 43ms @ webpack-internal:///(app-pages-browser)/./node_modules/.pnpm/next@16.1.6_@babel+core@7.29.0_react-dom@19.2.4_react@19.2.4__react@19.2.4/node_modules/next/dist/next-devtools/shared/forward-logs-shared.js:27
[   43842ms] [LOG] [Fast Refresh] rebuilding @ webpack-internal:///(app-pages-browser)/./node_modules/.pnpm/next@16.1.6_@babel+core@7.29.0_react-dom@19.2.4_react@19.2.4__react@19.2.4/node_modules/next/dist/next-devtools/shared/forward-logs-shared.js:27
[   43896ms] [LOG] [Fast Refresh] done in 54ms @ webpack-internal:///(app-pages-browser)/./node_modules/.pnpm/next@16.1.6_@babel+core@7.29.0_react-dom@19.2.4_react@19.2.4__react@19.2.4/node_modules/next/dist/next-devtools/shared/forward-logs-shared.js:27
[   44061ms] [LOG] [Fast Refresh] rebuilding @ webpack-internal:///(app-pages-browser)/./node_modules/.pnpm/next@16.1.6_@babel+core@7.29.0_react-dom@19.2.4_react@19.2.4__react@19.2.4/node_modules/next/dist/next-devtools/shared/forward-logs-shared.js:27
[   44107ms] [LOG] [Fast Refresh] done in 47ms @ webpack-internal:///(app-pages-browser)/./node_modules/.pnpm/next@16.1.6_@babel+core@7.29.0_react-dom@19.2.4_react@19.2.4__react@19.2.4/node_modules/next/dist/next-devtools/shared/forward-logs-shared.js:27
[   44271ms] [LOG] [Fast Refresh] rebuilding @ webpack-internal:///(app-pages-browser)/./node_modules/.pnpm/next@16.1.6_@babel+core@7.29.0_react-dom@19.2.4_react@19.2.4__react@19.2.4/node_modules/next/dist/next-devtools/shared/forward-logs-shared.js:27
[   44325ms] [LOG] [Fast Refresh] done in 53ms @ webpack-internal:///(app-pages-browser)/./node_modules/.pnpm/next@16.1.6_@babel+core@7.29.0_react-dom@19.2.4_react@19.2.4__react@19.2.4/node_modules/next/dist/next-devtools/shared/forward-logs-shared.js:27
[   44493ms] [LOG] [Fast Refresh] rebuilding @ webpack-internal:///(app-pages-browser)/./node_modules/.pnpm/next@16.1.6_@babel+core@7.29.0_react-dom@19.2.4_react@19.2.4__react@19.2.4/node_modules/next/dist/next-devtools/shared/forward-logs-shared.js:27
[   44530ms] [LOG] [Fast Refresh] done in 37ms @ webpack-internal:///(app-pages-browser)/./node_modules/.pnpm/next@16.1.6_@babel+core@7.29.0_react-dom@19.2.4_react@19.2.4__react@19.2.4/node_modules/next/dist/next-devtools/shared/forward-logs-shared.js:27
[   44694ms] [LOG] [Fast Refresh] rebuilding @ webpack-internal:///(app-pages-browser)/./node_modules/.pnpm/next@16.1.6_@babel+core@7.29.0_react-dom@19.2.4_react@19.2.4__react@19.2.4/node_modules/next/dist/next-devtools/shared/forward-logs-shared.js:27
[   44745ms] [LOG] [Fast Refresh] done in 50ms @ webpack-internal:///(app-pages-browser)/./node_modules/.pnpm/next@16.1.6_@babel+core@7.29.0_react-dom@19.2.4_react@19.2.4__react@19.2.4/node_modules/next/dist/next-devtools/shared/forward-logs-shared.js:27
[   44903ms] [LOG] [Fast Refresh] rebuilding @ webpack-internal:///(app-pages-browser)/./node_modules/.pnpm/next@16.1.6_@babel+core@7.29.0_react-dom@19.2.4_react@19.2.4__react@19.2.4/node_modules/next/dist/next-devtools/shared/forward-logs-shared.js:27
[   44947ms] [LOG] [Fast Refresh] done in 44ms @ webpack-internal:///(app-pages-browser)/./node_modules/.pnpm/next@16.1.6_@babel+core@7.29.0_react-dom@19.2.4_react@19.2.4__react@19.2.4/node_modules/next/dist/next-devtools/shared/forward-logs-shared.js:27
[   45112ms] [LOG] [Fast Refresh] rebuilding @ webpack-internal:///(app-pages-browser)/./node_modules/.pnpm/next@16.1.6_@babel+core@7.29.0_react-dom@19.2.4_react@19.2.4__react@19.2.4/node_modules/next/dist/next-devtools/shared/forward-logs-shared.js:27
[   45163ms] [LOG] [Fast Refresh] done in 51ms @ webpack-internal:///(app-pages-browser)/./node_modules/.pnpm/next@16.1.6_@babel+core@7.29.0_react-dom@19.2.4_react@19.2.4__react@19.2.4/node_modules/next/dist/next-devtools/shared/forward-logs-shared.js:27
[   45323ms] [LOG] [Fast Refresh] rebuilding @ webpack-internal:///(app-pages-browser)/./node_modules/.pnpm/next@16.1.6_@babel+core@7.29.0_react-dom@19.2.4_react@19.2.4__react@19.2.4/node_modules/next/dist/next-devtools/shared/forward-logs-shared.js:27
[   45371ms] [LOG] [Fast Refresh] done in 47ms @ webpack-internal:///(app-pages-browser)/./node_modules/.pnpm/next@16.1.6_@babel+core@7.29.0_react-dom@19.2.4_react@19.2.4__react@19.2.4/node_modules/next/dist/next-devtools/shared/forward-logs-shared.js:27
[   45533ms] [LOG] [Fast Refresh] rebuilding @ webpack-internal:///(app-pages-browser)/./node_modules/.pnpm/next@16.1.6_@babel+core@7.29.0_react-dom@19.2.4_react@19.2.4__react@19.2.4/node_modules/next/dist/next-devtools/shared/forward-logs-shared.js:27
[   45590ms] [LOG] [Fast Refresh] done in 57ms @ webpack-internal:///(app-pages-browser)/./node_modules/.pnpm/next@16.1.6_@babel+core@7.29.0_react-dom@19.2.4_react@19.2.4__react@19.2.4/node_modules/next/dist/next-devtools/shared/forward-logs-shared.js:27
[   45745ms] [LOG] [Fast Refresh] rebuilding @ webpack-internal:///(app-pages-browser)/./node_modules/.pnpm/next@16.1.6_@babel+core@7.29.0_react-dom@19.2.4_react@19.2.4__react@19.2.4/node_modules/next/dist/next-devtools/shared/forward-logs-shared.js:27
[   45790ms] [LOG] [Fast Refresh] done in 46ms @ webpack-internal:///(app-pages-browser)/./node_modules/.pnpm/next@16.1.6_@babel+core@7.29.0_react-dom@19.2.4_react@19.2.4__react@19.2.4/node_modules/next/dist/next-devtools/shared/forward-logs-shared.js:27
[   45949ms] [LOG] [Fast Refresh] rebuilding @ webpack-internal:///(app-pages-browser)/./node_modules/.pnpm/next@16.1.6_@babel+core@7.29.0_react-dom@19.2.4_react@19.2.4__react@19.2.4/node_modules/next/dist/next-devtools/shared/forward-logs-shared.js:27
[   46001ms] [LOG] [Fast Refresh] done in 53ms @ webpack-internal:///(app-pages-browser)/./node_modules/.pnpm/next@16.1.6_@babel+core@7.29.0_react-dom@19.2.4_react@19.2.4__react@19.2.4/node_modules/next/dist/next-devtools/shared/forward-logs-shared.js:27
[   46161ms] [LOG] [Fast Refresh] rebuilding @ webpack-internal:///(app-pages-browser)/./node_modules/.pnpm/next@16.1.6_@babel+core@7.29.0_react-dom@19.2.4_react@19.2.4__react@19.2.4/node_modules/next/dist/next-devtools/shared/forward-logs-shared.js:27
[   46206ms] [LOG] [Fast Refresh] done in 44ms @ webpack-internal:///(app-pages-browser)/./node_modules/.pnpm/next@16.1.6_@babel+core@7.29.0_react-dom@19.2.4_react@19.2.4__react@19.2.4/node_modules/next/dist/next-devtools/shared/forward-logs-shared.js:27
[   46361ms] [LOG] [Fast Refresh] rebuilding @ webpack-internal:///(app-pages-browser)/./node_modules/.pnpm/next@16.1.6_@babel+core@7.29.0_react-dom@19.2.4_react@19.2.4__react@19.2.4/node_modules/next/dist/next-devtools/shared/forward-logs-shared.js:27
[   46415ms] [LOG] [Fast Refresh] done in 53ms @ webpack-internal:///(app-pages-browser)/./node_modules/.pnpm/next@16.1.6_@babel+core@7.29.0_react-dom@19.2.4_react@19.2.4__react@19.2.4/node_modules/next/dist/next-devtools/shared/forward-logs-shared.js:27
[   46595ms] [LOG] [Fast Refresh] rebuilding @ webpack-internal:///(app-pages-browser)/./node_modules/.pnpm/next@16.1.6_@babel+core@7.29.0_react-dom@19.2.4_react@19.2.4__react@19.2.4/node_modules/next/dist/next-devtools/shared/forward-logs-shared.js:27
[   46642ms] [LOG] [Fast Refresh] done in 47ms @ webpack-internal:///(app-pages-browser)/./node_modules/.pnpm/next@16.1.6_@babel+core@7.29.0_react-dom@19.2.4_react@19.2.4__react@19.2.4/node_modules/next/dist/next-devtools/shared/forward-logs-shared.js:27
[   46811ms] [LOG] [Fast Refresh] rebuilding @ webpack-internal:///(app-pages-browser)/./node_modules/.pnpm/next@16.1.6_@babel+core@7.29.0_react-dom@19.2.4_react@19.2.4__react@19.2.4/node_modules/next/dist/next-devtools/shared/forward-logs-shared.js:27
[   46869ms] [LOG] [Fast Refresh] done in 59ms @ webpack-internal:///(app-pages-browser)/./node_modules/.pnpm/next@16.1.6_@babel+core@7.29.0_react-dom@19.2.4_react@19.2.4__react@19.2.4/node_modules/next/dist/next-devtools/shared/forward-logs-shared.js:27
[   47033ms] [LOG] [Fast Refresh] rebuilding @ webpack-internal:///(app-pages-browser)/./node_modules/.pnpm/next@16.1.6_@babel+core@7.29.0_react-dom@19.2.4_react@19.2.4__react@19.2.4/node_modules/next/dist/next-devtools/shared/forward-logs-shared.js:27
[   47078ms] [LOG] [Fast Refresh] done in 46ms @ webpack-internal:///(app-pages-browser)/./node_modules/.pnpm/next@16.1.6_@babel+core@7.29.0_react-dom@19.2.4_react@19.2.4__react@19.2.4/node_modules/next/dist/next-devtools/shared/forward-logs-shared.js:27
[   47243ms] [LOG] [Fast Refresh] rebuilding @ webpack-internal:///(app-pages-browser)/./node_modules/.pnpm/next@16.1.6_@babel+core@7.29.0_react-dom@19.2.4_react@19.2.4__react@19.2.4/node_modules/next/dist/next-devtools/shared/forward-logs-shared.js:27
[   47292ms] [LOG] [Fast Refresh] done in 49ms @ webpack-internal:///(app-pages-browser)/./node_modules/.pnpm/next@16.1.6_@babel+core@7.29.0_react-dom@19.2.4_react@19.2.4__react@19.2.4/node_modules/next/dist/next-devtools/shared/forward-logs-shared.js:27
[   47460ms] [LOG] [Fast Refresh] rebuilding @ webpack-internal:///(app-pages-browser)/./node_modules/.pnpm/next@16.1.6_@babel+core@7.29.0_react-dom@19.2.4_react@19.2.4__react@19.2.4/node_modules/next/dist/next-devtools/shared/forward-logs-shared.js:27
[   47504ms] [LOG] [Fast Refresh] done in 43ms @ webpack-internal:///(app-pages-browser)/./node_modules/.pnpm/next@16.1.6_@babel+core@7.29.0_react-dom@19.2.4_react@19.2.4__react@19.2.4/node_modules/next/dist/next-devtools/shared/forward-logs-shared.js:27
[   47660ms] [LOG] [Fast Refresh] rebuilding @ webpack-internal:///(app-pages-browser)/./node_modules/.pnpm/next@16.1.6_@babel+core@7.29.0_react-dom@19.2.4_react@19.2.4__react@19.2.4/node_modules/next/dist/next-devtools/shared/forward-logs-shared.js:27
[   47723ms] [LOG] [Fast Refresh] done in 64ms @ webpack-internal:///(app-pages-browser)/./node_modules/.pnpm/next@16.1.6_@babel+core@7.29.0_react-dom@19.2.4_react@19.2.4__react@19.2.4/node_modules/next/dist/next-devtools/shared/forward-logs-shared.js:27
[   47985ms] [LOG] [Fast Refresh] rebuilding @ webpack-internal:///(app-pages-browser)/./node_modules/.pnpm/next@16.1.6_@babel+core@7.29.0_react-dom@19.2.4_react@19.2.4__react@19.2.4/node_modules/next/dist/next-devtools/shared/forward-logs-shared.js:27
[   48024ms] [LOG] [Fast Refresh] done in 40ms @ webpack-internal:///(app-pages-browser)/./node_modules/.pnpm/next@16.1.6_@babel+core@7.29.0_react-dom@19.2.4_react@19.2.4__react@19.2.4/node_modules/next/dist/next-devtools/shared/forward-logs-shared.js:27
[   48206ms] [LOG] [Fast Refresh] rebuilding @ webpack-internal:///(app-pages-browser)/./node_modules/.pnpm/next@16.1.6_@babel+core@7.29.0_react-dom@19.2.4_react@19.2.4__react@19.2.4/node_modules/next/dist/next-devtools/shared/forward-logs-shared.js:27
[   48256ms] [LOG] [Fast Refresh] done in 49ms @ webpack-internal:///(app-pages-browser)/./node_modules/.pnpm/next@16.1.6_@babel+core@7.29.0_react-dom@19.2.4_react@19.2.4__react@19.2.4/node_modules/next/dist/next-devtools/shared/forward-logs-shared.js:27
[   48418ms] [LOG] [Fast Refresh] rebuilding @ webpack-internal:///(app-pages-browser)/./node_modules/.pnpm/next@16.1.6_@babel+core@7.29.0_react-dom@19.2.4_react@19.2.4__react@19.2.4/node_modules/next/dist/next-devtools/shared/forward-logs-shared.js:27
[   48464ms] [LOG] [Fast Refresh] done in 45ms @ webpack-internal:///(app-pages-browser)/./node_modules/.pnpm/next@16.1.6_@babel+core@7.29.0_react-dom@19.2.4_react@19.2.4__react@19.2.4/node_modules/next/dist/next-devtools/shared/forward-logs-shared.js:27
[   48642ms] [LOG] [Fast Refresh] rebuilding @ webpack-internal:///(app-pages-browser)/./node_modules/.pnpm/next@16.1.6_@babel+core@7.29.0_react-dom@19.2.4_react@19.2.4__react@19.2.4/node_modules/next/dist/next-devtools/shared/forward-logs-shared.js:27
[   48691ms] [LOG] [Fast Refresh] done in 49ms @ webpack-internal:///(app-pages-browser)/./node_modules/.pnpm/next@16.1.6_@babel+core@7.29.0_react-dom@19.2.4_react@19.2.4__react@19.2.4/node_modules/next/dist/next-devtools/shared/forward-logs-shared.js:27
[   48861ms] [LOG] [Fast Refresh] rebuilding @ webpack-internal:///(app-pages-browser)/./node_modules/.pnpm/next@16.1.6_@babel+core@7.29.0_react-dom@19.2.4_react@19.2.4__react@19.2.4/node_modules/next/dist/next-devtools/shared/forward-logs-shared.js:27
[   48907ms] [LOG] [Fast Refresh] done in 46ms @ webpack-internal:///(app-pages-browser)/./node_modules/.pnpm/next@16.1.6_@babel+core@7.29.0_react-dom@19.2.4_react@19.2.4__react@19.2.4/node_modules/next/dist/next-devtools/shared/forward-logs-shared.js:27
[   49075ms] [LOG] [Fast Refresh] rebuilding @ webpack-internal:///(app-pages-browser)/./node_modules/.pnpm/next@16.1.6_@babel+core@7.29.0_react-dom@19.2.4_react@19.2.4__react@19.2.4/node_modules/next/dist/next-devtools/shared/forward-logs-shared.js:27
[   49114ms] [LOG] [Fast Refresh] done in 39ms @ webpack-internal:///(app-pages-browser)/./node_modules/.pnpm/next@16.1.6_@babel+core@7.29.0_react-dom@19.2.4_react@19.2.4__react@19.2.4/node_modules/next/dist/next-devtools/shared/forward-logs-shared.js:27
[   49290ms] [LOG] [Fast Refresh] rebuilding @ webpack-internal:///(app-pages-browser)/./node_modules/.pnpm/next@16.1.6_@babel+core@7.29.0_react-dom@19.2.4_react@19.2.4__react@19.2.4/node_modules/next/dist/next-devtools/shared/forward-logs-shared.js:27
[   49335ms] [LOG] [Fast Refresh] done in 44ms @ webpack-internal:///(app-pages-browser)/./node_modules/.pnpm/next@16.1.6_@babel+core@7.29.0_react-dom@19.2.4_react@19.2.4__react@19.2.4/node_modules/next/dist/next-devtools/shared/forward-logs-shared.js:27
[   49499ms] [LOG] [Fast Refresh] rebuilding @ webpack-internal:///(app-pages-browser)/./node_modules/.pnpm/next@16.1.6_@babel+core@7.29.0_react-dom@19.2.4_react@19.2.4__react@19.2.4/node_modules/next/dist/next-devtools/shared/forward-logs-shared.js:27
[   49535ms] [LOG] [Fast Refresh] done in 36ms @ webpack-internal:///(app-pages-browser)/./node_modules/.pnpm/next@16.1.6_@babel+core@7.29.0_react-dom@19.2.4_react@19.2.4__react@19.2.4/node_modules/next/dist/next-devtools/shared/forward-logs-shared.js:27
[   49706ms] [LOG] [Fast Refresh] rebuilding @ webpack-internal:///(app-pages-browser)/./node_modules/.pnpm/next@16.1.6_@babel+core@7.29.0_react-dom@19.2.4_react@19.2.4__react@19.2.4/node_modules/next/dist/next-devtools/shared/forward-logs-shared.js:27
[   49761ms] [LOG] [Fast Refresh] done in 54ms @ webpack-internal:///(app-pages-browser)/./node_modules/.pnpm/next@16.1.6_@babel+core@7.29.0_react-dom@19.2.4_react@19.2.4__react@19.2.4/node_modules/next/dist/next-devtools/shared/forward-logs-shared.js:27
[   49927ms] [LOG] [Fast Refresh] rebuilding @ webpack-internal:///(app-pages-browser)/./node_modules/.pnpm/next@16.1.6_@babel+core@7.29.0_react-dom@19.2.4_react@19.2.4__react@19.2.4/node_modules/next/dist/next-devtools/shared/forward-logs-shared.js:27
[   49980ms] [LOG] [Fast Refresh] done in 53ms @ webpack-internal:///(app-pages-browser)/./node_modules/.pnpm/next@16.1.6_@babel+core@7.29.0_react-dom@19.2.4_react@19.2.4__react@19.2.4/node_modules/next/dist/next-devtools/shared/forward-logs-shared.js:27
[   50131ms] [LOG] [Fast Refresh] rebuilding @ webpack-internal:///(app-pages-browser)/./node_modules/.pnpm/next@16.1.6_@babel+core@7.29.0_react-dom@19.2.4_react@19.2.4__react@19.2.4/node_modules/next/dist/next-devtools/shared/forward-logs-shared.js:27
[   50183ms] [LOG] [Fast Refresh] done in 52ms @ webpack-internal:///(app-pages-browser)/./node_modules/.pnpm/next@16.1.6_@babel+core@7.29.0_react-dom@19.2.4_react@19.2.4__react@19.2.4/node_modules/next/dist/next-devtools/shared/forward-logs-shared.js:27
[   50348ms] [LOG] [Fast Refresh] rebuilding @ webpack-internal:///(app-pages-browser)/./node_modules/.pnpm/next@16.1.6_@babel+core@7.29.0_react-dom@19.2.4_react@19.2.4__react@19.2.4/node_modules/next/dist/next-devtools/shared/forward-logs-shared.js:27
[   50398ms] [LOG] [Fast Refresh] done in 50ms @ webpack-internal:///(app-pages-browser)/./node_modules/.pnpm/next@16.1.6_@babel+core@7.29.0_react-dom@19.2.4_react@19.2.4__react@19.2.4/node_modules/next/dist/next-devtools/shared/forward-logs-shared.js:27
[   50573ms] [LOG] [Fast Refresh] rebuilding @ webpack-internal:///(app-pages-browser)/./node_modules/.pnpm/next@16.1.6_@babel+core@7.29.0_react-dom@19.2.4_react@19.2.4__react@19.2.4/node_modules/next/dist/next-devtools/shared/forward-logs-shared.js:27
[   50618ms] [LOG] [Fast Refresh] done in 45ms @ webpack-internal:///(app-pages-browser)/./node_modules/.pnpm/next@16.1.6_@babel+core@7.29.0_react-dom@19.2.4_react@19.2.4__react@19.2.4/node_modules/next/dist/next-devtools/shared/forward-logs-shared.js:27
[   50793ms] [LOG] [Fast Refresh] rebuilding @ webpack-internal:///(app-pages-browser)/./node_modules/.pnpm/next@16.1.6_@babel+core@7.29.0_react-dom@19.2.4_react@19.2.4__react@19.2.4/node_modules/next/dist/next-devtools/shared/forward-logs-shared.js:27
[   50838ms] [LOG] [Fast Refresh] done in 45ms @ webpack-internal:///(app-pages-browser)/./node_modules/.pnpm/next@16.1.6_@babel+core@7.29.0_react-dom@19.2.4_react@19.2.4__react@19.2.4/node_modules/next/dist/next-devtools/shared/forward-logs-shared.js:27
[   50981ms] [LOG] [Fast Refresh] rebuilding @ webpack-internal:///(app-pages-browser)/./node_modules/.pnpm/next@16.1.6_@babel+core@7.29.0_react-dom@19.2.4_react@19.2.4__react@19.2.4/node_modules/next/dist/next-devtools/shared/forward-logs-shared.js:27
[   51022ms] [LOG] [Fast Refresh] done in 41ms @ webpack-internal:///(app-pages-browser)/./node_modules/.pnpm/next@16.1.6_@babel+core@7.29.0_react-dom@19.2.4_react@19.2.4__react@19.2.4/node_modules/next/dist/next-devtools/shared/forward-logs-shared.js:27
[   51188ms] [LOG] [Fast Refresh] rebuilding @ webpack-internal:///(app-pages-browser)/./node_modules/.pnpm/next@16.1.6_@babel+core@7.29.0_react-dom@19.2.4_react@19.2.4__react@19.2.4/node_modules/next/dist/next-devtools/shared/forward-logs-shared.js:27
[   51240ms] [LOG] [Fast Refresh] done in 52ms @ webpack-internal:///(app-pages-browser)/./node_modules/.pnpm/next@16.1.6_@babel+core@7.29.0_react-dom@19.2.4_react@19.2.4__react@19.2.4/node_modules/next/dist/next-devtools/shared/forward-logs-shared.js:27
[   51412ms] [LOG] [Fast Refresh] rebuilding @ webpack-internal:///(app-pages-browser)/./node_modules/.pnpm/next@16.1.6_@babel+core@7.29.0_react-dom@19.2.4_react@19.2.4__react@19.2.4/node_modules/next/dist/next-devtools/shared/forward-logs-shared.js:27
[   51459ms] [LOG] [Fast Refresh] done in 47ms @ webpack-internal:///(app-pages-browser)/./node_modules/.pnpm/next@16.1.6_@babel+core@7.29.0_react-dom@19.2.4_react@19.2.4__react@19.2.4/node_modules/next/dist/next-devtools/shared/forward-logs-shared.js:27
[   51626ms] [LOG] [Fast Refresh] rebuilding @ webpack-internal:///(app-pages-browser)/./node_modules/.pnpm/next@16.1.6_@babel+core@7.29.0_react-dom@19.2.4_react@19.2.4__react@19.2.4/node_modules/next/dist/next-devtools/shared/forward-logs-shared.js:27
[   51671ms] [LOG] [Fast Refresh] done in 45ms @ webpack-internal:///(app-pages-browser)/./node_modules/.pnpm/next@16.1.6_@babel+core@7.29.0_react-dom@19.2.4_react@19.2.4__react@19.2.4/node_modules/next/dist/next-devtools/shared/forward-logs-shared.js:27
[   51840ms] [LOG] [Fast Refresh] rebuilding @ webpack-internal:///(app-pages-browser)/./node_modules/.pnpm/next@16.1.6_@babel+core@7.29.0_react-dom@19.2.4_react@19.2.4__react@19.2.4/node_modules/next/dist/next-devtools/shared/forward-logs-shared.js:27
[   51884ms] [LOG] [Fast Refresh] done in 44ms @ webpack-internal:///(app-pages-browser)/./node_modules/.pnpm/next@16.1.6_@babel+core@7.29.0_react-dom@19.2.4_react@19.2.4__react@19.2.4/node_modules/next/dist/next-devtools/shared/forward-logs-shared.js:27
[   52058ms] [LOG] [Fast Refresh] rebuilding @ webpack-internal:///(app-pages-browser)/./node_modules/.pnpm/next@16.1.6_@babel+core@7.29.0_react-dom@19.2.4_react@19.2.4__react@19.2.4/node_modules/next/dist/next-devtools/shared/forward-logs-shared.js:27
[   52100ms] [LOG] [Fast Refresh] done in 42ms @ webpack-internal:///(app-pages-browser)/./node_modules/.pnpm/next@16.1.6_@babel+core@7.29.0_react-dom@19.2.4_react@19.2.4__react@19.2.4/node_modules/next/dist/next-devtools/shared/forward-logs-shared.js:27
[   52263ms] [LOG] [Fast Refresh] rebuilding @ webpack-internal:///(app-pages-browser)/./node_modules/.pnpm/next@16.1.6_@babel+core@7.29.0_react-dom@19.2.4_react@19.2.4__react@19.2.4/node_modules/next/dist/next-devtools/shared/forward-logs-shared.js:27
[   52304ms] [LOG] [Fast Refresh] done in 41ms @ webpack-internal:///(app-pages-browser)/./node_modules/.pnpm/next@16.1.6_@babel+core@7.29.0_react-dom@19.2.4_react@19.2.4__react@19.2.4/node_modules/next/dist/next-devtools/shared/forward-logs-shared.js:27
[   52485ms] [LOG] [Fast Refresh] rebuilding @ webpack-internal:///(app-pages-browser)/./node_modules/.pnpm/next@16.1.6_@babel+core@7.29.0_react-dom@19.2.4_react@19.2.4__react@19.2.4/node_modules/next/dist/next-devtools/shared/forward-logs-shared.js:27
[   52536ms] [LOG] [Fast Refresh] done in 50ms @ webpack-internal:///(app-pages-browser)/./node_modules/.pnpm/next@16.1.6_@babel+core@7.29.0_react-dom@19.2.4_react@19.2.4__react@19.2.4/node_modules/next/dist/next-devtools/shared/forward-logs-shared.js:27
[   52697ms] [LOG] [Fast Refresh] rebuilding @ webpack-internal:///(app-pages-browser)/./node_modules/.pnpm/next@16.1.6_@babel+core@7.29.0_react-dom@19.2.4_react@19.2.4__react@19.2.4/node_modules/next/dist/next-devtools/shared/forward-logs-shared.js:27
[   52743ms] [LOG] [Fast Refresh] done in 46ms @ webpack-internal:///(app-pages-browser)/./node_modules/.pnpm/next@16.1.6_@babel+core@7.29.0_react-dom@19.2.4_react@19.2.4__react@19.2.4/node_modules/next/dist/next-devtools/shared/forward-logs-shared.js:27
[   52900ms] [LOG] [Fast Refresh] rebuilding @ webpack-internal:///(app-pages-browser)/./node_modules/.pnpm/next@16.1.6_@babel+core@7.29.0_react-dom@19.2.4_react@19.2.4__react@19.2.4/node_modules/next/dist/next-devtools/shared/forward-logs-shared.js:27
[   52940ms] [LOG] [Fast Refresh] done in 40ms @ webpack-internal:///(app-pages-browser)/./node_modules/.pnpm/next@16.1.6_@babel+core@7.29.0_react-dom@19.2.4_react@19.2.4__react@19.2.4/node_modules/next/dist/next-devtools/shared/forward-logs-shared.js:27
[   53109ms] [LOG] [Fast Refresh] rebuilding @ webpack-internal:///(app-pages-browser)/./node_modules/.pnpm/next@16.1.6_@babel+core@7.29.0_react-dom@19.2.4_react@19.2.4__react@19.2.4/node_modules/next/dist/next-devtools/shared/forward-logs-shared.js:27
[   53156ms] [LOG] [Fast Refresh] done in 47ms @ webpack-internal:///(app-pages-browser)/./node_modules/.pnpm/next@16.1.6_@babel+core@7.29.0_react-dom@19.2.4_react@19.2.4__react@19.2.4/node_modules/next/dist/next-devtools/shared/forward-logs-shared.js:27
[   53314ms] [LOG] [Fast Refresh] rebuilding @ webpack-internal:///(app-pages-browser)/./node_modules/.pnpm/next@16.1.6_@babel+core@7.29.0_react-dom@19.2.4_react@19.2.4__react@19.2.4/node_modules/next/dist/next-devtools/shared/forward-logs-shared.js:27
[   53362ms] [LOG] [Fast Refresh] done in 47ms @ webpack-internal:///(app-pages-browser)/./node_modules/.pnpm/next@16.1.6_@babel+core@7.29.0_react-dom@19.2.4_react@19.2.4__react@19.2.4/node_modules/next/dist/next-devtools/shared/forward-logs-shared.js:27
[   53530ms] [LOG] [Fast Refresh] rebuilding @ webpack-internal:///(app-pages-browser)/./node_modules/.pnpm/next@16.1.6_@babel+core@7.29.0_react-dom@19.2.4_react@19.2.4__react@19.2.4/node_modules/next/dist/next-devtools/shared/forward-logs-shared.js:27
[   53572ms] [LOG] [Fast Refresh] done in 42ms @ webpack-internal:///(app-pages-browser)/./node_modules/.pnpm/next@16.1.6_@babel+core@7.29.0_react-dom@19.2.4_react@19.2.4__react@19.2.4/node_modules/next/dist/next-devtools/shared/forward-logs-shared.js:27
[   53741ms] [LOG] [Fast Refresh] rebuilding @ webpack-internal:///(app-pages-browser)/./node_modules/.pnpm/next@16.1.6_@babel+core@7.29.0_react-dom@19.2.4_react@19.2.4__react@19.2.4/node_modules/next/dist/next-devtools/shared/forward-logs-shared.js:27
[   53785ms] [LOG] [Fast Refresh] done in 45ms @ webpack-internal:///(app-pages-browser)/./node_modules/.pnpm/next@16.1.6_@babel+core@7.29.0_react-dom@19.2.4_react@19.2.4__react@19.2.4/node_modules/next/dist/next-devtools/shared/forward-logs-shared.js:27
[   53947ms] [LOG] [Fast Refresh] rebuilding @ webpack-internal:///(app-pages-browser)/./node_modules/.pnpm/next@16.1.6_@babel+core@7.29.0_react-dom@19.2.4_react@19.2.4__react@19.2.4/node_modules/next/dist/next-devtools/shared/forward-logs-shared.js:27
[   53994ms] [LOG] [Fast Refresh] done in 47ms @ webpack-internal:///(app-pages-browser)/./node_modules/.pnpm/next@16.1.6_@babel+core@7.29.0_react-dom@19.2.4_react@19.2.4__react@19.2.4/node_modules/next/dist/next-devtools/shared/forward-logs-shared.js:27
[   54154ms] [LOG] [Fast Refresh] rebuilding @ webpack-internal:///(app-pages-browser)/./node_modules/.pnpm/next@16.1.6_@babel+core@7.29.0_react-dom@19.2.4_react@19.2.4__react@19.2.4/node_modules/next/dist/next-devtools/shared/forward-logs-shared.js:27
[   54195ms] [LOG] [Fast Refresh] done in 41ms @ webpack-internal:///(app-pages-browser)/./node_modules/.pnpm/next@16.1.6_@babel+core@7.29.0_react-dom@19.2.4_react@19.2.4__react@19.2.4/node_modules/next/dist/next-devtools/shared/forward-logs-shared.js:27
[   54359ms] [LOG] [Fast Refresh] rebuilding @ webpack-internal:///(app-pages-browser)/./node_modules/.pnpm/next@16.1.6_@babel+core@7.29.0_react-dom@19.2.4_react@19.2.4__react@19.2.4/node_modules/next/dist/next-devtools/shared/forward-logs-shared.js:27
[   54399ms] [LOG] [Fast Refresh] done in 40ms @ webpack-internal:///(app-pages-browser)/./node_modules/.pnpm/next@16.1.6_@babel+core@7.29.0_react-dom@19.2.4_react@19.2.4__react@19.2.4/node_modules/next/dist/next-devtools/shared/forward-logs-shared.js:27
[   54569ms] [LOG] [Fast Refresh] rebuilding @ webpack-internal:///(app-pages-browser)/./node_modules/.pnpm/next@16.1.6_@babel+core@7.29.0_react-dom@19.2.4_react@19.2.4__react@19.2.4/node_modules/next/dist/next-devtools/shared/forward-logs-shared.js:27
[   54613ms] [LOG] [Fast Refresh] done in 44ms @ webpack-internal:///(app-pages-browser)/./node_modules/.pnpm/next@16.1.6_@babel+core@7.29.0_react-dom@19.2.4_react@19.2.4__react@19.2.4/node_modules/next/dist/next-devtools/shared/forward-logs-shared.js:27
[   54777ms] [LOG] [Fast Refresh] rebuilding @ webpack-internal:///(app-pages-browser)/./node_modules/.pnpm/next@16.1.6_@babel+core@7.29.0_react-dom@19.2.4_react@19.2.4__react@19.2.4/node_modules/next/dist/next-devtools/shared/forward-logs-shared.js:27
[   54816ms] [LOG] [Fast Refresh] done in 38ms @ webpack-internal:///(app-pages-browser)/./node_modules/.pnpm/next@16.1.6_@babel+core@7.29.0_react-dom@19.2.4_react@19.2.4__react@19.2.4/node_modules/next/dist/next-devtools/shared/forward-logs-shared.js:27
[   54978ms] [LOG] [Fast Refresh] rebuilding @ webpack-internal:///(app-pages-browser)/./node_modules/.pnpm/next@16.1.6_@babel+core@7.29.0_react-dom@19.2.4_react@19.2.4__react@19.2.4/node_modules/next/dist/next-devtools/shared/forward-logs-shared.js:27
[   55021ms] [LOG] [Fast Refresh] done in 43ms @ webpack-internal:///(app-pages-browser)/./node_modules/.pnpm/next@16.1.6_@babel+core@7.29.0_react-dom@19.2.4_react@19.2.4__react@19.2.4/node_modules/next/dist/next-devtools/shared/forward-logs-shared.js:27
[   55196ms] [LOG] [Fast Refresh] rebuilding @ webpack-internal:///(app-pages-browser)/./node_modules/.pnpm/next@16.1.6_@babel+core@7.29.0_react-dom@19.2.4_react@19.2.4__react@19.2.4/node_modules/next/dist/next-devtools/shared/forward-logs-shared.js:27
[   55241ms] [LOG] [Fast Refresh] done in 44ms @ webpack-internal:///(app-pages-browser)/./node_modules/.pnpm/next@16.1.6_@babel+core@7.29.0_react-dom@19.2.4_react@19.2.4__react@19.2.4/node_modules/next/dist/next-devtools/shared/forward-logs-shared.js:27
[   55407ms] [LOG] [Fast Refresh] rebuilding @ webpack-internal:///(app-pages-browser)/./node_modules/.pnpm/next@16.1.6_@babel+core@7.29.0_react-dom@19.2.4_react@19.2.4__react@19.2.4/node_modules/next/dist/next-devtools/shared/forward-logs-shared.js:27
[   55451ms] [LOG] [Fast Refresh] done in 44ms @ webpack-internal:///(app-pages-browser)/./node_modules/.pnpm/next@16.1.6_@babel+core@7.29.0_react-dom@19.2.4_react@19.2.4__react@19.2.4/node_modules/next/dist/next-devtools/shared/forward-logs-shared.js:27
[   55621ms] [LOG] [Fast Refresh] rebuilding @ webpack-internal:///(app-pages-browser)/./node_modules/.pnpm/next@16.1.6_@babel+core@7.29.0_react-dom@19.2.4_react@19.2.4__react@19.2.4/node_modules/next/dist/next-devtools/shared/forward-logs-shared.js:27
[   55664ms] [LOG] [Fast Refresh] done in 42ms @ webpack-internal:///(app-pages-browser)/./node_modules/.pnpm/next@16.1.6_@babel+core@7.29.0_react-dom@19.2.4_react@19.2.4__react@19.2.4/node_modules/next/dist/next-devtools/shared/forward-logs-shared.js:27
[   55842ms] [LOG] [Fast Refresh] rebuilding @ webpack-internal:///(app-pages-browser)/./node_modules/.pnpm/next@16.1.6_@babel+core@7.29.0_react-dom@19.2.4_react@19.2.4__react@19.2.4/node_modules/next/dist/next-devtools/shared/forward-logs-shared.js:27
[   55892ms] [LOG] [Fast Refresh] done in 51ms @ webpack-internal:///(app-pages-browser)/./node_modules/.pnpm/next@16.1.6_@babel+core@7.29.0_react-dom@19.2.4_react@19.2.4__react@19.2.4/node_modules/next/dist/next-devtools/shared/forward-logs-shared.js:27
[   56043ms] [LOG] [Fast Refresh] rebuilding @ webpack-internal:///(app-pages-browser)/./node_modules/.pnpm/next@16.1.6_@babel+core@7.29.0_react-dom@19.2.4_react@19.2.4__react@19.2.4/node_modules/next/dist/next-devtools/shared/forward-logs-shared.js:27
[   56091ms] [LOG] [Fast Refresh] done in 48ms @ webpack-internal:///(app-pages-browser)/./node_modules/.pnpm/next@16.1.6_@babel+core@7.29.0_react-dom@19.2.4_react@19.2.4__react@19.2.4/node_modules/next/dist/next-devtools/shared/forward-logs-shared.js:27
[   56251ms] [LOG] [Fast Refresh] rebuilding @ webpack-internal:///(app-pages-browser)/./node_modules/.pnpm/next@16.1.6_@babel+core@7.29.0_react-dom@19.2.4_react@19.2.4__react@19.2.4/node_modules/next/dist/next-devtools/shared/forward-logs-shared.js:27
[   56301ms] [LOG] [Fast Refresh] done in 51ms @ webpack-internal:///(app-pages-browser)/./node_modules/.pnpm/next@16.1.6_@babel+core@7.29.0_react-dom@19.2.4_react@19.2.4__react@19.2.4/node_modules/next/dist/next-devtools/shared/forward-logs-shared.js:27
[   56467ms] [LOG] [Fast Refresh] rebuilding @ webpack-internal:///(app-pages-browser)/./node_modules/.pnpm/next@16.1.6_@babel+core@7.29.0_react-dom@19.2.4_react@19.2.4__react@19.2.4/node_modules/next/dist/next-devtools/shared/forward-logs-shared.js:27
[   56509ms] [LOG] [Fast Refresh] done in 42ms @ webpack-internal:///(app-pages-browser)/./node_modules/.pnpm/next@16.1.6_@babel+core@7.29.0_react-dom@19.2.4_react@19.2.4__react@19.2.4/node_modules/next/dist/next-devtools/shared/forward-logs-shared.js:27
[   56679ms] [LOG] [Fast Refresh] rebuilding @ webpack-internal:///(app-pages-browser)/./node_modules/.pnpm/next@16.1.6_@babel+core@7.29.0_react-dom@19.2.4_react@19.2.4__react@19.2.4/node_modules/next/dist/next-devtools/shared/forward-logs-shared.js:27
[   56731ms] [LOG] [Fast Refresh] done in 52ms @ webpack-internal:///(app-pages-browser)/./node_modules/.pnpm/next@16.1.6_@babel+core@7.29.0_react-dom@19.2.4_react@19.2.4__react@19.2.4/node_modules/next/dist/next-devtools/shared/forward-logs-shared.js:27
[   56880ms] [LOG] [Fast Refresh] rebuilding @ webpack-internal:///(app-pages-browser)/./node_modules/.pnpm/next@16.1.6_@babel+core@7.29.0_react-dom@19.2.4_react@19.2.4__react@19.2.4/node_modules/next/dist/next-devtools/shared/forward-logs-shared.js:27
[   56928ms] [LOG] [Fast Refresh] done in 48ms @ webpack-internal:///(app-pages-browser)/./node_modules/.pnpm/next@16.1.6_@babel+core@7.29.0_react-dom@19.2.4_react@19.2.4__react@19.2.4/node_modules/next/dist/next-devtools/shared/forward-logs-shared.js:27
[   57094ms] [LOG] [Fast Refresh] rebuilding @ webpack-internal:///(app-pages-browser)/./node_modules/.pnpm/next@16.1.6_@babel+core@7.29.0_react-dom@19.2.4_react@19.2.4__react@19.2.4/node_modules/next/dist/next-devtools/shared/forward-logs-shared.js:27
[   57142ms] [LOG] [Fast Refresh] done in 47ms @ webpack-internal:///(app-pages-browser)/./node_modules/.pnpm/next@16.1.6_@babel+core@7.29.0_react-dom@19.2.4_react@19.2.4__react@19.2.4/node_modules/next/dist/next-devtools/shared/forward-logs-shared.js:27
[   57418ms] [LOG] [Fast Refresh] rebuilding @ webpack-internal:///(app-pages-browser)/./node_modules/.pnpm/next@16.1.6_@babel+core@7.29.0_react-dom@19.2.4_react@19.2.4__react@19.2.4/node_modules/next/dist/next-devtools/shared/forward-logs-shared.js:27
[   57468ms] [LOG] [Fast Refresh] done in 49ms @ webpack-internal:///(app-pages-browser)/./node_modules/.pnpm/next@16.1.6_@babel+core@7.29.0_react-dom@19.2.4_react@19.2.4__react@19.2.4/node_modules/next/dist/next-devtools/shared/forward-logs-shared.js:27
[   57641ms] [LOG] [Fast Refresh] rebuilding @ webpack-internal:///(app-pages-browser)/./node_modules/.pnpm/next@16.1.6_@babel+core@7.29.0_react-dom@19.2.4_react@19.2.4__react@19.2.4/node_modules/next/dist/next-devtools/shared/forward-logs-shared.js:27
[   57693ms] [LOG] [Fast Refresh] done in 51ms @ webpack-internal:///(app-pages-browser)/./node_modules/.pnpm/next@16.1.6_@babel+core@7.29.0_react-dom@19.2.4_react@19.2.4__react@19.2.4/node_modules/next/dist/next-devtools/shared/forward-logs-shared.js:27
[   57869ms] [LOG] [Fast Refresh] rebuilding @ webpack-internal:///(app-pages-browser)/./node_modules/.pnpm/next@16.1.6_@babel+core@7.29.0_react-dom@19.2.4_react@19.2.4__react@19.2.4/node_modules/next/dist/next-devtools/shared/forward-logs-shared.js:27
[   57918ms] [LOG] [Fast Refresh] done in 50ms @ webpack-internal:///(app-pages-browser)/./node_modules/.pnpm/next@16.1.6_@babel+core@7.29.0_react-dom@19.2.4_react@19.2.4__react@19.2.4/node_modules/next/dist/next-devtools/shared/forward-logs-shared.js:27
[   58090ms] [LOG] [Fast Refresh] rebuilding @ webpack-internal:///(app-pages-browser)/./node_modules/.pnpm/next@16.1.6_@babel+core@7.29.0_react-dom@19.2.4_react@19.2.4__react@19.2.4/node_modules/next/dist/next-devtools/shared/forward-logs-shared.js:27
[   58128ms] [LOG] [Fast Refresh] done in 37ms @ webpack-internal:///(app-pages-browser)/./node_modules/.pnpm/next@16.1.6_@babel+core@7.29.0_react-dom@19.2.4_react@19.2.4__react@19.2.4/node_modules/next/dist/next-devtools/shared/forward-logs-shared.js:27
[   58303ms] [LOG] [Fast Refresh] rebuilding @ webpack-internal:///(app-pages-browser)/./node_modules/.pnpm/next@16.1.6_@babel+core@7.29.0_react-dom@19.2.4_react@19.2.4__react@19.2.4/node_modules/next/dist/next-devtools/shared/forward-logs-shared.js:27
[   58345ms] [LOG] [Fast Refresh] done in 42ms @ webpack-internal:///(app-pages-browser)/./node_modules/.pnpm/next@16.1.6_@babel+core@7.29.0_react-dom@19.2.4_react@19.2.4__react@19.2.4/node_modules/next/dist/next-devtools/shared/forward-logs-shared.js:27
[   58512ms] [LOG] [Fast Refresh] rebuilding @ webpack-internal:///(app-pages-browser)/./node_modules/.pnpm/next@16.1.6_@babel+core@7.29.0_react-dom@19.2.4_react@19.2.4__react@19.2.4/node_modules/next/dist/next-devtools/shared/forward-logs-shared.js:27
[   58557ms] [LOG] [Fast Refresh] done in 46ms @ webpack-internal:///(app-pages-browser)/./node_modules/.pnpm/next@16.1.6_@babel+core@7.29.0_react-dom@19.2.4_react@19.2.4__react@19.2.4/node_modules/next/dist/next-devtools/shared/forward-logs-shared.js:27
[   58724ms] [LOG] [Fast Refresh] rebuilding @ webpack-internal:///(app-pages-browser)/./node_modules/.pnpm/next@16.1.6_@babel+core@7.29.0_react-dom@19.2.4_react@19.2.4__react@19.2.4/node_modules/next/dist/next-devtools/shared/forward-logs-shared.js:27
[   58767ms] [LOG] [Fast Refresh] done in 42ms @ webpack-internal:///(app-pages-browser)/./node_modules/.pnpm/next@16.1.6_@babel+core@7.29.0_react-dom@19.2.4_react@19.2.4__react@19.2.4/node_modules/next/dist/next-devtools/shared/forward-logs-shared.js:27
[   58941ms] [LOG] [Fast Refresh] rebuilding @ webpack-internal:///(app-pages-browser)/./node_modules/.pnpm/next@16.1.6_@babel+core@7.29.0_react-dom@19.2.4_react@19.2.4__react@19.2.4/node_modules/next/dist/next-devtools/shared/forward-logs-shared.js:27
[   58990ms] [LOG] [Fast Refresh] done in 48ms @ webpack-internal:///(app-pages-browser)/./node_modules/.pnpm/next@16.1.6_@babel+core@7.29.0_react-dom@19.2.4_react@19.2.4__react@19.2.4/node_modules/next/dist/next-devtools/shared/forward-logs-shared.js:27
[   59161ms] [LOG] [Fast Refresh] rebuilding @ webpack-internal:///(app-pages-browser)/./node_modules/.pnpm/next@16.1.6_@babel+core@7.29.0_react-dom@19.2.4_react@19.2.4__react@19.2.4/node_modules/next/dist/next-devtools/shared/forward-logs-shared.js:27
[   59212ms] [LOG] [Fast Refresh] done in 51ms @ webpack-internal:///(app-pages-browser)/./node_modules/.pnpm/next@16.1.6_@babel+core@7.29.0_react-dom@19.2.4_react@19.2.4__react@19.2.4/node_modules/next/dist/next-devtools/shared/forward-logs-shared.js:27
[   59379ms] [LOG] [Fast Refresh] rebuilding @ webpack-internal:///(app-pages-browser)/./node_modules/.pnpm/next@16.1.6_@babel+core@7.29.0_react-dom@19.2.4_react@19.2.4__react@19.2.4/node_modules/next/dist/next-devtools/shared/forward-logs-shared.js:27
[   59420ms] [LOG] [Fast Refresh] done in 42ms @ webpack-internal:///(app-pages-browser)/./node_modules/.pnpm/next@16.1.6_@babel+core@7.29.0_react-dom@19.2.4_react@19.2.4__react@19.2.4/node_modules/next/dist/next-devtools/shared/forward-logs-shared.js:27
[   59596ms] [LOG] [Fast Refresh] rebuilding @ webpack-internal:///(app-pages-browser)/./node_modules/.pnpm/next@16.1.6_@babel+core@7.29.0_react-dom@19.2.4_react@19.2.4__react@19.2.4/node_modules/next/dist/next-devtools/shared/forward-logs-shared.js:27
[   59640ms] [LOG] [Fast Refresh] done in 43ms @ webpack-internal:///(app-pages-browser)/./node_modules/.pnpm/next@16.1.6_@babel+core@7.29.0_react-dom@19.2.4_react@19.2.4__react@19.2.4/node_modules/next/dist/next-devtools/shared/forward-logs-shared.js:27
[   59821ms] [LOG] [Fast Refresh] rebuilding @ webpack-internal:///(app-pages-browser)/./node_modules/.pnpm/next@16.1.6_@babel+core@7.29.0_react-dom@19.2.4_react@19.2.4__react@19.2.4/node_modules/next/dist/next-devtools/shared/forward-logs-shared.js:27
[   59876ms] [LOG] [Fast Refresh] done in 56ms @ webpack-internal:///(app-pages-browser)/./node_modules/.pnpm/next@16.1.6_@babel+core@7.29.0_react-dom@19.2.4_react@19.2.4__react@19.2.4/node_modules/next/dist/next-devtools/shared/forward-logs-shared.js:27
[   60051ms] [LOG] [Fast Refresh] rebuilding @ webpack-internal:///(app-pages-browser)/./node_modules/.pnpm/next@16.1.6_@babel+core@7.29.0_react-dom@19.2.4_react@19.2.4__react@19.2.4/node_modules/next/dist/next-devtools/shared/forward-logs-shared.js:27
[   60092ms] [LOG] [Fast Refresh] done in 41ms @ webpack-internal:///(app-pages-browser)/./node_modules/.pnpm/next@16.1.6_@babel+core@7.29.0_react-dom@19.2.4_react@19.2.4__react@19.2.4/node_modules/next/dist/next-devtools/shared/forward-logs-shared.js:27
[   60252ms] [LOG] [Fast Refresh] rebuilding @ webpack-internal:///(app-pages-browser)/./node_modules/.pnpm/next@16.1.6_@babel+core@7.29.0_react-dom@19.2.4_react@19.2.4__react@19.2.4/node_modules/next/dist/next-devtools/shared/forward-logs-shared.js:27
[   60295ms] [LOG] [Fast Refresh] done in 44ms @ webpack-internal:///(app-pages-browser)/./node_modules/.pnpm/next@16.1.6_@babel+core@7.29.0_react-dom@19.2.4_react@19.2.4__react@19.2.4/node_modules/next/dist/next-devtools/shared/forward-logs-shared.js:27
[   60457ms] [LOG] [Fast Refresh] rebuilding @ webpack-internal:///(app-pages-browser)/./node_modules/.pnpm/next@16.1.6_@babel+core@7.29.0_react-dom@19.2.4_react@19.2.4__react@19.2.4/node_modules/next/dist/next-devtools/shared/forward-logs-shared.js:27
[   60501ms] [LOG] [Fast Refresh] done in 43ms @ webpack-internal:///(app-pages-browser)/./node_modules/.pnpm/next@16.1.6_@babel+core@7.29.0_react-dom@19.2.4_react@19.2.4__react@19.2.4/node_modules/next/dist/next-devtools/shared/forward-logs-shared.js:27
[   60671ms] [LOG] [Fast Refresh] rebuilding @ webpack-internal:///(app-pages-browser)/./node_modules/.pnpm/next@16.1.6_@babel+core@7.29.0_react-dom@19.2.4_react@19.2.4__react@19.2.4/node_modules/next/dist/next-devtools/shared/forward-logs-shared.js:27
[   60708ms] [LOG] [Fast Refresh] done in 38ms @ webpack-internal:///(app-pages-browser)/./node_modules/.pnpm/next@16.1.6_@babel+core@7.29.0_react-dom@19.2.4_react@19.2.4__react@19.2.4/node_modules/next/dist/next-devtools/shared/forward-logs-shared.js:27
[   60887ms] [LOG] [Fast Refresh] rebuilding @ webpack-internal:///(app-pages-browser)/./node_modules/.pnpm/next@16.1.6_@babel+core@7.29.0_react-dom@19.2.4_react@19.2.4__react@19.2.4/node_modules/next/dist/next-devtools/shared/forward-logs-shared.js:27
[   60939ms] [LOG] [Fast Refresh] done in 52ms @ webpack-internal:///(app-pages-browser)/./node_modules/.pnpm/next@16.1.6_@babel+core@7.29.0_react-dom@19.2.4_react@19.2.4__react@19.2.4/node_modules/next/dist/next-devtools/shared/forward-logs-shared.js:27
[   61097ms] [LOG] [Fast Refresh] rebuilding @ webpack-internal:///(app-pages-browser)/./node_modules/.pnpm/next@16.1.6_@babel+core@7.29.0_react-dom@19.2.4_react@19.2.4__react@19.2.4/node_modules/next/dist/next-devtools/shared/forward-logs-shared.js:27
[   61136ms] [LOG] [Fast Refresh] done in 40ms @ webpack-internal:///(app-pages-browser)/./node_modules/.pnpm/next@16.1.6_@babel+core@7.29.0_react-dom@19.2.4_react@19.2.4__react@19.2.4/node_modules/next/dist/next-devtools/shared/forward-logs-shared.js:27
[   61311ms] [LOG] [Fast Refresh] rebuilding @ webpack-internal:///(app-pages-browser)/./node_modules/.pnpm/next@16.1.6_@babel+core@7.29.0_react-dom@19.2.4_react@19.2.4__react@19.2.4/node_modules/next/dist/next-devtools/shared/forward-logs-shared.js:27
[   61360ms] [LOG] [Fast Refresh] done in 49ms @ webpack-internal:///(app-pages-browser)/./node_modules/.pnpm/next@16.1.6_@babel+core@7.29.0_react-dom@19.2.4_react@19.2.4__react@19.2.4/node_modules/next/dist/next-devtools/shared/forward-logs-shared.js:27
[   61525ms] [LOG] [Fast Refresh] rebuilding @ webpack-internal:///(app-pages-browser)/./node_modules/.pnpm/next@16.1.6_@babel+core@7.29.0_react-dom@19.2.4_react@19.2.4__react@19.2.4/node_modules/next/dist/next-devtools/shared/forward-logs-shared.js:27
[   61567ms] [LOG] [Fast Refresh] done in 42ms @ webpack-internal:///(app-pages-browser)/./node_modules/.pnpm/next@16.1.6_@babel+core@7.29.0_react-dom@19.2.4_react@19.2.4__react@19.2.4/node_modules/next/dist/next-devtools/shared/forward-logs-shared.js:27
[   61737ms] [LOG] [Fast Refresh] rebuilding @ webpack-internal:///(app-pages-browser)/./node_modules/.pnpm/next@16.1.6_@babel+core@7.29.0_react-dom@19.2.4_react@19.2.4__react@19.2.4/node_modules/next/dist/next-devtools/shared/forward-logs-shared.js:27
[   61775ms] [LOG] [Fast Refresh] done in 38ms @ webpack-internal:///(app-pages-browser)/./node_modules/.pnpm/next@16.1.6_@babel+core@7.29.0_react-dom@19.2.4_react@19.2.4__react@19.2.4/node_modules/next/dist/next-devtools/shared/forward-logs-shared.js:27
[   61945ms] [LOG] [Fast Refresh] rebuilding @ webpack-internal:///(app-pages-browser)/./node_modules/.pnpm/next@16.1.6_@babel+core@7.29.0_react-dom@19.2.4_react@19.2.4__react@19.2.4/node_modules/next/dist/next-devtools/shared/forward-logs-shared.js:27
[   61988ms] [LOG] [Fast Refresh] done in 42ms @ webpack-internal:///(app-pages-browser)/./node_modules/.pnpm/next@16.1.6_@babel+core@7.29.0_react-dom@19.2.4_react@19.2.4__react@19.2.4/node_modules/next/dist/next-devtools/shared/forward-logs-shared.js:27
[   62142ms] [LOG] [Fast Refresh] rebuilding @ webpack-internal:///(app-pages-browser)/./node_modules/.pnpm/next@16.1.6_@babel+core@7.29.0_react-dom@19.2.4_react@19.2.4__react@19.2.4/node_modules/next/dist/next-devtools/shared/forward-logs-shared.js:27
[   62182ms] [LOG] [Fast Refresh] done in 39ms @ webpack-internal:///(app-pages-browser)/./node_modules/.pnpm/next@16.1.6_@babel+core@7.29.0_react-dom@19.2.4_react@19.2.4__react@19.2.4/node_modules/next/dist/next-devtools/shared/forward-logs-shared.js:27
[   62354ms] [LOG] [Fast Refresh] rebuilding @ webpack-internal:///(app-pages-browser)/./node_modules/.pnpm/next@16.1.6_@babel+core@7.29.0_react-dom@19.2.4_react@19.2.4__react@19.2.4/node_modules/next/dist/next-devtools/shared/forward-logs-shared.js:27
[   62398ms] [LOG] [Fast Refresh] done in 44ms @ webpack-internal:///(app-pages-browser)/./node_modules/.pnpm/next@16.1.6_@babel+core@7.29.0_react-dom@19.2.4_react@19.2.4__react@19.2.4/node_modules/next/dist/next-devtools/shared/forward-logs-shared.js:27
[   62547ms] [LOG] [Fast Refresh] rebuilding @ webpack-internal:///(app-pages-browser)/./node_modules/.pnpm/next@16.1.6_@babel+core@7.29.0_react-dom@19.2.4_react@19.2.4__react@19.2.4/node_modules/next/dist/next-devtools/shared/forward-logs-shared.js:27
[   62585ms] [LOG] [Fast Refresh] done in 38ms @ webpack-internal:///(app-pages-browser)/./node_modules/.pnpm/next@16.1.6_@babel+core@7.29.0_react-dom@19.2.4_react@19.2.4__react@19.2.4/node_modules/next/dist/next-devtools/shared/forward-logs-shared.js:27
[   62745ms] [LOG] [Fast Refresh] rebuilding @ webpack-internal:///(app-pages-browser)/./node_modules/.pnpm/next@16.1.6_@babel+core@7.29.0_react-dom@19.2.4_react@19.2.4__react@19.2.4/node_modules/next/dist/next-devtools/shared/forward-logs-shared.js:27
[   62784ms] [LOG] [Fast Refresh] done in 40ms @ webpack-internal:///(app-pages-browser)/./node_modules/.pnpm/next@16.1.6_@babel+core@7.29.0_react-dom@19.2.4_react@19.2.4__react@19.2.4/node_modules/next/dist/next-devtools/shared/forward-logs-shared.js:27
[   62944ms] [LOG] [Fast Refresh] rebuilding @ webpack-internal:///(app-pages-browser)/./node_modules/.pnpm/next@16.1.6_@babel+core@7.29.0_react-dom@19.2.4_react@19.2.4__react@19.2.4/node_modules/next/dist/next-devtools/shared/forward-logs-shared.js:27
[   62992ms] [LOG] [Fast Refresh] done in 48ms @ webpack-internal:///(app-pages-browser)/./node_modules/.pnpm/next@16.1.6_@babel+core@7.29.0_react-dom@19.2.4_react@19.2.4__react@19.2.4/node_modules/next/dist/next-devtools/shared/forward-logs-shared.js:27
[   63139ms] [LOG] [Fast Refresh] rebuilding @ webpack-internal:///(app-pages-browser)/./node_modules/.pnpm/next@16.1.6_@babel+core@7.29.0_react-dom@19.2.4_react@19.2.4__react@19.2.4/node_modules/next/dist/next-devtools/shared/forward-logs-shared.js:27
[   63189ms] [LOG] [Fast Refresh] done in 50ms @ webpack-internal:///(app-pages-browser)/./node_modules/.pnpm/next@16.1.6_@babel+core@7.29.0_react-dom@19.2.4_react@19.2.4__react@19.2.4/node_modules/next/dist/next-devtools/shared/forward-logs-shared.js:27
[   63342ms] [LOG] [Fast Refresh] rebuilding @ webpack-internal:///(app-pages-browser)/./node_modules/.pnpm/next@16.1.6_@babel+core@7.29.0_react-dom@19.2.4_react@19.2.4__react@19.2.4/node_modules/next/dist/next-devtools/shared/forward-logs-shared.js:27
[   63393ms] [LOG] [Fast Refresh] done in 51ms @ webpack-internal:///(app-pages-browser)/./node_modules/.pnpm/next@16.1.6_@babel+core@7.29.0_react-dom@19.2.4_react@19.2.4__react@19.2.4/node_modules/next/dist/next-devtools/shared/forward-logs-shared.js:27
[   63555ms] [LOG] [Fast Refresh] rebuilding @ webpack-internal:///(app-pages-browser)/./node_modules/.pnpm/next@16.1.6_@babel+core@7.29.0_react-dom@19.2.4_react@19.2.4__react@19.2.4/node_modules/next/dist/next-devtools/shared/forward-logs-shared.js:27
[   63607ms] [LOG] [Fast Refresh] done in 53ms @ webpack-internal:///(app-pages-browser)/./node_modules/.pnpm/next@16.1.6_@babel+core@7.29.0_react-dom@19.2.4_react@19.2.4__react@19.2.4/node_modules/next/dist/next-devtools/shared/forward-logs-shared.js:27
[   63756ms] [LOG] [Fast Refresh] rebuilding @ webpack-internal:///(app-pages-browser)/./node_modules/.pnpm/next@16.1.6_@babel+core@7.29.0_react-dom@19.2.4_react@19.2.4__react@19.2.4/node_modules/next/dist/next-devtools/shared/forward-logs-shared.js:27
[   63802ms] [LOG] [Fast Refresh] done in 45ms @ webpack-internal:///(app-pages-browser)/./node_modules/.pnpm/next@16.1.6_@babel+core@7.29.0_react-dom@19.2.4_react@19.2.4__react@19.2.4/node_modules/next/dist/next-devtools/shared/forward-logs-shared.js:27
[   63971ms] [LOG] [Fast Refresh] rebuilding @ webpack-internal:///(app-pages-browser)/./node_modules/.pnpm/next@16.1.6_@babel+core@7.29.0_react-dom@19.2.4_react@19.2.4__react@19.2.4/node_modules/next/dist/next-devtools/shared/forward-logs-shared.js:27
[   64012ms] [LOG] [Fast Refresh] done in 42ms @ webpack-internal:///(app-pages-browser)/./node_modules/.pnpm/next@16.1.6_@babel+core@7.29.0_react-dom@19.2.4_react@19.2.4__react@19.2.4/node_modules/next/dist/next-devtools/shared/forward-logs-shared.js:27
[   64176ms] [LOG] [Fast Refresh] rebuilding @ webpack-internal:///(app-pages-browser)/./node_modules/.pnpm/next@16.1.6_@babel+core@7.29.0_react-dom@19.2.4_react@19.2.4__react@19.2.4/node_modules/next/dist/next-devtools/shared/forward-logs-shared.js:27
[   64222ms] [LOG] [Fast Refresh] done in 47ms @ webpack-internal:///(app-pages-browser)/./node_modules/.pnpm/next@16.1.6_@babel+core@7.29.0_react-dom@19.2.4_react@19.2.4__react@19.2.4/node_modules/next/dist/next-devtools/shared/forward-logs-shared.js:27
[   64378ms] [LOG] [Fast Refresh] rebuilding @ webpack-internal:///(app-pages-browser)/./node_modules/.pnpm/next@16.1.6_@babel+core@7.29.0_react-dom@19.2.4_react@19.2.4__react@19.2.4/node_modules/next/dist/next-devtools/shared/forward-logs-shared.js:27
[   64431ms] [LOG] [Fast Refresh] done in 53ms @ webpack-internal:///(app-pages-browser)/./node_modules/.pnpm/next@16.1.6_@babel+core@7.29.0_react-dom@19.2.4_react@19.2.4__react@19.2.4/node_modules/next/dist/next-devtools/shared/forward-logs-shared.js:27
[   64592ms] [LOG] [Fast Refresh] rebuilding @ webpack-internal:///(app-pages-browser)/./node_modules/.pnpm/next@16.1.6_@babel+core@7.29.0_react-dom@19.2.4_react@19.2.4__react@19.2.4/node_modules/next/dist/next-devtools/shared/forward-logs-shared.js:27
[   64641ms] [LOG] [Fast Refresh] done in 49ms @ webpack-internal:///(app-pages-browser)/./node_modules/.pnpm/next@16.1.6_@babel+core@7.29.0_react-dom@19.2.4_react@19.2.4__react@19.2.4/node_modules/next/dist/next-devtools/shared/forward-logs-shared.js:27
[   64809ms] [LOG] [Fast Refresh] rebuilding @ webpack-internal:///(app-pages-browser)/./node_modules/.pnpm/next@16.1.6_@babel+core@7.29.0_react-dom@19.2.4_react@19.2.4__react@19.2.4/node_modules/next/dist/next-devtools/shared/forward-logs-shared.js:27
[   64850ms] [LOG] [Fast Refresh] done in 41ms @ webpack-internal:///(app-pages-browser)/./node_modules/.pnpm/next@16.1.6_@babel+core@7.29.0_react-dom@19.2.4_react@19.2.4__react@19.2.4/node_modules/next/dist/next-devtools/shared/forward-logs-shared.js:27
[   65023ms] [LOG] [Fast Refresh] rebuilding @ webpack-internal:///(app-pages-browser)/./node_modules/.pnpm/next@16.1.6_@babel+core@7.29.0_react-dom@19.2.4_react@19.2.4__react@19.2.4/node_modules/next/dist/next-devtools/shared/forward-logs-shared.js:27
[   65063ms] [LOG] [Fast Refresh] done in 40ms @ webpack-internal:///(app-pages-browser)/./node_modules/.pnpm/next@16.1.6_@babel+core@7.29.0_react-dom@19.2.4_react@19.2.4__react@19.2.4/node_modules/next/dist/next-devtools/shared/forward-logs-shared.js:27
[   65227ms] [LOG] [Fast Refresh] rebuilding @ webpack-internal:///(app-pages-browser)/./node_modules/.pnpm/next@16.1.6_@babel+core@7.29.0_react-dom@19.2.4_react@19.2.4__react@19.2.4/node_modules/next/dist/next-devtools/shared/forward-logs-shared.js:27
[   65264ms] [LOG] [Fast Refresh] done in 37ms @ webpack-internal:///(app-pages-browser)/./node_modules/.pnpm/next@16.1.6_@babel+core@7.29.0_react-dom@19.2.4_react@19.2.4__react@19.2.4/node_modules/next/dist/next-devtools/shared/forward-logs-shared.js:27
[   65434ms] [LOG] [Fast Refresh] rebuilding @ webpack-internal:///(app-pages-browser)/./node_modules/.pnpm/next@16.1.6_@babel+core@7.29.0_react-dom@19.2.4_react@19.2.4__react@19.2.4/node_modules/next/dist/next-devtools/shared/forward-logs-shared.js:27
[   65479ms] [LOG] [Fast Refresh] done in 44ms @ webpack-internal:///(app-pages-browser)/./node_modules/.pnpm/next@16.1.6_@babel+core@7.29.0_react-dom@19.2.4_react@19.2.4__react@19.2.4/node_modules/next/dist/next-devtools/shared/forward-logs-shared.js:27
[   65646ms] [LOG] [Fast Refresh] rebuilding @ webpack-internal:///(app-pages-browser)/./node_modules/.pnpm/next@16.1.6_@babel+core@7.29.0_react-dom@19.2.4_react@19.2.4__react@19.2.4/node_modules/next/dist/next-devtools/shared/forward-logs-shared.js:27
[   65697ms] [LOG] [Fast Refresh] done in 51ms @ webpack-internal:///(app-pages-browser)/./node_modules/.pnpm/next@16.1.6_@babel+core@7.29.0_react-dom@19.2.4_react@19.2.4__react@19.2.4/node_modules/next/dist/next-devtools/shared/forward-logs-shared.js:27
[   65861ms] [LOG] [Fast Refresh] rebuilding @ webpack-internal:///(app-pages-browser)/./node_modules/.pnpm/next@16.1.6_@babel+core@7.29.0_react-dom@19.2.4_react@19.2.4__react@19.2.4/node_modules/next/dist/next-devtools/shared/forward-logs-shared.js:27
[   65914ms] [LOG] [Fast Refresh] done in 52ms @ webpack-internal:///(app-pages-browser)/./node_modules/.pnpm/next@16.1.6_@babel+core@7.29.0_react-dom@19.2.4_react@19.2.4__react@19.2.4/node_modules/next/dist/next-devtools/shared/forward-logs-shared.js:27
[   66073ms] [LOG] [Fast Refresh] rebuilding @ webpack-internal:///(app-pages-browser)/./node_modules/.pnpm/next@16.1.6_@babel+core@7.29.0_react-dom@19.2.4_react@19.2.4__react@19.2.4/node_modules/next/dist/next-devtools/shared/forward-logs-shared.js:27
[   66125ms] [LOG] [Fast Refresh] done in 51ms @ webpack-internal:///(app-pages-browser)/./node_modules/.pnpm/next@16.1.6_@babel+core@7.29.0_react-dom@19.2.4_react@19.2.4__react@19.2.4/node_modules/next/dist/next-devtools/shared/forward-logs-shared.js:27
[   66286ms] [LOG] [Fast Refresh] rebuilding @ webpack-internal:///(app-pages-browser)/./node_modules/.pnpm/next@16.1.6_@babel+core@7.29.0_react-dom@19.2.4_react@19.2.4__react@19.2.4/node_modules/next/dist/next-devtools/shared/forward-logs-shared.js:27
[   66338ms] [LOG] [Fast Refresh] done in 52ms @ webpack-internal:///(app-pages-browser)/./node_modules/.pnpm/next@16.1.6_@babel+core@7.29.0_react-dom@19.2.4_react@19.2.4__react@19.2.4/node_modules/next/dist/next-devtools/shared/forward-logs-shared.js:27
[   66493ms] [LOG] [Fast Refresh] rebuilding @ webpack-internal:///(app-pages-browser)/./node_modules/.pnpm/next@16.1.6_@babel+core@7.29.0_react-dom@19.2.4_react@19.2.4__react@19.2.4/node_modules/next/dist/next-devtools/shared/forward-logs-shared.js:27
[   66536ms] [LOG] [Fast Refresh] done in 44ms @ webpack-internal:///(app-pages-browser)/./node_modules/.pnpm/next@16.1.6_@babel+core@7.29.0_react-dom@19.2.4_react@19.2.4__react@19.2.4/node_modules/next/dist/next-devtools/shared/forward-logs-shared.js:27
[   66704ms] [LOG] [Fast Refresh] rebuilding @ webpack-internal:///(app-pages-browser)/./node_modules/.pnpm/next@16.1.6_@babel+core@7.29.0_react-dom@19.2.4_react@19.2.4__react@19.2.4/node_modules/next/dist/next-devtools/shared/forward-logs-shared.js:27
[   66749ms] [LOG] [Fast Refresh] done in 45ms @ webpack-internal:///(app-pages-browser)/./node_modules/.pnpm/next@16.1.6_@babel+core@7.29.0_react-dom@19.2.4_react@19.2.4__react@19.2.4/node_modules/next/dist/next-devtools/shared/forward-logs-shared.js:27
[   66950ms] [LOG] [Fast Refresh] rebuilding @ webpack-internal:///(app-pages-browser)/./node_modules/.pnpm/next@16.1.6_@babel+core@7.29.0_react-dom@19.2.4_react@19.2.4__react@19.2.4/node_modules/next/dist/next-devtools/shared/forward-logs-shared.js:27
[   67080ms] [LOG] [Fast Refresh] done in 129ms @ webpack-internal:///(app-pages-browser)/./node_modules/.pnpm/next@16.1.6_@babel+core@7.29.0_react-dom@19.2.4_react@19.2.4__react@19.2.4/node_modules/next/dist/next-devtools/shared/forward-logs-shared.js:27
[   67272ms] [LOG] [Fast Refresh] rebuilding @ webpack-internal:///(app-pages-browser)/./node_modules/.pnpm/next@16.1.6_@babel+core@7.29.0_react-dom@19.2.4_react@19.2.4__react@19.2.4/node_modules/next/dist/next-devtools/shared/forward-logs-shared.js:27
[   67319ms] [LOG] [Fast Refresh] done in 48ms @ webpack-internal:///(app-pages-browser)/./node_modules/.pnpm/next@16.1.6_@babel+core@7.29.0_react-dom@19.2.4_react@19.2.4__react@19.2.4/node_modules/next/dist/next-devtools/shared/forward-logs-shared.js:27
[   67484ms] [LOG] [Fast Refresh] rebuilding @ webpack-internal:///(app-pages-browser)/./node_modules/.pnpm/next@16.1.6_@babel+core@7.29.0_react-dom@19.2.4_react@19.2.4__react@19.2.4/node_modules/next/dist/next-devtools/shared/forward-logs-shared.js:27
[   67538ms] [LOG] [Fast Refresh] done in 54ms @ webpack-internal:///(app-pages-browser)/./node_modules/.pnpm/next@16.1.6_@babel+core@7.29.0_react-dom@19.2.4_react@19.2.4__react@19.2.4/node_modules/next/dist/next-devtools/shared/forward-logs-shared.js:27
[   67708ms] [LOG] [Fast Refresh] rebuilding @ webpack-internal:///(app-pages-browser)/./node_modules/.pnpm/next@16.1.6_@babel+core@7.29.0_react-dom@19.2.4_react@19.2.4__react@19.2.4/node_modules/next/dist/next-devtools/shared/forward-logs-shared.js:27
[   67751ms] [LOG] [Fast Refresh] done in 43ms @ webpack-internal:///(app-pages-browser)/./node_modules/.pnpm/next@16.1.6_@babel+core@7.29.0_react-dom@19.2.4_react@19.2.4__react@19.2.4/node_modules/next/dist/next-devtools/shared/forward-logs-shared.js:27
[   67928ms] [LOG] [Fast Refresh] rebuilding @ webpack-internal:///(app-pages-browser)/./node_modules/.pnpm/next@16.1.6_@babel+core@7.29.0_react-dom@19.2.4_react@19.2.4__react@19.2.4/node_modules/next/dist/next-devtools/shared/forward-logs-shared.js:27
[   67982ms] [LOG] [Fast Refresh] done in 53ms @ webpack-internal:///(app-pages-browser)/./node_modules/.pnpm/next@16.1.6_@babel+core@7.29.0_react-dom@19.2.4_react@19.2.4__react@19.2.4/node_modules/next/dist/next-devtools/shared/forward-logs-shared.js:27
[   68146ms] [LOG] [Fast Refresh] rebuilding @ webpack-internal:///(app-pages-browser)/./node_modules/.pnpm/next@16.1.6_@babel+core@7.29.0_react-dom@19.2.4_react@19.2.4__react@19.2.4/node_modules/next/dist/next-devtools/shared/forward-logs-shared.js:27
[   68194ms] [LOG] [Fast Refresh] done in 48ms @ webpack-internal:///(app-pages-browser)/./node_modules/.pnpm/next@16.1.6_@babel+core@7.29.0_react-dom@19.2.4_react@19.2.4__react@19.2.4/node_modules/next/dist/next-devtools/shared/forward-logs-shared.js:27
[   68359ms] [LOG] [Fast Refresh] rebuilding @ webpack-internal:///(app-pages-browser)/./node_modules/.pnpm/next@16.1.6_@babel+core@7.29.0_react-dom@19.2.4_react@19.2.4__react@19.2.4/node_modules/next/dist/next-devtools/shared/forward-logs-shared.js:27
[   68410ms] [LOG] [Fast Refresh] done in 52ms @ webpack-internal:///(app-pages-browser)/./node_modules/.pnpm/next@16.1.6_@babel+core@7.29.0_react-dom@19.2.4_react@19.2.4__react@19.2.4/node_modules/next/dist/next-devtools/shared/forward-logs-shared.js:27
[   68580ms] [LOG] [Fast Refresh] rebuilding @ webpack-internal:///(app-pages-browser)/./node_modules/.pnpm/next@16.1.6_@babel+core@7.29.0_react-dom@19.2.4_react@19.2.4__react@19.2.4/node_modules/next/dist/next-devtools/shared/forward-logs-shared.js:27
[   68628ms] [LOG] [Fast Refresh] done in 47ms @ webpack-internal:///(app-pages-browser)/./node_modules/.pnpm/next@16.1.6_@babel+core@7.29.0_react-dom@19.2.4_react@19.2.4__react@19.2.4/node_modules/next/dist/next-devtools/shared/forward-logs-shared.js:27
[   68805ms] [LOG] [Fast Refresh] rebuilding @ webpack-internal:///(app-pages-browser)/./node_modules/.pnpm/next@16.1.6_@babel+core@7.29.0_react-dom@19.2.4_react@19.2.4__react@19.2.4/node_modules/next/dist/next-devtools/shared/forward-logs-shared.js:27
[   68860ms] [LOG] [Fast Refresh] done in 54ms @ webpack-internal:///(app-pages-browser)/./node_modules/.pnpm/next@16.1.6_@babel+core@7.29.0_react-dom@19.2.4_react@19.2.4__react@19.2.4/node_modules/next/dist/next-devtools/shared/forward-logs-shared.js:27
[   69030ms] [LOG] [Fast Refresh] rebuilding @ webpack-internal:///(app-pages-browser)/./node_modules/.pnpm/next@16.1.6_@babel+core@7.29.0_react-dom@19.2.4_react@19.2.4__react@19.2.4/node_modules/next/dist/next-devtools/shared/forward-logs-shared.js:27
[   69075ms] [LOG] [Fast Refresh] done in 45ms @ webpack-internal:///(app-pages-browser)/./node_modules/.pnpm/next@16.1.6_@babel+core@7.29.0_react-dom@19.2.4_react@19.2.4__react@19.2.4/node_modules/next/dist/next-devtools/shared/forward-logs-shared.js:27
[   69239ms] [LOG] [Fast Refresh] rebuilding @ webpack-internal:///(app-pages-browser)/./node_modules/.pnpm/next@16.1.6_@babel+core@7.29.0_react-dom@19.2.4_react@19.2.4__react@19.2.4/node_modules/next/dist/next-devtools/shared/forward-logs-shared.js:27
[   69297ms] [LOG] [Fast Refresh] done in 58ms @ webpack-internal:///(app-pages-browser)/./node_modules/.pnpm/next@16.1.6_@babel+core@7.29.0_react-dom@19.2.4_react@19.2.4__react@19.2.4/node_modules/next/dist/next-devtools/shared/forward-logs-shared.js:27
[   69460ms] [LOG] [Fast Refresh] rebuilding @ webpack-internal:///(app-pages-browser)/./node_modules/.pnpm/next@16.1.6_@babel+core@7.29.0_react-dom@19.2.4_react@19.2.4__react@19.2.4/node_modules/next/dist/next-devtools/shared/forward-logs-shared.js:27
[   69506ms] [LOG] [Fast Refresh] done in 46ms @ webpack-internal:///(app-pages-browser)/./node_modules/.pnpm/next@16.1.6_@babel+core@7.29.0_react-dom@19.2.4_react@19.2.4__react@19.2.4/node_modules/next/dist/next-devtools/shared/forward-logs-shared.js:27
[   69673ms] [LOG] [Fast Refresh] rebuilding @ webpack-internal:///(app-pages-browser)/./node_modules/.pnpm/next@16.1.6_@babel+core@7.29.0_react-dom@19.2.4_react@19.2.4__react@19.2.4/node_modules/next/dist/next-devtools/shared/forward-logs-shared.js:27
[   69729ms] [LOG] [Fast Refresh] done in 55ms @ webpack-internal:///(app-pages-browser)/./node_modules/.pnpm/next@16.1.6_@babel+core@7.29.0_react-dom@19.2.4_react@19.2.4__react@19.2.4/node_modules/next/dist/next-devtools/shared/forward-logs-shared.js:27
[   69891ms] [LOG] [Fast Refresh] rebuilding @ webpack-internal:///(app-pages-browser)/./node_modules/.pnpm/next@16.1.6_@babel+core@7.29.0_react-dom@19.2.4_react@19.2.4__react@19.2.4/node_modules/next/dist/next-devtools/shared/forward-logs-shared.js:27
[   69938ms] [LOG] [Fast Refresh] done in 46ms @ webpack-internal:///(app-pages-browser)/./node_modules/.pnpm/next@16.1.6_@babel+core@7.29.0_react-dom@19.2.4_react@19.2.4__react@19.2.4/node_modules/next/dist/next-devtools/shared/forward-logs-shared.js:27
[   70103ms] [LOG] [Fast Refresh] rebuilding @ webpack-internal:///(app-pages-browser)/./node_modules/.pnpm/next@16.1.6_@babel+core@7.29.0_react-dom@19.2.4_react@19.2.4__react@19.2.4/node_modules/next/dist/next-devtools/shared/forward-logs-shared.js:27
[   70153ms] [LOG] [Fast Refresh] done in 51ms @ webpack-internal:///(app-pages-browser)/./node_modules/.pnpm/next@16.1.6_@babel+core@7.29.0_react-dom@19.2.4_react@19.2.4__react@19.2.4/node_modules/next/dist/next-devtools/shared/forward-logs-shared.js:27
[   70313ms] [LOG] [Fast Refresh] rebuilding @ webpack-internal:///(app-pages-browser)/./node_modules/.pnpm/next@16.1.6_@babel+core@7.29.0_react-dom@19.2.4_react@19.2.4__react@19.2.4/node_modules/next/dist/next-devtools/shared/forward-logs-shared.js:27
[   70365ms] [LOG] [Fast Refresh] done in 52ms @ webpack-internal:///(app-pages-browser)/./node_modules/.pnpm/next@16.1.6_@babel+core@7.29.0_react-dom@19.2.4_react@19.2.4__react@19.2.4/node_modules/next/dist/next-devtools/shared/forward-logs-shared.js:27
[   70532ms] [LOG] [Fast Refresh] rebuilding @ webpack-internal:///(app-pages-browser)/./node_modules/.pnpm/next@16.1.6_@babel+core@7.29.0_react-dom@19.2.4_react@19.2.4__react@19.2.4/node_modules/next/dist/next-devtools/shared/forward-logs-shared.js:27
[   70588ms] [LOG] [Fast Refresh] done in 55ms @ webpack-internal:///(app-pages-browser)/./node_modules/.pnpm/next@16.1.6_@babel+core@7.29.0_react-dom@19.2.4_react@19.2.4__react@19.2.4/node_modules/next/dist/next-devtools/shared/forward-logs-shared.js:27
[   70759ms] [LOG] [Fast Refresh] rebuilding @ webpack-internal:///(app-pages-browser)/./node_modules/.pnpm/next@16.1.6_@babel+core@7.29.0_react-dom@19.2.4_react@19.2.4__react@19.2.4/node_modules/next/dist/next-devtools/shared/forward-logs-shared.js:27
[   70804ms] [LOG] [Fast Refresh] done in 46ms @ webpack-internal:///(app-pages-browser)/./node_modules/.pnpm/next@16.1.6_@babel+core@7.29.0_react-dom@19.2.4_react@19.2.4__react@19.2.4/node_modules/next/dist/next-devtools/shared/forward-logs-shared.js:27
[   70980ms] [LOG] [Fast Refresh] rebuilding @ webpack-internal:///(app-pages-browser)/./node_modules/.pnpm/next@16.1.6_@babel+core@7.29.0_react-dom@19.2.4_react@19.2.4__react@19.2.4/node_modules/next/dist/next-devtools/shared/forward-logs-shared.js:27
[   71033ms] [LOG] [Fast Refresh] done in 53ms @ webpack-internal:///(app-pages-browser)/./node_modules/.pnpm/next@16.1.6_@babel+core@7.29.0_react-dom@19.2.4_react@19.2.4__react@19.2.4/node_modules/next/dist/next-devtools/shared/forward-logs-shared.js:27
[   71203ms] [LOG] [Fast Refresh] rebuilding @ webpack-internal:///(app-pages-browser)/./node_modules/.pnpm/next@16.1.6_@babel+core@7.29.0_react-dom@19.2.4_react@19.2.4__react@19.2.4/node_modules/next/dist/next-devtools/shared/forward-logs-shared.js:27
[   71244ms] [LOG] [Fast Refresh] done in 41ms @ webpack-internal:///(app-pages-browser)/./node_modules/.pnpm/next@16.1.6_@babel+core@7.29.0_react-dom@19.2.4_react@19.2.4__react@19.2.4/node_modules/next/dist/next-devtools/shared/forward-logs-shared.js:27
[   71418ms] [LOG] [Fast Refresh] rebuilding @ webpack-internal:///(app-pages-browser)/./node_modules/.pnpm/next@16.1.6_@babel+core@7.29.0_react-dom@19.2.4_react@19.2.4__react@19.2.4/node_modules/next/dist/next-devtools/shared/forward-logs-shared.js:27
[   71467ms] [LOG] [Fast Refresh] done in 50ms @ webpack-internal:///(app-pages-browser)/./node_modules/.pnpm/next@16.1.6_@babel+core@7.29.0_react-dom@19.2.4_react@19.2.4__react@19.2.4/node_modules/next/dist/next-devtools/shared/forward-logs-shared.js:27
[   71634ms] [LOG] [Fast Refresh] rebuilding @ webpack-internal:///(app-pages-browser)/./node_modules/.pnpm/next@16.1.6_@babel+core@7.29.0_react-dom@19.2.4_react@19.2.4__react@19.2.4/node_modules/next/dist/next-devtools/shared/forward-logs-shared.js:27
[   71680ms] [LOG] [Fast Refresh] done in 46ms @ webpack-internal:///(app-pages-browser)/./node_modules/.pnpm/next@16.1.6_@babel+core@7.29.0_react-dom@19.2.4_react@19.2.4__react@19.2.4/node_modules/next/dist/next-devtools/shared/forward-logs-shared.js:27
[   71849ms] [LOG] [Fast Refresh] rebuilding @ webpack-internal:///(app-pages-browser)/./node_modules/.pnpm/next@16.1.6_@babel+core@7.29.0_react-dom@19.2.4_react@19.2.4__react@19.2.4/node_modules/next/dist/next-devtools/shared/forward-logs-shared.js:27
[   71898ms] [LOG] [Fast Refresh] done in 49ms @ webpack-internal:///(app-pages-browser)/./node_modules/.pnpm/next@16.1.6_@babel+core@7.29.0_react-dom@19.2.4_react@19.2.4__react@19.2.4/node_modules/next/dist/next-devtools/shared/forward-logs-shared.js:27
[   72051ms] [LOG] [Fast Refresh] rebuilding @ webpack-internal:///(app-pages-browser)/./node_modules/.pnpm/next@16.1.6_@babel+core@7.29.0_react-dom@19.2.4_react@19.2.4__react@19.2.4/node_modules/next/dist/next-devtools/shared/forward-logs-shared.js:27
[   72095ms] [LOG] [Fast Refresh] done in 45ms @ webpack-internal:///(app-pages-browser)/./node_modules/.pnpm/next@16.1.6_@babel+core@7.29.0_react-dom@19.2.4_react@19.2.4__react@19.2.4/node_modules/next/dist/next-devtools/shared/forward-logs-shared.js:27
[   72263ms] [LOG] [Fast Refresh] rebuilding @ webpack-internal:///(app-pages-browser)/./node_modules/.pnpm/next@16.1.6_@babel+core@7.29.0_react-dom@19.2.4_react@19.2.4__react@19.2.4/node_modules/next/dist/next-devtools/shared/forward-logs-shared.js:27
[   72319ms] [LOG] [Fast Refresh] done in 56ms @ webpack-internal:///(app-pages-browser)/./node_modules/.pnpm/next@16.1.6_@babel+core@7.29.0_react-dom@19.2.4_react@19.2.4__react@19.2.4/node_modules/next/dist/next-devtools/shared/forward-logs-shared.js:27
[   72488ms] [LOG] [Fast Refresh] rebuilding @ webpack-internal:///(app-pages-browser)/./node_modules/.pnpm/next@16.1.6_@babel+core@7.29.0_react-dom@19.2.4_react@19.2.4__react@19.2.4/node_modules/next/dist/next-devtools/shared/forward-logs-shared.js:27
[   72528ms] [LOG] [Fast Refresh] done in 41ms @ webpack-internal:///(app-pages-browser)/./node_modules/.pnpm/next@16.1.6_@babel+core@7.29.0_react-dom@19.2.4_react@19.2.4__react@19.2.4/node_modules/next/dist/next-devtools/shared/forward-logs-shared.js:27
[   72694ms] [LOG] [Fast Refresh] rebuilding @ webpack-internal:///(app-pages-browser)/./node_modules/.pnpm/next@16.1.6_@babel+core@7.29.0_react-dom@19.2.4_react@19.2.4__react@19.2.4/node_modules/next/dist/next-devtools/shared/forward-logs-shared.js:27
[   72752ms] [LOG] [Fast Refresh] done in 58ms @ webpack-internal:///(app-pages-browser)/./node_modules/.pnpm/next@16.1.6_@babel+core@7.29.0_react-dom@19.2.4_react@19.2.4__react@19.2.4/node_modules/next/dist/next-devtools/shared/forward-logs-shared.js:27
[   72904ms] [LOG] [Fast Refresh] rebuilding @ webpack-internal:///(app-pages-browser)/./node_modules/.pnpm/next@16.1.6_@babel+core@7.29.0_react-dom@19.2.4_react@19.2.4__react@19.2.4/node_modules/next/dist/next-devtools/shared/forward-logs-shared.js:27
[   72946ms] [LOG] [Fast Refresh] done in 41ms @ webpack-internal:///(app-pages-browser)/./node_modules/.pnpm/next@16.1.6_@babel+core@7.29.0_react-dom@19.2.4_react@19.2.4__react@19.2.4/node_modules/next/dist/next-devtools/shared/forward-logs-shared.js:27
[   73111ms] [LOG] [Fast Refresh] rebuilding @ webpack-internal:///(app-pages-browser)/./node_modules/.pnpm/next@16.1.6_@babel+core@7.29.0_react-dom@19.2.4_react@19.2.4__react@19.2.4/node_modules/next/dist/next-devtools/shared/forward-logs-shared.js:27
[   73168ms] [LOG] [Fast Refresh] done in 57ms @ webpack-internal:///(app-pages-browser)/./node_modules/.pnpm/next@16.1.6_@babel+core@7.29.0_react-dom@19.2.4_react@19.2.4__react@19.2.4/node_modules/next/dist/next-devtools/shared/forward-logs-shared.js:27
[   73325ms] [LOG] [Fast Refresh] rebuilding @ webpack-internal:///(app-pages-browser)/./node_modules/.pnpm/next@16.1.6_@babel+core@7.29.0_react-dom@19.2.4_react@19.2.4__react@19.2.4/node_modules/next/dist/next-devtools/shared/forward-logs-shared.js:27
[   73371ms] [LOG] [Fast Refresh] done in 46ms @ webpack-internal:///(app-pages-browser)/./node_modules/.pnpm/next@16.1.6_@babel+core@7.29.0_react-dom@19.2.4_react@19.2.4__react@19.2.4/node_modules/next/dist/next-devtools/shared/forward-logs-shared.js:27
[   73530ms] [LOG] [Fast Refresh] rebuilding @ webpack-internal:///(app-pages-browser)/./node_modules/.pnpm/next@16.1.6_@babel+core@7.29.0_react-dom@19.2.4_react@19.2.4__react@19.2.4/node_modules/next/dist/next-devtools/shared/forward-logs-shared.js:27
[   73583ms] [LOG] [Fast Refresh] done in 52ms @ webpack-internal:///(app-pages-browser)/./node_modules/.pnpm/next@16.1.6_@babel+core@7.29.0_react-dom@19.2.4_react@19.2.4__react@19.2.4/node_modules/next/dist/next-devtools/shared/forward-logs-shared.js:27
[   73743ms] [LOG] [Fast Refresh] rebuilding @ webpack-internal:///(app-pages-browser)/./node_modules/.pnpm/next@16.1.6_@babel+core@7.29.0_react-dom@19.2.4_react@19.2.4__react@19.2.4/node_modules/next/dist/next-devtools/shared/forward-logs-shared.js:27
[   73789ms] [LOG] [Fast Refresh] done in 47ms @ webpack-internal:///(app-pages-browser)/./node_modules/.pnpm/next@16.1.6_@babel+core@7.29.0_react-dom@19.2.4_react@19.2.4__react@19.2.4/node_modules/next/dist/next-devtools/shared/forward-logs-shared.js:27
[   73952ms] [LOG] [Fast Refresh] rebuilding @ webpack-internal:///(app-pages-browser)/./node_modules/.pnpm/next@16.1.6_@babel+core@7.29.0_react-dom@19.2.4_react@19.2.4__react@19.2.4/node_modules/next/dist/next-devtools/shared/forward-logs-shared.js:27
[   73999ms] [LOG] [Fast Refresh] done in 47ms @ webpack-internal:///(app-pages-browser)/./node_modules/.pnpm/next@16.1.6_@babel+core@7.29.0_react-dom@19.2.4_react@19.2.4__react@19.2.4/node_modules/next/dist/next-devtools/shared/forward-logs-shared.js:27
[   74159ms] [LOG] [Fast Refresh] rebuilding @ webpack-internal:///(app-pages-browser)/./node_modules/.pnpm/next@16.1.6_@babel+core@7.29.0_react-dom@19.2.4_react@19.2.4__react@19.2.4/node_modules/next/dist/next-devtools/shared/forward-logs-shared.js:27
[   74205ms] [LOG] [Fast Refresh] done in 47ms @ webpack-internal:///(app-pages-browser)/./node_modules/.pnpm/next@16.1.6_@babel+core@7.29.0_react-dom@19.2.4_react@19.2.4__react@19.2.4/node_modules/next/dist/next-devtools/shared/forward-logs-shared.js:27
[   74379ms] [LOG] [Fast Refresh] rebuilding @ webpack-internal:///(app-pages-browser)/./node_modules/.pnpm/next@16.1.6_@babel+core@7.29.0_react-dom@19.2.4_react@19.2.4__react@19.2.4/node_modules/next/dist/next-devtools/shared/forward-logs-shared.js:27
[   74434ms] [LOG] [Fast Refresh] done in 54ms @ webpack-internal:///(app-pages-browser)/./node_modules/.pnpm/next@16.1.6_@babel+core@7.29.0_react-dom@19.2.4_react@19.2.4__react@19.2.4/node_modules/next/dist/next-devtools/shared/forward-logs-shared.js:27
[   74599ms] [LOG] [Fast Refresh] rebuilding @ webpack-internal:///(app-pages-browser)/./node_modules/.pnpm/next@16.1.6_@babel+core@7.29.0_react-dom@19.2.4_react@19.2.4__react@19.2.4/node_modules/next/dist/next-devtools/shared/forward-logs-shared.js:27
[   74644ms] [LOG] [Fast Refresh] done in 46ms @ webpack-internal:///(app-pages-browser)/./node_modules/.pnpm/next@16.1.6_@babel+core@7.29.0_react-dom@19.2.4_react@19.2.4__react@19.2.4/node_modules/next/dist/next-devtools/shared/forward-logs-shared.js:27
[   74814ms] [LOG] [Fast Refresh] rebuilding @ webpack-internal:///(app-pages-browser)/./node_modules/.pnpm/next@16.1.6_@babel+core@7.29.0_react-dom@19.2.4_react@19.2.4__react@19.2.4/node_modules/next/dist/next-devtools/shared/forward-logs-shared.js:27
[   74867ms] [LOG] [Fast Refresh] done in 52ms @ webpack-internal:///(app-pages-browser)/./node_modules/.pnpm/next@16.1.6_@babel+core@7.29.0_react-dom@19.2.4_react@19.2.4__react@19.2.4/node_modules/next/dist/next-devtools/shared/forward-logs-shared.js:27
[   75041ms] [LOG] [Fast Refresh] rebuilding @ webpack-internal:///(app-pages-browser)/./node_modules/.pnpm/next@16.1.6_@babel+core@7.29.0_react-dom@19.2.4_react@19.2.4__react@19.2.4/node_modules/next/dist/next-devtools/shared/forward-logs-shared.js:27
[   75085ms] [LOG] [Fast Refresh] done in 43ms @ webpack-internal:///(app-pages-browser)/./node_modules/.pnpm/next@16.1.6_@babel+core@7.29.0_react-dom@19.2.4_react@19.2.4__react@19.2.4/node_modules/next/dist/next-devtools/shared/forward-logs-shared.js:27
[   75255ms] [LOG] [Fast Refresh] rebuilding @ webpack-internal:///(app-pages-browser)/./node_modules/.pnpm/next@16.1.6_@babel+core@7.29.0_react-dom@19.2.4_react@19.2.4__react@19.2.4/node_modules/next/dist/next-devtools/shared/forward-logs-shared.js:27
[   75314ms] [LOG] [Fast Refresh] done in 59ms @ webpack-internal:///(app-pages-browser)/./node_modules/.pnpm/next@16.1.6_@babel+core@7.29.0_react-dom@19.2.4_react@19.2.4__react@19.2.4/node_modules/next/dist/next-devtools/shared/forward-logs-shared.js:27
[   75484ms] [LOG] [Fast Refresh] rebuilding @ webpack-internal:///(app-pages-browser)/./node_modules/.pnpm/next@16.1.6_@babel+core@7.29.0_react-dom@19.2.4_react@19.2.4__react@19.2.4/node_modules/next/dist/next-devtools/shared/forward-logs-shared.js:27
[   75528ms] [LOG] [Fast Refresh] done in 45ms @ webpack-internal:///(app-pages-browser)/./node_modules/.pnpm/next@16.1.6_@babel+core@7.29.0_react-dom@19.2.4_react@19.2.4__react@19.2.4/node_modules/next/dist/next-devtools/shared/forward-logs-shared.js:27
[   75698ms] [LOG] [Fast Refresh] rebuilding @ webpack-internal:///(app-pages-browser)/./node_modules/.pnpm/next@16.1.6_@babel+core@7.29.0_react-dom@19.2.4_react@19.2.4__react@19.2.4/node_modules/next/dist/next-devtools/shared/forward-logs-shared.js:27
[   75756ms] [LOG] [Fast Refresh] done in 57ms @ webpack-internal:///(app-pages-browser)/./node_modules/.pnpm/next@16.1.6_@babel+core@7.29.0_react-dom@19.2.4_react@19.2.4__react@19.2.4/node_modules/next/dist/next-devtools/shared/forward-logs-shared.js:27
[   75915ms] [LOG] [Fast Refresh] rebuilding @ webpack-internal:///(app-pages-browser)/./node_modules/.pnpm/next@16.1.6_@babel+core@7.29.0_react-dom@19.2.4_react@19.2.4__react@19.2.4/node_modules/next/dist/next-devtools/shared/forward-logs-shared.js:27
[   75960ms] [LOG] [Fast Refresh] done in 44ms @ webpack-internal:///(app-pages-browser)/./node_modules/.pnpm/next@16.1.6_@babel+core@7.29.0_react-dom@19.2.4_react@19.2.4__react@19.2.4/node_modules/next/dist/next-devtools/shared/forward-logs-shared.js:27
[   76135ms] [LOG] [Fast Refresh] rebuilding @ webpack-internal:///(app-pages-browser)/./node_modules/.pnpm/next@16.1.6_@babel+core@7.29.0_react-dom@19.2.4_react@19.2.4__react@19.2.4/node_modules/next/dist/next-devtools/shared/forward-logs-shared.js:27
[   76186ms] [LOG] [Fast Refresh] done in 51ms @ webpack-internal:///(app-pages-browser)/./node_modules/.pnpm/next@16.1.6_@babel+core@7.29.0_react-dom@19.2.4_react@19.2.4__react@19.2.4/node_modules/next/dist/next-devtools/shared/forward-logs-shared.js:27
[   76353ms] [LOG] [Fast Refresh] rebuilding @ webpack-internal:///(app-pages-browser)/./node_modules/.pnpm/next@16.1.6_@babel+core@7.29.0_react-dom@19.2.4_react@19.2.4__react@19.2.4/node_modules/next/dist/next-devtools/shared/forward-logs-shared.js:27
[   76398ms] [LOG] [Fast Refresh] done in 45ms @ webpack-internal:///(app-pages-browser)/./node_modules/.pnpm/next@16.1.6_@babel+core@7.29.0_react-dom@19.2.4_react@19.2.4__react@19.2.4/node_modules/next/dist/next-devtools/shared/forward-logs-shared.js:27
[   76560ms] [LOG] [Fast Refresh] rebuilding @ webpack-internal:///(app-pages-browser)/./node_modules/.pnpm/next@16.1.6_@babel+core@7.29.0_react-dom@19.2.4_react@19.2.4__react@19.2.4/node_modules/next/dist/next-devtools/shared/forward-logs-shared.js:27
[   76618ms] [LOG] [Fast Refresh] done in 58ms @ webpack-internal:///(app-pages-browser)/./node_modules/.pnpm/next@16.1.6_@babel+core@7.29.0_react-dom@19.2.4_react@19.2.4__react@19.2.4/node_modules/next/dist/next-devtools/shared/forward-logs-shared.js:27
[   76778ms] [LOG] [Fast Refresh] rebuilding @ webpack-internal:///(app-pages-browser)/./node_modules/.pnpm/next@16.1.6_@babel+core@7.29.0_react-dom@19.2.4_react@19.2.4__react@19.2.4/node_modules/next/dist/next-devtools/shared/forward-logs-shared.js:27
[   76820ms] [LOG] [Fast Refresh] done in 42ms @ webpack-internal:///(app-pages-browser)/./node_modules/.pnpm/next@16.1.6_@babel+core@7.29.0_react-dom@19.2.4_react@19.2.4__react@19.2.4/node_modules/next/dist/next-devtools/shared/forward-logs-shared.js:27
[   76981ms] [LOG] [Fast Refresh] rebuilding @ webpack-internal:///(app-pages-browser)/./node_modules/.pnpm/next@16.1.6_@babel+core@7.29.0_react-dom@19.2.4_react@19.2.4__react@19.2.4/node_modules/next/dist/next-devtools/shared/forward-logs-shared.js:27
[   77035ms] [LOG] [Fast Refresh] done in 54ms @ webpack-internal:///(app-pages-browser)/./node_modules/.pnpm/next@16.1.6_@babel+core@7.29.0_react-dom@19.2.4_react@19.2.4__react@19.2.4/node_modules/next/dist/next-devtools/shared/forward-logs-shared.js:27
[   77202ms] [LOG] [Fast Refresh] rebuilding @ webpack-internal:///(app-pages-browser)/./node_modules/.pnpm/next@16.1.6_@babel+core@7.29.0_react-dom@19.2.4_react@19.2.4__react@19.2.4/node_modules/next/dist/next-devtools/shared/forward-logs-shared.js:27
[   77245ms] [LOG] [Fast Refresh] done in 44ms @ webpack-internal:///(app-pages-browser)/./node_modules/.pnpm/next@16.1.6_@babel+core@7.29.0_react-dom@19.2.4_react@19.2.4__react@19.2.4/node_modules/next/dist/next-devtools/shared/forward-logs-shared.js:27
[   77414ms] [LOG] [Fast Refresh] rebuilding @ webpack-internal:///(app-pages-browser)/./node_modules/.pnpm/next@16.1.6_@babel+core@7.29.0_react-dom@19.2.4_react@19.2.4__react@19.2.4/node_modules/next/dist/next-devtools/shared/forward-logs-shared.js:27
[   77471ms] [LOG] [Fast Refresh] done in 57ms @ webpack-internal:///(app-pages-browser)/./node_modules/.pnpm/next@16.1.6_@babel+core@7.29.0_react-dom@19.2.4_react@19.2.4__react@19.2.4/node_modules/next/dist/next-devtools/shared/forward-logs-shared.js:27
[   77631ms] [LOG] [Fast Refresh] rebuilding @ webpack-internal:///(app-pages-browser)/./node_modules/.pnpm/next@16.1.6_@babel+core@7.29.0_react-dom@19.2.4_react@19.2.4__react@19.2.4/node_modules/next/dist/next-devtools/shared/forward-logs-shared.js:27
[   77672ms] [LOG] [Fast Refresh] done in 40ms @ webpack-internal:///(app-pages-browser)/./node_modules/.pnpm/next@16.1.6_@babel+core@7.29.0_react-dom@19.2.4_react@19.2.4__react@19.2.4/node_modules/next/dist/next-devtools/shared/forward-logs-shared.js:27
[   77918ms] [LOG] [Fast Refresh] rebuilding @ webpack-internal:///(app-pages-browser)/./node_modules/.pnpm/next@16.1.6_@babel+core@7.29.0_react-dom@19.2.4_react@19.2.4__react@19.2.4/node_modules/next/dist/next-devtools/shared/forward-logs-shared.js:27
[   78045ms] [LOG] [Fast Refresh] done in 127ms @ webpack-internal:///(app-pages-browser)/./node_modules/.pnpm/next@16.1.6_@babel+core@7.29.0_react-dom@19.2.4_react@19.2.4__react@19.2.4/node_modules/next/dist/next-devtools/shared/forward-logs-shared.js:27
[   78224ms] [LOG] [Fast Refresh] rebuilding @ webpack-internal:///(app-pages-browser)/./node_modules/.pnpm/next@16.1.6_@babel+core@7.29.0_react-dom@19.2.4_react@19.2.4__react@19.2.4/node_modules/next/dist/next-devtools/shared/forward-logs-shared.js:27
[   78272ms] [LOG] [Fast Refresh] done in 49ms @ webpack-internal:///(app-pages-browser)/./node_modules/.pnpm/next@16.1.6_@babel+core@7.29.0_react-dom@19.2.4_react@19.2.4__react@19.2.4/node_modules/next/dist/next-devtools/shared/forward-logs-shared.js:27
[   78441ms] [LOG] [Fast Refresh] rebuilding @ webpack-internal:///(app-pages-browser)/./node_modules/.pnpm/next@16.1.6_@babel+core@7.29.0_react-dom@19.2.4_react@19.2.4__react@19.2.4/node_modules/next/dist/next-devtools/shared/forward-logs-shared.js:27
[   78486ms] [LOG] [Fast Refresh] done in 46ms @ webpack-internal:///(app-pages-browser)/./node_modules/.pnpm/next@16.1.6_@babel+core@7.29.0_react-dom@19.2.4_react@19.2.4__react@19.2.4/node_modules/next/dist/next-devtools/shared/forward-logs-shared.js:27
[   78657ms] [LOG] [Fast Refresh] rebuilding @ webpack-internal:///(app-pages-browser)/./node_modules/.pnpm/next@16.1.6_@babel+core@7.29.0_react-dom@19.2.4_react@19.2.4__react@19.2.4/node_modules/next/dist/next-devtools/shared/forward-logs-shared.js:27
[   78702ms] [LOG] [Fast Refresh] done in 45ms @ webpack-internal:///(app-pages-browser)/./node_modules/.pnpm/next@16.1.6_@babel+core@7.29.0_react-dom@19.2.4_react@19.2.4__react@19.2.4/node_modules/next/dist/next-devtools/shared/forward-logs-shared.js:27
[   78869ms] [LOG] [Fast Refresh] rebuilding @ webpack-internal:///(app-pages-browser)/./node_modules/.pnpm/next@16.1.6_@babel+core@7.29.0_react-dom@19.2.4_react@19.2.4__react@19.2.4/node_modules/next/dist/next-devtools/shared/forward-logs-shared.js:27
[   78922ms] [LOG] [Fast Refresh] done in 53ms @ webpack-internal:///(app-pages-browser)/./node_modules/.pnpm/next@16.1.6_@babel+core@7.29.0_react-dom@19.2.4_react@19.2.4__react@19.2.4/node_modules/next/dist/next-devtools/shared/forward-logs-shared.js:27
[   79105ms] [LOG] [Fast Refresh] rebuilding @ webpack-internal:///(app-pages-browser)/./node_modules/.pnpm/next@16.1.6_@babel+core@7.29.0_react-dom@19.2.4_react@19.2.4__react@19.2.4/node_modules/next/dist/next-devtools/shared/forward-logs-shared.js:27
[   79158ms] [LOG] [Fast Refresh] done in 52ms @ webpack-internal:///(app-pages-browser)/./node_modules/.pnpm/next@16.1.6_@babel+core@7.29.0_react-dom@19.2.4_react@19.2.4__react@19.2.4/node_modules/next/dist/next-devtools/shared/forward-logs-shared.js:27
[   79332ms] [LOG] [Fast Refresh] rebuilding @ webpack-internal:///(app-pages-browser)/./node_modules/.pnpm/next@16.1.6_@babel+core@7.29.0_react-dom@19.2.4_react@19.2.4__react@19.2.4/node_modules/next/dist/next-devtools/shared/forward-logs-shared.js:27
[   79377ms] [LOG] [Fast Refresh] done in 45ms @ webpack-internal:///(app-pages-browser)/./node_modules/.pnpm/next@16.1.6_@babel+core@7.29.0_react-dom@19.2.4_react@19.2.4__react@19.2.4/node_modules/next/dist/next-devtools/shared/forward-logs-shared.js:27
[   79550ms] [LOG] [Fast Refresh] rebuilding @ webpack-internal:///(app-pages-browser)/./node_modules/.pnpm/next@16.1.6_@babel+core@7.29.0_react-dom@19.2.4_react@19.2.4__react@19.2.4/node_modules/next/dist/next-devtools/shared/forward-logs-shared.js:27
[   79590ms] [LOG] [Fast Refresh] done in 40ms @ webpack-internal:///(app-pages-browser)/./node_modules/.pnpm/next@16.1.6_@babel+core@7.29.0_react-dom@19.2.4_react@19.2.4__react@19.2.4/node_modules/next/dist/next-devtools/shared/forward-logs-shared.js:27
[   79773ms] [LOG] [Fast Refresh] rebuilding @ webpack-internal:///(app-pages-browser)/./node_modules/.pnpm/next@16.1.6_@babel+core@7.29.0_react-dom@19.2.4_react@19.2.4__react@19.2.4/node_modules/next/dist/next-devtools/shared/forward-logs-shared.js:27
[   79814ms] [LOG] [Fast Refresh] done in 40ms @ webpack-internal:///(app-pages-browser)/./node_modules/.pnpm/next@16.1.6_@babel+core@7.29.0_react-dom@19.2.4_react@19.2.4__react@19.2.4/node_modules/next/dist/next-devtools/shared/forward-logs-shared.js:27
[   79997ms] [LOG] [Fast Refresh] rebuilding @ webpack-internal:///(app-pages-browser)/./node_modules/.pnpm/next@16.1.6_@babel+core@7.29.0_react-dom@19.2.4_react@19.2.4__react@19.2.4/node_modules/next/dist/next-devtools/shared/forward-logs-shared.js:27
[   80051ms] [LOG] [Fast Refresh] done in 54ms @ webpack-internal:///(app-pages-browser)/./node_modules/.pnpm/next@16.1.6_@babel+core@7.29.0_react-dom@19.2.4_react@19.2.4__react@19.2.4/node_modules/next/dist/next-devtools/shared/forward-logs-shared.js:27
[   80213ms] [LOG] [Fast Refresh] rebuilding @ webpack-internal:///(app-pages-browser)/./node_modules/.pnpm/next@16.1.6_@babel+core@7.29.0_react-dom@19.2.4_react@19.2.4__react@19.2.4/node_modules/next/dist/next-devtools/shared/forward-logs-shared.js:27
[   80264ms] [LOG] [Fast Refresh] done in 50ms @ webpack-internal:///(app-pages-browser)/./node_modules/.pnpm/next@16.1.6_@babel+core@7.29.0_react-dom@19.2.4_react@19.2.4__react@19.2.4/node_modules/next/dist/next-devtools/shared/forward-logs-shared.js:27
[   80430ms] [LOG] [Fast Refresh] rebuilding @ webpack-internal:///(app-pages-browser)/./node_modules/.pnpm/next@16.1.6_@babel+core@7.29.0_react-dom@19.2.4_react@19.2.4__react@19.2.4/node_modules/next/dist/next-devtools/shared/forward-logs-shared.js:27
[   80487ms] [LOG] [Fast Refresh] done in 56ms @ webpack-internal:///(app-pages-browser)/./node_modules/.pnpm/next@16.1.6_@babel+core@7.29.0_react-dom@19.2.4_react@19.2.4__react@19.2.4/node_modules/next/dist/next-devtools/shared/forward-logs-shared.js:27
[   80647ms] [LOG] [Fast Refresh] rebuilding @ webpack-internal:///(app-pages-browser)/./node_modules/.pnpm/next@16.1.6_@babel+core@7.29.0_react-dom@19.2.4_react@19.2.4__react@19.2.4/node_modules/next/dist/next-devtools/shared/forward-logs-shared.js:27
[   80698ms] [LOG] [Fast Refresh] done in 51ms @ webpack-internal:///(app-pages-browser)/./node_modules/.pnpm/next@16.1.6_@babel+core@7.29.0_react-dom@19.2.4_react@19.2.4__react@19.2.4/node_modules/next/dist/next-devtools/shared/forward-logs-shared.js:27
[   80869ms] [LOG] [Fast Refresh] rebuilding @ webpack-internal:///(app-pages-browser)/./node_modules/.pnpm/next@16.1.6_@babel+core@7.29.0_react-dom@19.2.4_react@19.2.4__react@19.2.4/node_modules/next/dist/next-devtools/shared/forward-logs-shared.js:27
[   80909ms] [LOG] [Fast Refresh] done in 40ms @ webpack-internal:///(app-pages-browser)/./node_modules/.pnpm/next@16.1.6_@babel+core@7.29.0_react-dom@19.2.4_react@19.2.4__react@19.2.4/node_modules/next/dist/next-devtools/shared/forward-logs-shared.js:27
[   81083ms] [LOG] [Fast Refresh] rebuilding @ webpack-internal:///(app-pages-browser)/./node_modules/.pnpm/next@16.1.6_@babel+core@7.29.0_react-dom@19.2.4_react@19.2.4__react@19.2.4/node_modules/next/dist/next-devtools/shared/forward-logs-shared.js:27
[   81120ms] [LOG] [Fast Refresh] done in 38ms @ webpack-internal:///(app-pages-browser)/./node_modules/.pnpm/next@16.1.6_@babel+core@7.29.0_react-dom@19.2.4_react@19.2.4__react@19.2.4/node_modules/next/dist/next-devtools/shared/forward-logs-shared.js:27
[   81290ms] [LOG] [Fast Refresh] rebuilding @ webpack-internal:///(app-pages-browser)/./node_modules/.pnpm/next@16.1.6_@babel+core@7.29.0_react-dom@19.2.4_react@19.2.4__react@19.2.4/node_modules/next/dist/next-devtools/shared/forward-logs-shared.js:27
[   81331ms] [LOG] [Fast Refresh] done in 40ms @ webpack-internal:///(app-pages-browser)/./node_modules/.pnpm/next@16.1.6_@babel+core@7.29.0_react-dom@19.2.4_react@19.2.4__react@19.2.4/node_modules/next/dist/next-devtools/shared/forward-logs-shared.js:27
[   81494ms] [LOG] [Fast Refresh] rebuilding @ webpack-internal:///(app-pages-browser)/./node_modules/.pnpm/next@16.1.6_@babel+core@7.29.0_react-dom@19.2.4_react@19.2.4__react@19.2.4/node_modules/next/dist/next-devtools/shared/forward-logs-shared.js:27
[   81537ms] [LOG] [Fast Refresh] done in 44ms @ webpack-internal:///(app-pages-browser)/./node_modules/.pnpm/next@16.1.6_@babel+core@7.29.0_react-dom@19.2.4_react@19.2.4__react@19.2.4/node_modules/next/dist/next-devtools/shared/forward-logs-shared.js:27
[   81714ms] [LOG] [Fast Refresh] rebuilding @ webpack-internal:///(app-pages-browser)/./node_modules/.pnpm/next@16.1.6_@babel+core@7.29.0_react-dom@19.2.4_react@19.2.4__react@19.2.4/node_modules/next/dist/next-devtools/shared/forward-logs-shared.js:27
[   81760ms] [LOG] [Fast Refresh] done in 46ms @ webpack-internal:///(app-pages-browser)/./node_modules/.pnpm/next@16.1.6_@babel+core@7.29.0_react-dom@19.2.4_react@19.2.4__react@19.2.4/node_modules/next/dist/next-devtools/shared/forward-logs-shared.js:27
[   81932ms] [LOG] [Fast Refresh] rebuilding @ webpack-internal:///(app-pages-browser)/./node_modules/.pnpm/next@16.1.6_@babel+core@7.29.0_react-dom@19.2.4_react@19.2.4__react@19.2.4/node_modules/next/dist/next-devtools/shared/forward-logs-shared.js:27
[   81973ms] [LOG] [Fast Refresh] done in 40ms @ webpack-internal:///(app-pages-browser)/./node_modules/.pnpm/next@16.1.6_@babel+core@7.29.0_react-dom@19.2.4_react@19.2.4__react@19.2.4/node_modules/next/dist/next-devtools/shared/forward-logs-shared.js:27
[   82148ms] [LOG] [Fast Refresh] rebuilding @ webpack-internal:///(app-pages-browser)/./node_modules/.pnpm/next@16.1.6_@babel+core@7.29.0_react-dom@19.2.4_react@19.2.4__react@19.2.4/node_modules/next/dist/next-devtools/shared/forward-logs-shared.js:27
[   82190ms] [LOG] [Fast Refresh] done in 41ms @ webpack-internal:///(app-pages-browser)/./node_modules/.pnpm/next@16.1.6_@babel+core@7.29.0_react-dom@19.2.4_react@19.2.4__react@19.2.4/node_modules/next/dist/next-devtools/shared/forward-logs-shared.js:27
[   82359ms] [LOG] [Fast Refresh] rebuilding @ webpack-internal:///(app-pages-browser)/./node_modules/.pnpm/next@16.1.6_@babel+core@7.29.0_react-dom@19.2.4_react@19.2.4__react@19.2.4/node_modules/next/dist/next-devtools/shared/forward-logs-shared.js:27
[   82402ms] [LOG] [Fast Refresh] done in 44ms @ webpack-internal:///(app-pages-browser)/./node_modules/.pnpm/next@16.1.6_@babel+core@7.29.0_react-dom@19.2.4_react@19.2.4__react@19.2.4/node_modules/next/dist/next-devtools/shared/forward-logs-shared.js:27
[   82562ms] [LOG] [Fast Refresh] rebuilding @ webpack-internal:///(app-pages-browser)/./node_modules/.pnpm/next@16.1.6_@babel+core@7.29.0_react-dom@19.2.4_react@19.2.4__react@19.2.4/node_modules/next/dist/next-devtools/shared/forward-logs-shared.js:27
[   82606ms] [LOG] [Fast Refresh] done in 44ms @ webpack-internal:///(app-pages-browser)/./node_modules/.pnpm/next@16.1.6_@babel+core@7.29.0_react-dom@19.2.4_react@19.2.4__react@19.2.4/node_modules/next/dist/next-devtools/shared/forward-logs-shared.js:27
[   82778ms] [LOG] [Fast Refresh] rebuilding @ webpack-internal:///(app-pages-browser)/./node_modules/.pnpm/next@16.1.6_@babel+core@7.29.0_react-dom@19.2.4_react@19.2.4__react@19.2.4/node_modules/next/dist/next-devtools/shared/forward-logs-shared.js:27
[   82836ms] [LOG] [Fast Refresh] done in 58ms @ webpack-internal:///(app-pages-browser)/./node_modules/.pnpm/next@16.1.6_@babel+core@7.29.0_react-dom@19.2.4_react@19.2.4__react@19.2.4/node_modules/next/dist/next-devtools/shared/forward-logs-shared.js:27
[   82991ms] [LOG] [Fast Refresh] rebuilding @ webpack-internal:///(app-pages-browser)/./node_modules/.pnpm/next@16.1.6_@babel+core@7.29.0_react-dom@19.2.4_react@19.2.4__react@19.2.4/node_modules/next/dist/next-devtools/shared/forward-logs-shared.js:27
[   83038ms] [LOG] [Fast Refresh] done in 46ms @ webpack-internal:///(app-pages-browser)/./node_modules/.pnpm/next@16.1.6_@babel+core@7.29.0_react-dom@19.2.4_react@19.2.4__react@19.2.4/node_modules/next/dist/next-devtools/shared/forward-logs-shared.js:27
[   83198ms] [LOG] [Fast Refresh] rebuilding @ webpack-internal:///(app-pages-browser)/./node_modules/.pnpm/next@16.1.6_@babel+core@7.29.0_react-dom@19.2.4_react@19.2.4__react@19.2.4/node_modules/next/dist/next-devtools/shared/forward-logs-shared.js:27
[   83251ms] [LOG] [Fast Refresh] done in 53ms @ webpack-internal:///(app-pages-browser)/./node_modules/.pnpm/next@16.1.6_@babel+core@7.29.0_react-dom@19.2.4_react@19.2.4__react@19.2.4/node_modules/next/dist/next-devtools/shared/forward-logs-shared.js:27
[   83412ms] [LOG] [Fast Refresh] rebuilding @ webpack-internal:///(app-pages-browser)/./node_modules/.pnpm/next@16.1.6_@babel+core@7.29.0_react-dom@19.2.4_react@19.2.4__react@19.2.4/node_modules/next/dist/next-devtools/shared/forward-logs-shared.js:27
[   83464ms] [LOG] [Fast Refresh] done in 51ms @ webpack-internal:///(app-pages-browser)/./node_modules/.pnpm/next@16.1.6_@babel+core@7.29.0_react-dom@19.2.4_react@19.2.4__react@19.2.4/node_modules/next/dist/next-devtools/shared/forward-logs-shared.js:27
[   83625ms] [LOG] [Fast Refresh] rebuilding @ webpack-internal:///(app-pages-browser)/./node_modules/.pnpm/next@16.1.6_@babel+core@7.29.0_react-dom@19.2.4_react@19.2.4__react@19.2.4/node_modules/next/dist/next-devtools/shared/forward-logs-shared.js:27
[   83670ms] [LOG] [Fast Refresh] done in 45ms @ webpack-internal:///(app-pages-browser)/./node_modules/.pnpm/next@16.1.6_@babel+core@7.29.0_react-dom@19.2.4_react@19.2.4__react@19.2.4/node_modules/next/dist/next-devtools/shared/forward-logs-shared.js:27
[   83846ms] [LOG] [Fast Refresh] rebuilding @ webpack-internal:///(app-pages-browser)/./node_modules/.pnpm/next@16.1.6_@babel+core@7.29.0_react-dom@19.2.4_react@19.2.4__react@19.2.4/node_modules/next/dist/next-devtools/shared/forward-logs-shared.js:27
[   83891ms] [LOG] [Fast Refresh] done in 46ms @ webpack-internal:///(app-pages-browser)/./node_modules/.pnpm/next@16.1.6_@babel+core@7.29.0_react-dom@19.2.4_react@19.2.4__react@19.2.4/node_modules/next/dist/next-devtools/shared/forward-logs-shared.js:27
[   84057ms] [LOG] [Fast Refresh] rebuilding @ webpack-internal:///(app-pages-browser)/./node_modules/.pnpm/next@16.1.6_@babel+core@7.29.0_react-dom@19.2.4_react@19.2.4__react@19.2.4/node_modules/next/dist/next-devtools/shared/forward-logs-shared.js:27
[   84098ms] [LOG] [Fast Refresh] done in 41ms @ webpack-internal:///(app-pages-browser)/./node_modules/.pnpm/next@16.1.6_@babel+core@7.29.0_react-dom@19.2.4_react@19.2.4__react@19.2.4/node_modules/next/dist/next-devtools/shared/forward-logs-shared.js:27
[   84261ms] [LOG] [Fast Refresh] rebuilding @ webpack-internal:///(app-pages-browser)/./node_modules/.pnpm/next@16.1.6_@babel+core@7.29.0_react-dom@19.2.4_react@19.2.4__react@19.2.4/node_modules/next/dist/next-devtools/shared/forward-logs-shared.js:27
[   84301ms] [LOG] [Fast Refresh] done in 40ms @ webpack-internal:///(app-pages-browser)/./node_modules/.pnpm/next@16.1.6_@babel+core@7.29.0_react-dom@19.2.4_react@19.2.4__react@19.2.4/node_modules/next/dist/next-devtools/shared/forward-logs-shared.js:27
[   84467ms] [LOG] [Fast Refresh] rebuilding @ webpack-internal:///(app-pages-browser)/./node_modules/.pnpm/next@16.1.6_@babel+core@7.29.0_react-dom@19.2.4_react@19.2.4__react@19.2.4/node_modules/next/dist/next-devtools/shared/forward-logs-shared.js:27
[   84513ms] [LOG] [Fast Refresh] done in 46ms @ webpack-internal:///(app-pages-browser)/./node_modules/.pnpm/next@16.1.6_@babel+core@7.29.0_react-dom@19.2.4_react@19.2.4__react@19.2.4/node_modules/next/dist/next-devtools/shared/forward-logs-shared.js:27
[   84671ms] [LOG] [Fast Refresh] rebuilding @ webpack-internal:///(app-pages-browser)/./node_modules/.pnpm/next@16.1.6_@babel+core@7.29.0_react-dom@19.2.4_react@19.2.4__react@19.2.4/node_modules/next/dist/next-devtools/shared/forward-logs-shared.js:27
[   84722ms] [LOG] [Fast Refresh] done in 51ms @ webpack-internal:///(app-pages-browser)/./node_modules/.pnpm/next@16.1.6_@babel+core@7.29.0_react-dom@19.2.4_react@19.2.4__react@19.2.4/node_modules/next/dist/next-devtools/shared/forward-logs-shared.js:27
[   84882ms] [LOG] [Fast Refresh] rebuilding @ webpack-internal:///(app-pages-browser)/./node_modules/.pnpm/next@16.1.6_@babel+core@7.29.0_react-dom@19.2.4_react@19.2.4__react@19.2.4/node_modules/next/dist/next-devtools/shared/forward-logs-shared.js:27
[   84925ms] [LOG] [Fast Refresh] done in 42ms @ webpack-internal:///(app-pages-browser)/./node_modules/.pnpm/next@16.1.6_@babel+core@7.29.0_react-dom@19.2.4_react@19.2.4__react@19.2.4/node_modules/next/dist/next-devtools/shared/forward-logs-shared.js:27
[   85101ms] [LOG] [Fast Refresh] rebuilding @ webpack-internal:///(app-pages-browser)/./node_modules/.pnpm/next@16.1.6_@babel+core@7.29.0_react-dom@19.2.4_react@19.2.4__react@19.2.4/node_modules/next/dist/next-devtools/shared/forward-logs-shared.js:27
[   85141ms] [LOG] [Fast Refresh] done in 40ms @ webpack-internal:///(app-pages-browser)/./node_modules/.pnpm/next@16.1.6_@babel+core@7.29.0_react-dom@19.2.4_react@19.2.4__react@19.2.4/node_modules/next/dist/next-devtools/shared/forward-logs-shared.js:27
[   85305ms] [LOG] [Fast Refresh] rebuilding @ webpack-internal:///(app-pages-browser)/./node_modules/.pnpm/next@16.1.6_@babel+core@7.29.0_react-dom@19.2.4_react@19.2.4__react@19.2.4/node_modules/next/dist/next-devtools/shared/forward-logs-shared.js:27
[   85355ms] [LOG] [Fast Refresh] done in 51ms @ webpack-internal:///(app-pages-browser)/./node_modules/.pnpm/next@16.1.6_@babel+core@7.29.0_react-dom@19.2.4_react@19.2.4__react@19.2.4/node_modules/next/dist/next-devtools/shared/forward-logs-shared.js:27
[   85518ms] [LOG] [Fast Refresh] rebuilding @ webpack-internal:///(app-pages-browser)/./node_modules/.pnpm/next@16.1.6_@babel+core@7.29.0_react-dom@19.2.4_react@19.2.4__react@19.2.4/node_modules/next/dist/next-devtools/shared/forward-logs-shared.js:27
[   85568ms] [LOG] [Fast Refresh] done in 49ms @ webpack-internal:///(app-pages-browser)/./node_modules/.pnpm/next@16.1.6_@babel+core@7.29.0_react-dom@19.2.4_react@19.2.4__react@19.2.4/node_modules/next/dist/next-devtools/shared/forward-logs-shared.js:27
[   85721ms] [LOG] [Fast Refresh] rebuilding @ webpack-internal:///(app-pages-browser)/./node_modules/.pnpm/next@16.1.6_@babel+core@7.29.0_react-dom@19.2.4_react@19.2.4__react@19.2.4/node_modules/next/dist/next-devtools/shared/forward-logs-shared.js:27
[   85773ms] [LOG] [Fast Refresh] done in 51ms @ webpack-internal:///(app-pages-browser)/./node_modules/.pnpm/next@16.1.6_@babel+core@7.29.0_react-dom@19.2.4_react@19.2.4__react@19.2.4/node_modules/next/dist/next-devtools/shared/forward-logs-shared.js:27
[   85935ms] [LOG] [Fast Refresh] rebuilding @ webpack-internal:///(app-pages-browser)/./node_modules/.pnpm/next@16.1.6_@babel+core@7.29.0_react-dom@19.2.4_react@19.2.4__react@19.2.4/node_modules/next/dist/next-devtools/shared/forward-logs-shared.js:27
[   85975ms] [LOG] [Fast Refresh] done in 39ms @ webpack-internal:///(app-pages-browser)/./node_modules/.pnpm/next@16.1.6_@babel+core@7.29.0_react-dom@19.2.4_react@19.2.4__react@19.2.4/node_modules/next/dist/next-devtools/shared/forward-logs-shared.js:27
[   86139ms] [LOG] [Fast Refresh] rebuilding @ webpack-internal:///(app-pages-browser)/./node_modules/.pnpm/next@16.1.6_@babel+core@7.29.0_react-dom@19.2.4_react@19.2.4__react@19.2.4/node_modules/next/dist/next-devtools/shared/forward-logs-shared.js:27
[   86189ms] [LOG] [Fast Refresh] done in 50ms @ webpack-internal:///(app-pages-browser)/./node_modules/.pnpm/next@16.1.6_@babel+core@7.29.0_react-dom@19.2.4_react@19.2.4__react@19.2.4/node_modules/next/dist/next-devtools/shared/forward-logs-shared.js:27
[   86352ms] [LOG] [Fast Refresh] rebuilding @ webpack-internal:///(app-pages-browser)/./node_modules/.pnpm/next@16.1.6_@babel+core@7.29.0_react-dom@19.2.4_react@19.2.4__react@19.2.4/node_modules/next/dist/next-devtools/shared/forward-logs-shared.js:27
[   86395ms] [LOG] [Fast Refresh] done in 42ms @ webpack-internal:///(app-pages-browser)/./node_modules/.pnpm/next@16.1.6_@babel+core@7.29.0_react-dom@19.2.4_react@19.2.4__react@19.2.4/node_modules/next/dist/next-devtools/shared/forward-logs-shared.js:27
[   86560ms] [LOG] [Fast Refresh] rebuilding @ webpack-internal:///(app-pages-browser)/./node_modules/.pnpm/next@16.1.6_@babel+core@7.29.0_react-dom@19.2.4_react@19.2.4__react@19.2.4/node_modules/next/dist/next-devtools/shared/forward-logs-shared.js:27
[   86609ms] [LOG] [Fast Refresh] done in 48ms @ webpack-internal:///(app-pages-browser)/./node_modules/.pnpm/next@16.1.6_@babel+core@7.29.0_react-dom@19.2.4_react@19.2.4__react@19.2.4/node_modules/next/dist/next-devtools/shared/forward-logs-shared.js:27
[   86779ms] [LOG] [Fast Refresh] rebuilding @ webpack-internal:///(app-pages-browser)/./node_modules/.pnpm/next@16.1.6_@babel+core@7.29.0_react-dom@19.2.4_react@19.2.4__react@19.2.4/node_modules/next/dist/next-devtools/shared/forward-logs-shared.js:27
[   86831ms] [LOG] [Fast Refresh] done in 52ms @ webpack-internal:///(app-pages-browser)/./node_modules/.pnpm/next@16.1.6_@babel+core@7.29.0_react-dom@19.2.4_react@19.2.4__react@19.2.4/node_modules/next/dist/next-devtools/shared/forward-logs-shared.js:27
[   87002ms] [LOG] [Fast Refresh] rebuilding @ webpack-internal:///(app-pages-browser)/./node_modules/.pnpm/next@16.1.6_@babel+core@7.29.0_react-dom@19.2.4_react@19.2.4__react@19.2.4/node_modules/next/dist/next-devtools/shared/forward-logs-shared.js:27
[   87044ms] [LOG] [Fast Refresh] done in 42ms @ webpack-internal:///(app-pages-browser)/./node_modules/.pnpm/next@16.1.6_@babel+core@7.29.0_react-dom@19.2.4_react@19.2.4__react@19.2.4/node_modules/next/dist/next-devtools/shared/forward-logs-shared.js:27
[   87230ms] [LOG] [Fast Refresh] rebuilding @ webpack-internal:///(app-pages-browser)/./node_modules/.pnpm/next@16.1.6_@babel+core@7.29.0_react-dom@19.2.4_react@19.2.4__react@19.2.4/node_modules/next/dist/next-devtools/shared/forward-logs-shared.js:27
[   87283ms] [LOG] [Fast Refresh] done in 53ms @ webpack-internal:///(app-pages-browser)/./node_modules/.pnpm/next@16.1.6_@babel+core@7.29.0_react-dom@19.2.4_react@19.2.4__react@19.2.4/node_modules/next/dist/next-devtools/shared/forward-logs-shared.js:27
[   87442ms] [LOG] [Fast Refresh] rebuilding @ webpack-internal:///(app-pages-browser)/./node_modules/.pnpm/next@16.1.6_@babel+core@7.29.0_react-dom@19.2.4_react@19.2.4__react@19.2.4/node_modules/next/dist/next-devtools/shared/forward-logs-shared.js:27
[   87492ms] [LOG] [Fast Refresh] done in 49ms @ webpack-internal:///(app-pages-browser)/./node_modules/.pnpm/next@16.1.6_@babel+core@7.29.0_react-dom@19.2.4_react@19.2.4__react@19.2.4/node_modules/next/dist/next-devtools/shared/forward-logs-shared.js:27
[   87659ms] [LOG] [Fast Refresh] rebuilding @ webpack-internal:///(app-pages-browser)/./node_modules/.pnpm/next@16.1.6_@babel+core@7.29.0_react-dom@19.2.4_react@19.2.4__react@19.2.4/node_modules/next/dist/next-devtools/shared/forward-logs-shared.js:27
[   87707ms] [LOG] [Fast Refresh] done in 48ms @ webpack-internal:///(app-pages-browser)/./node_modules/.pnpm/next@16.1.6_@babel+core@7.29.0_react-dom@19.2.4_react@19.2.4__react@19.2.4/node_modules/next/dist/next-devtools/shared/forward-logs-shared.js:27
[   87872ms] [LOG] [Fast Refresh] rebuilding @ webpack-internal:///(app-pages-browser)/./node_modules/.pnpm/next@16.1.6_@babel+core@7.29.0_react-dom@19.2.4_react@19.2.4__react@19.2.4/node_modules/next/dist/next-devtools/shared/forward-logs-shared.js:27
[   87907ms] [LOG] [Fast Refresh] done in 35ms @ webpack-internal:///(app-pages-browser)/./node_modules/.pnpm/next@16.1.6_@babel+core@7.29.0_react-dom@19.2.4_react@19.2.4__react@19.2.4/node_modules/next/dist/next-devtools/shared/forward-logs-shared.js:27
[   88074ms] [LOG] [Fast Refresh] rebuilding @ webpack-internal:///(app-pages-browser)/./node_modules/.pnpm/next@16.1.6_@babel+core@7.29.0_react-dom@19.2.4_react@19.2.4__react@19.2.4/node_modules/next/dist/next-devtools/shared/forward-logs-shared.js:27
[   88125ms] [LOG] [Fast Refresh] done in 50ms @ webpack-internal:///(app-pages-browser)/./node_modules/.pnpm/next@16.1.6_@babel+core@7.29.0_react-dom@19.2.4_react@19.2.4__react@19.2.4/node_modules/next/dist/next-devtools/shared/forward-logs-shared.js:27
[   88314ms] [LOG] [Fast Refresh] rebuilding @ webpack-internal:///(app-pages-browser)/./node_modules/.pnpm/next@16.1.6_@babel+core@7.29.0_react-dom@19.2.4_react@19.2.4__react@19.2.4/node_modules/next/dist/next-devtools/shared/forward-logs-shared.js:27
[   88489ms] [LOG] [Fast Refresh] done in 174ms @ webpack-internal:///(app-pages-browser)/./node_modules/.pnpm/next@16.1.6_@babel+core@7.29.0_react-dom@19.2.4_react@19.2.4__react@19.2.4/node_modules/next/dist/next-devtools/shared/forward-logs-shared.js:27
[   88676ms] [LOG] [Fast Refresh] rebuilding @ webpack-internal:///(app-pages-browser)/./node_modules/.pnpm/next@16.1.6_@babel+core@7.29.0_react-dom@19.2.4_react@19.2.4__react@19.2.4/node_modules/next/dist/next-devtools/shared/forward-logs-shared.js:27
[   88728ms] [LOG] [Fast Refresh] done in 52ms @ webpack-internal:///(app-pages-browser)/./node_modules/.pnpm/next@16.1.6_@babel+core@7.29.0_react-dom@19.2.4_react@19.2.4__react@19.2.4/node_modules/next/dist/next-devtools/shared/forward-logs-shared.js:27
[   88897ms] [LOG] [Fast Refresh] rebuilding @ webpack-internal:///(app-pages-browser)/./node_modules/.pnpm/next@16.1.6_@babel+core@7.29.0_react-dom@19.2.4_react@19.2.4__react@19.2.4/node_modules/next/dist/next-devtools/shared/forward-logs-shared.js:27
[   88946ms] [LOG] [Fast Refresh] done in 48ms @ webpack-internal:///(app-pages-browser)/./node_modules/.pnpm/next@16.1.6_@babel+core@7.29.0_react-dom@19.2.4_react@19.2.4__react@19.2.4/node_modules/next/dist/next-devtools/shared/forward-logs-shared.js:27
[   89125ms] [LOG] [Fast Refresh] rebuilding @ webpack-internal:///(app-pages-browser)/./node_modules/.pnpm/next@16.1.6_@babel+core@7.29.0_react-dom@19.2.4_react@19.2.4__react@19.2.4/node_modules/next/dist/next-devtools/shared/forward-logs-shared.js:27
[   89170ms] [LOG] [Fast Refresh] done in 44ms @ webpack-internal:///(app-pages-browser)/./node_modules/.pnpm/next@16.1.6_@babel+core@7.29.0_react-dom@19.2.4_react@19.2.4__react@19.2.4/node_modules/next/dist/next-devtools/shared/forward-logs-shared.js:27
[   89356ms] [LOG] [Fast Refresh] rebuilding @ webpack-internal:///(app-pages-browser)/./node_modules/.pnpm/next@16.1.6_@babel+core@7.29.0_react-dom@19.2.4_react@19.2.4__react@19.2.4/node_modules/next/dist/next-devtools/shared/forward-logs-shared.js:27
[   89407ms] [LOG] [Fast Refresh] done in 51ms @ webpack-internal:///(app-pages-browser)/./node_modules/.pnpm/next@16.1.6_@babel+core@7.29.0_react-dom@19.2.4_react@19.2.4__react@19.2.4/node_modules/next/dist/next-devtools/shared/forward-logs-shared.js:27
[   89572ms] [LOG] [Fast Refresh] rebuilding @ webpack-internal:///(app-pages-browser)/./node_modules/.pnpm/next@16.1.6_@babel+core@7.29.0_react-dom@19.2.4_react@19.2.4__react@19.2.4/node_modules/next/dist/next-devtools/shared/forward-logs-shared.js:27
[   89618ms] [LOG] [Fast Refresh] done in 46ms @ webpack-internal:///(app-pages-browser)/./node_modules/.pnpm/next@16.1.6_@babel+core@7.29.0_react-dom@19.2.4_react@19.2.4__react@19.2.4/node_modules/next/dist/next-devtools/shared/forward-logs-shared.js:27
[   89798ms] [LOG] [Fast Refresh] rebuilding @ webpack-internal:///(app-pages-browser)/./node_modules/.pnpm/next@16.1.6_@babel+core@7.29.0_react-dom@19.2.4_react@19.2.4__react@19.2.4/node_modules/next/dist/next-devtools/shared/forward-logs-shared.js:27
[   89842ms] [LOG] [Fast Refresh] done in 44ms @ webpack-internal:///(app-pages-browser)/./node_modules/.pnpm/next@16.1.6_@babel+core@7.29.0_react-dom@19.2.4_react@19.2.4__react@19.2.4/node_modules/next/dist/next-devtools/shared/forward-logs-shared.js:27
[   90010ms] [LOG] [Fast Refresh] rebuilding @ webpack-internal:///(app-pages-browser)/./node_modules/.pnpm/next@16.1.6_@babel+core@7.29.0_react-dom@19.2.4_react@19.2.4__react@19.2.4/node_modules/next/dist/next-devtools/shared/forward-logs-shared.js:27
[   90054ms] [LOG] [Fast Refresh] done in 44ms @ webpack-internal:///(app-pages-browser)/./node_modules/.pnpm/next@16.1.6_@babel+core@7.29.0_react-dom@19.2.4_react@19.2.4__react@19.2.4/node_modules/next/dist/next-devtools/shared/forward-logs-shared.js:27
[   90224ms] [LOG] [Fast Refresh] rebuilding @ webpack-internal:///(app-pages-browser)/./node_modules/.pnpm/next@16.1.6_@babel+core@7.29.0_react-dom@19.2.4_react@19.2.4__react@19.2.4/node_modules/next/dist/next-devtools/shared/forward-logs-shared.js:27
[   90275ms] [LOG] [Fast Refresh] done in 51ms @ webpack-internal:///(app-pages-browser)/./node_modules/.pnpm/next@16.1.6_@babel+core@7.29.0_react-dom@19.2.4_react@19.2.4__react@19.2.4/node_modules/next/dist/next-devtools/shared/forward-logs-shared.js:27
[   90447ms] [LOG] [Fast Refresh] rebuilding @ webpack-internal:///(app-pages-browser)/./node_modules/.pnpm/next@16.1.6_@babel+core@7.29.0_react-dom@19.2.4_react@19.2.4__react@19.2.4/node_modules/next/dist/next-devtools/shared/forward-logs-shared.js:27
[   90491ms] [LOG] [Fast Refresh] done in 43ms @ webpack-internal:///(app-pages-browser)/./node_modules/.pnpm/next@16.1.6_@babel+core@7.29.0_react-dom@19.2.4_react@19.2.4__react@19.2.4/node_modules/next/dist/next-devtools/shared/forward-logs-shared.js:27
[   90662ms] [LOG] [Fast Refresh] rebuilding @ webpack-internal:///(app-pages-browser)/./node_modules/.pnpm/next@16.1.6_@babel+core@7.29.0_react-dom@19.2.4_react@19.2.4__react@19.2.4/node_modules/next/dist/next-devtools/shared/forward-logs-shared.js:27
[   90714ms] [LOG] [Fast Refresh] done in 53ms @ webpack-internal:///(app-pages-browser)/./node_modules/.pnpm/next@16.1.6_@babel+core@7.29.0_react-dom@19.2.4_react@19.2.4__react@19.2.4/node_modules/next/dist/next-devtools/shared/forward-logs-shared.js:27
[   90888ms] [LOG] [Fast Refresh] rebuilding @ webpack-internal:///(app-pages-browser)/./node_modules/.pnpm/next@16.1.6_@babel+core@7.29.0_react-dom@19.2.4_react@19.2.4__react@19.2.4/node_modules/next/dist/next-devtools/shared/forward-logs-shared.js:27
[   90941ms] [LOG] [Fast Refresh] done in 53ms @ webpack-internal:///(app-pages-browser)/./node_modules/.pnpm/next@16.1.6_@babel+core@7.29.0_react-dom@19.2.4_react@19.2.4__react@19.2.4/node_modules/next/dist/next-devtools/shared/forward-logs-shared.js:27
[   91103ms] [LOG] [Fast Refresh] rebuilding @ webpack-internal:///(app-pages-browser)/./node_modules/.pnpm/next@16.1.6_@babel+core@7.29.0_react-dom@19.2.4_react@19.2.4__react@19.2.4/node_modules/next/dist/next-devtools/shared/forward-logs-shared.js:27
[   91142ms] [LOG] [Fast Refresh] done in 40ms @ webpack-internal:///(app-pages-browser)/./node_modules/.pnpm/next@16.1.6_@babel+core@7.29.0_react-dom@19.2.4_react@19.2.4__react@19.2.4/node_modules/next/dist/next-devtools/shared/forward-logs-shared.js:27
[   91307ms] [LOG] [Fast Refresh] rebuilding @ webpack-internal:///(app-pages-browser)/./node_modules/.pnpm/next@16.1.6_@babel+core@7.29.0_react-dom@19.2.4_react@19.2.4__react@19.2.4/node_modules/next/dist/next-devtools/shared/forward-logs-shared.js:27
[   91360ms] [LOG] [Fast Refresh] done in 54ms @ webpack-internal:///(app-pages-browser)/./node_modules/.pnpm/next@16.1.6_@babel+core@7.29.0_react-dom@19.2.4_react@19.2.4__react@19.2.4/node_modules/next/dist/next-devtools/shared/forward-logs-shared.js:27
[   91536ms] [LOG] [Fast Refresh] rebuilding @ webpack-internal:///(app-pages-browser)/./node_modules/.pnpm/next@16.1.6_@babel+core@7.29.0_react-dom@19.2.4_react@19.2.4__react@19.2.4/node_modules/next/dist/next-devtools/shared/forward-logs-shared.js:27
[   91589ms] [LOG] [Fast Refresh] done in 53ms @ webpack-internal:///(app-pages-browser)/./node_modules/.pnpm/next@16.1.6_@babel+core@7.29.0_react-dom@19.2.4_react@19.2.4__react@19.2.4/node_modules/next/dist/next-devtools/shared/forward-logs-shared.js:27
[   91757ms] [LOG] [Fast Refresh] rebuilding @ webpack-internal:///(app-pages-browser)/./node_modules/.pnpm/next@16.1.6_@babel+core@7.29.0_react-dom@19.2.4_react@19.2.4__react@19.2.4/node_modules/next/dist/next-devtools/shared/forward-logs-shared.js:27
[   91804ms] [LOG] [Fast Refresh] done in 48ms @ webpack-internal:///(app-pages-browser)/./node_modules/.pnpm/next@16.1.6_@babel+core@7.29.0_react-dom@19.2.4_react@19.2.4__react@19.2.4/node_modules/next/dist/next-devtools/shared/forward-logs-shared.js:27
[   91976ms] [LOG] [Fast Refresh] rebuilding @ webpack-internal:///(app-pages-browser)/./node_modules/.pnpm/next@16.1.6_@babel+core@7.29.0_react-dom@19.2.4_react@19.2.4__react@19.2.4/node_modules/next/dist/next-devtools/shared/forward-logs-shared.js:27
[   92018ms] [LOG] [Fast Refresh] done in 42ms @ webpack-internal:///(app-pages-browser)/./node_modules/.pnpm/next@16.1.6_@babel+core@7.29.0_react-dom@19.2.4_react@19.2.4__react@19.2.4/node_modules/next/dist/next-devtools/shared/forward-logs-shared.js:27
[   92177ms] [LOG] [Fast Refresh] rebuilding @ webpack-internal:///(app-pages-browser)/./node_modules/.pnpm/next@16.1.6_@babel+core@7.29.0_react-dom@19.2.4_react@19.2.4__react@19.2.4/node_modules/next/dist/next-devtools/shared/forward-logs-shared.js:27
[   92221ms] [LOG] [Fast Refresh] done in 44ms @ webpack-internal:///(app-pages-browser)/./node_modules/.pnpm/next@16.1.6_@babel+core@7.29.0_react-dom@19.2.4_react@19.2.4__react@19.2.4/node_modules/next/dist/next-devtools/shared/forward-logs-shared.js:27
[   92392ms] [LOG] [Fast Refresh] rebuilding @ webpack-internal:///(app-pages-browser)/./node_modules/.pnpm/next@16.1.6_@babel+core@7.29.0_react-dom@19.2.4_react@19.2.4__react@19.2.4/node_modules/next/dist/next-devtools/shared/forward-logs-shared.js:27
[   92434ms] [LOG] [Fast Refresh] done in 42ms @ webpack-internal:///(app-pages-browser)/./node_modules/.pnpm/next@16.1.6_@babel+core@7.29.0_react-dom@19.2.4_react@19.2.4__react@19.2.4/node_modules/next/dist/next-devtools/shared/forward-logs-shared.js:27
[   92606ms] [LOG] [Fast Refresh] rebuilding @ webpack-internal:///(app-pages-browser)/./node_modules/.pnpm/next@16.1.6_@babel+core@7.29.0_react-dom@19.2.4_react@19.2.4__react@19.2.4/node_modules/next/dist/next-devtools/shared/forward-logs-shared.js:27
[   92646ms] [LOG] [Fast Refresh] done in 40ms @ webpack-internal:///(app-pages-browser)/./node_modules/.pnpm/next@16.1.6_@babel+core@7.29.0_react-dom@19.2.4_react@19.2.4__react@19.2.4/node_modules/next/dist/next-devtools/shared/forward-logs-shared.js:27
[   92820ms] [LOG] [Fast Refresh] rebuilding @ webpack-internal:///(app-pages-browser)/./node_modules/.pnpm/next@16.1.6_@babel+core@7.29.0_react-dom@19.2.4_react@19.2.4__react@19.2.4/node_modules/next/dist/next-devtools/shared/forward-logs-shared.js:27
[   92861ms] [LOG] [Fast Refresh] done in 40ms @ webpack-internal:///(app-pages-browser)/./node_modules/.pnpm/next@16.1.6_@babel+core@7.29.0_react-dom@19.2.4_react@19.2.4__react@19.2.4/node_modules/next/dist/next-devtools/shared/forward-logs-shared.js:27
[   93027ms] [LOG] [Fast Refresh] rebuilding @ webpack-internal:///(app-pages-browser)/./node_modules/.pnpm/next@16.1.6_@babel+core@7.29.0_react-dom@19.2.4_react@19.2.4__react@19.2.4/node_modules/next/dist/next-devtools/shared/forward-logs-shared.js:27
[   93072ms] [LOG] [Fast Refresh] done in 45ms @ webpack-internal:///(app-pages-browser)/./node_modules/.pnpm/next@16.1.6_@babel+core@7.29.0_react-dom@19.2.4_react@19.2.4__react@19.2.4/node_modules/next/dist/next-devtools/shared/forward-logs-shared.js:27
[   93245ms] [LOG] [Fast Refresh] rebuilding @ webpack-internal:///(app-pages-browser)/./node_modules/.pnpm/next@16.1.6_@babel+core@7.29.0_react-dom@19.2.4_react@19.2.4__react@19.2.4/node_modules/next/dist/next-devtools/shared/forward-logs-shared.js:27
[   93289ms] [LOG] [Fast Refresh] done in 45ms @ webpack-internal:///(app-pages-browser)/./node_modules/.pnpm/next@16.1.6_@babel+core@7.29.0_react-dom@19.2.4_react@19.2.4__react@19.2.4/node_modules/next/dist/next-devtools/shared/forward-logs-shared.js:27
[   93467ms] [LOG] [Fast Refresh] rebuilding @ webpack-internal:///(app-pages-browser)/./node_modules/.pnpm/next@16.1.6_@babel+core@7.29.0_react-dom@19.2.4_react@19.2.4__react@19.2.4/node_modules/next/dist/next-devtools/shared/forward-logs-shared.js:27
[   93518ms] [LOG] [Fast Refresh] done in 51ms @ webpack-internal:///(app-pages-browser)/./node_modules/.pnpm/next@16.1.6_@babel+core@7.29.0_react-dom@19.2.4_react@19.2.4__react@19.2.4/node_modules/next/dist/next-devtools/shared/forward-logs-shared.js:27
[   93677ms] [LOG] [Fast Refresh] rebuilding @ webpack-internal:///(app-pages-browser)/./node_modules/.pnpm/next@16.1.6_@babel+core@7.29.0_react-dom@19.2.4_react@19.2.4__react@19.2.4/node_modules/next/dist/next-devtools/shared/forward-logs-shared.js:27
[   93713ms] [LOG] [Fast Refresh] done in 36ms @ webpack-internal:///(app-pages-browser)/./node_modules/.pnpm/next@16.1.6_@babel+core@7.29.0_react-dom@19.2.4_react@19.2.4__react@19.2.4/node_modules/next/dist/next-devtools/shared/forward-logs-shared.js:27
[   93890ms] [LOG] [Fast Refresh] rebuilding @ webpack-internal:///(app-pages-browser)/./node_modules/.pnpm/next@16.1.6_@babel+core@7.29.0_react-dom@19.2.4_react@19.2.4__react@19.2.4/node_modules/next/dist/next-devtools/shared/forward-logs-shared.js:27
[   93938ms] [LOG] [Fast Refresh] done in 47ms @ webpack-internal:///(app-pages-browser)/./node_modules/.pnpm/next@16.1.6_@babel+core@7.29.0_react-dom@19.2.4_react@19.2.4__react@19.2.4/node_modules/next/dist/next-devtools/shared/forward-logs-shared.js:27
[   94107ms] [LOG] [Fast Refresh] rebuilding @ webpack-internal:///(app-pages-browser)/./node_modules/.pnpm/next@16.1.6_@babel+core@7.29.0_react-dom@19.2.4_react@19.2.4__react@19.2.4/node_modules/next/dist/next-devtools/shared/forward-logs-shared.js:27
[   94148ms] [LOG] [Fast Refresh] done in 40ms @ webpack-internal:///(app-pages-browser)/./node_modules/.pnpm/next@16.1.6_@babel+core@7.29.0_react-dom@19.2.4_react@19.2.4__react@19.2.4/node_modules/next/dist/next-devtools/shared/forward-logs-shared.js:27
[   94323ms] [LOG] [Fast Refresh] rebuilding @ webpack-internal:///(app-pages-browser)/./node_modules/.pnpm/next@16.1.6_@babel+core@7.29.0_react-dom@19.2.4_react@19.2.4__react@19.2.4/node_modules/next/dist/next-devtools/shared/forward-logs-shared.js:27
[   94361ms] [LOG] [Fast Refresh] done in 39ms @ webpack-internal:///(app-pages-browser)/./node_modules/.pnpm/next@16.1.6_@babel+core@7.29.0_react-dom@19.2.4_react@19.2.4__react@19.2.4/node_modules/next/dist/next-devtools/shared/forward-logs-shared.js:27
[   94537ms] [LOG] [Fast Refresh] rebuilding @ webpack-internal:///(app-pages-browser)/./node_modules/.pnpm/next@16.1.6_@babel+core@7.29.0_react-dom@19.2.4_react@19.2.4__react@19.2.4/node_modules/next/dist/next-devtools/shared/forward-logs-shared.js:27
[   94576ms] [LOG] [Fast Refresh] done in 39ms @ webpack-internal:///(app-pages-browser)/./node_modules/.pnpm/next@16.1.6_@babel+core@7.29.0_react-dom@19.2.4_react@19.2.4__react@19.2.4/node_modules/next/dist/next-devtools/shared/forward-logs-shared.js:27
[   94746ms] [LOG] [Fast Refresh] rebuilding @ webpack-internal:///(app-pages-browser)/./node_modules/.pnpm/next@16.1.6_@babel+core@7.29.0_react-dom@19.2.4_react@19.2.4__react@19.2.4/node_modules/next/dist/next-devtools/shared/forward-logs-shared.js:27
[   94788ms] [LOG] [Fast Refresh] done in 43ms @ webpack-internal:///(app-pages-browser)/./node_modules/.pnpm/next@16.1.6_@babel+core@7.29.0_react-dom@19.2.4_react@19.2.4__react@19.2.4/node_modules/next/dist/next-devtools/shared/forward-logs-shared.js:27
[   94955ms] [LOG] [Fast Refresh] rebuilding @ webpack-internal:///(app-pages-browser)/./node_modules/.pnpm/next@16.1.6_@babel+core@7.29.0_react-dom@19.2.4_react@19.2.4__react@19.2.4/node_modules/next/dist/next-devtools/shared/forward-logs-shared.js:27
[   94997ms] [LOG] [Fast Refresh] done in 42ms @ webpack-internal:///(app-pages-browser)/./node_modules/.pnpm/next@16.1.6_@babel+core@7.29.0_react-dom@19.2.4_react@19.2.4__react@19.2.4/node_modules/next/dist/next-devtools/shared/forward-logs-shared.js:27
[   95168ms] [LOG] [Fast Refresh] rebuilding @ webpack-internal:///(app-pages-browser)/./node_modules/.pnpm/next@16.1.6_@babel+core@7.29.0_react-dom@19.2.4_react@19.2.4__react@19.2.4/node_modules/next/dist/next-devtools/shared/forward-logs-shared.js:27
[   95212ms] [LOG] [Fast Refresh] done in 45ms @ webpack-internal:///(app-pages-browser)/./node_modules/.pnpm/next@16.1.6_@babel+core@7.29.0_react-dom@19.2.4_react@19.2.4__react@19.2.4/node_modules/next/dist/next-devtools/shared/forward-logs-shared.js:27
[   95383ms] [LOG] [Fast Refresh] rebuilding @ webpack-internal:///(app-pages-browser)/./node_modules/.pnpm/next@16.1.6_@babel+core@7.29.0_react-dom@19.2.4_react@19.2.4__react@19.2.4/node_modules/next/dist/next-devtools/shared/forward-logs-shared.js:27
[   95425ms] [LOG] [Fast Refresh] done in 43ms @ webpack-internal:///(app-pages-browser)/./node_modules/.pnpm/next@16.1.6_@babel+core@7.29.0_react-dom@19.2.4_react@19.2.4__react@19.2.4/node_modules/next/dist/next-devtools/shared/forward-logs-shared.js:27
[   95598ms] [LOG] [Fast Refresh] rebuilding @ webpack-internal:///(app-pages-browser)/./node_modules/.pnpm/next@16.1.6_@babel+core@7.29.0_react-dom@19.2.4_react@19.2.4__react@19.2.4/node_modules/next/dist/next-devtools/shared/forward-logs-shared.js:27
[   95641ms] [LOG] [Fast Refresh] done in 44ms @ webpack-internal:///(app-pages-browser)/./node_modules/.pnpm/next@16.1.6_@babel+core@7.29.0_react-dom@19.2.4_react@19.2.4__react@19.2.4/node_modules/next/dist/next-devtools/shared/forward-logs-shared.js:27
[   95812ms] [LOG] [Fast Refresh] rebuilding @ webpack-internal:///(app-pages-browser)/./node_modules/.pnpm/next@16.1.6_@babel+core@7.29.0_react-dom@19.2.4_react@19.2.4__react@19.2.4/node_modules/next/dist/next-devtools/shared/forward-logs-shared.js:27
[   95866ms] [LOG] [Fast Refresh] done in 54ms @ webpack-internal:///(app-pages-browser)/./node_modules/.pnpm/next@16.1.6_@babel+core@7.29.0_react-dom@19.2.4_react@19.2.4__react@19.2.4/node_modules/next/dist/next-devtools/shared/forward-logs-shared.js:27
[   96033ms] [LOG] [Fast Refresh] rebuilding @ webpack-internal:///(app-pages-browser)/./node_modules/.pnpm/next@16.1.6_@babel+core@7.29.0_react-dom@19.2.4_react@19.2.4__react@19.2.4/node_modules/next/dist/next-devtools/shared/forward-logs-shared.js:27
[   96090ms] [LOG] [Fast Refresh] done in 56ms @ webpack-internal:///(app-pages-browser)/./node_modules/.pnpm/next@16.1.6_@babel+core@7.29.0_react-dom@19.2.4_react@19.2.4__react@19.2.4/node_modules/next/dist/next-devtools/shared/forward-logs-shared.js:27
[   96251ms] [LOG] [Fast Refresh] rebuilding @ webpack-internal:///(app-pages-browser)/./node_modules/.pnpm/next@16.1.6_@babel+core@7.29.0_react-dom@19.2.4_react@19.2.4__react@19.2.4/node_modules/next/dist/next-devtools/shared/forward-logs-shared.js:27
[   96303ms] [LOG] [Fast Refresh] done in 51ms @ webpack-internal:///(app-pages-browser)/./node_modules/.pnpm/next@16.1.6_@babel+core@7.29.0_react-dom@19.2.4_react@19.2.4__react@19.2.4/node_modules/next/dist/next-devtools/shared/forward-logs-shared.js:27
[   96461ms] [LOG] [Fast Refresh] rebuilding @ webpack-internal:///(app-pages-browser)/./node_modules/.pnpm/next@16.1.6_@babel+core@7.29.0_react-dom@19.2.4_react@19.2.4__react@19.2.4/node_modules/next/dist/next-devtools/shared/forward-logs-shared.js:27
[   96512ms] [LOG] [Fast Refresh] done in 51ms @ webpack-internal:///(app-pages-browser)/./node_modules/.pnpm/next@16.1.6_@babel+core@7.29.0_react-dom@19.2.4_react@19.2.4__react@19.2.4/node_modules/next/dist/next-devtools/shared/forward-logs-shared.js:27
[   96676ms] [LOG] [Fast Refresh] rebuilding @ webpack-internal:///(app-pages-browser)/./node_modules/.pnpm/next@16.1.6_@babel+core@7.29.0_react-dom@19.2.4_react@19.2.4__react@19.2.4/node_modules/next/dist/next-devtools/shared/forward-logs-shared.js:27
[   96723ms] [LOG] [Fast Refresh] done in 47ms @ webpack-internal:///(app-pages-browser)/./node_modules/.pnpm/next@16.1.6_@babel+core@7.29.0_react-dom@19.2.4_react@19.2.4__react@19.2.4/node_modules/next/dist/next-devtools/shared/forward-logs-shared.js:27
[   96902ms] [LOG] [Fast Refresh] rebuilding @ webpack-internal:///(app-pages-browser)/./node_modules/.pnpm/next@16.1.6_@babel+core@7.29.0_react-dom@19.2.4_react@19.2.4__react@19.2.4/node_modules/next/dist/next-devtools/shared/forward-logs-shared.js:27
[   96954ms] [LOG] [Fast Refresh] done in 51ms @ webpack-internal:///(app-pages-browser)/./node_modules/.pnpm/next@16.1.6_@babel+core@7.29.0_react-dom@19.2.4_react@19.2.4__react@19.2.4/node_modules/next/dist/next-devtools/shared/forward-logs-shared.js:27
[   97123ms] [LOG] [Fast Refresh] rebuilding @ webpack-internal:///(app-pages-browser)/./node_modules/.pnpm/next@16.1.6_@babel+core@7.29.0_react-dom@19.2.4_react@19.2.4__react@19.2.4/node_modules/next/dist/next-devtools/shared/forward-logs-shared.js:27
[   97165ms] [LOG] [Fast Refresh] done in 42ms @ webpack-internal:///(app-pages-browser)/./node_modules/.pnpm/next@16.1.6_@babel+core@7.29.0_react-dom@19.2.4_react@19.2.4__react@19.2.4/node_modules/next/dist/next-devtools/shared/forward-logs-shared.js:27
[   97330ms] [LOG] [Fast Refresh] rebuilding @ webpack-internal:///(app-pages-browser)/./node_modules/.pnpm/next@16.1.6_@babel+core@7.29.0_react-dom@19.2.4_react@19.2.4__react@19.2.4/node_modules/next/dist/next-devtools/shared/forward-logs-shared.js:27
[   97377ms] [LOG] [Fast Refresh] done in 47ms @ webpack-internal:///(app-pages-browser)/./node_modules/.pnpm/next@16.1.6_@babel+core@7.29.0_react-dom@19.2.4_react@19.2.4__react@19.2.4/node_modules/next/dist/next-devtools/shared/forward-logs-shared.js:27
[   97545ms] [LOG] [Fast Refresh] rebuilding @ webpack-internal:///(app-pages-browser)/./node_modules/.pnpm/next@16.1.6_@babel+core@7.29.0_react-dom@19.2.4_react@19.2.4__react@19.2.4/node_modules/next/dist/next-devtools/shared/forward-logs-shared.js:27
[   97598ms] [LOG] [Fast Refresh] done in 53ms @ webpack-internal:///(app-pages-browser)/./node_modules/.pnpm/next@16.1.6_@babel+core@7.29.0_react-dom@19.2.4_react@19.2.4__react@19.2.4/node_modules/next/dist/next-devtools/shared/forward-logs-shared.js:27
[   97757ms] [LOG] [Fast Refresh] rebuilding @ webpack-internal:///(app-pages-browser)/./node_modules/.pnpm/next@16.1.6_@babel+core@7.29.0_react-dom@19.2.4_react@19.2.4__react@19.2.4/node_modules/next/dist/next-devtools/shared/forward-logs-shared.js:27
[   97807ms] [LOG] [Fast Refresh] done in 51ms @ webpack-internal:///(app-pages-browser)/./node_modules/.pnpm/next@16.1.6_@babel+core@7.29.0_react-dom@19.2.4_react@19.2.4__react@19.2.4/node_modules/next/dist/next-devtools/shared/forward-logs-shared.js:27
[   97964ms] [LOG] [Fast Refresh] rebuilding @ webpack-internal:///(app-pages-browser)/./node_modules/.pnpm/next@16.1.6_@babel+core@7.29.0_react-dom@19.2.4_react@19.2.4__react@19.2.4/node_modules/next/dist/next-devtools/shared/forward-logs-shared.js:27
[   98013ms] [LOG] [Fast Refresh] done in 49ms @ webpack-internal:///(app-pages-browser)/./node_modules/.pnpm/next@16.1.6_@babel+core@7.29.0_react-dom@19.2.4_react@19.2.4__react@19.2.4/node_modules/next/dist/next-devtools/shared/forward-logs-shared.js:27
[   98184ms] [LOG] [Fast Refresh] rebuilding @ webpack-internal:///(app-pages-browser)/./node_modules/.pnpm/next@16.1.6_@babel+core@7.29.0_react-dom@19.2.4_react@19.2.4__react@19.2.4/node_modules/next/dist/next-devtools/shared/forward-logs-shared.js:27
[   98228ms] [LOG] [Fast Refresh] done in 44ms @ webpack-internal:///(app-pages-browser)/./node_modules/.pnpm/next@16.1.6_@babel+core@7.29.0_react-dom@19.2.4_react@19.2.4__react@19.2.4/node_modules/next/dist/next-devtools/shared/forward-logs-shared.js:27
[   98392ms] [LOG] [Fast Refresh] rebuilding @ webpack-internal:///(app-pages-browser)/./node_modules/.pnpm/next@16.1.6_@babel+core@7.29.0_react-dom@19.2.4_react@19.2.4__react@19.2.4/node_modules/next/dist/next-devtools/shared/forward-logs-shared.js:27
[   98436ms] [LOG] [Fast Refresh] done in 44ms @ webpack-internal:///(app-pages-browser)/./node_modules/.pnpm/next@16.1.6_@babel+core@7.29.0_react-dom@19.2.4_react@19.2.4__react@19.2.4/node_modules/next/dist/next-devtools/shared/forward-logs-shared.js:27
[   98620ms] [LOG] [Fast Refresh] rebuilding @ webpack-internal:///(app-pages-browser)/./node_modules/.pnpm/next@16.1.6_@babel+core@7.29.0_react-dom@19.2.4_react@19.2.4__react@19.2.4/node_modules/next/dist/next-devtools/shared/forward-logs-shared.js:27
[   98677ms] [LOG] [Fast Refresh] done in 57ms @ webpack-internal:///(app-pages-browser)/./node_modules/.pnpm/next@16.1.6_@babel+core@7.29.0_react-dom@19.2.4_react@19.2.4__react@19.2.4/node_modules/next/dist/next-devtools/shared/forward-logs-shared.js:27
[   98859ms] [LOG] [Fast Refresh] rebuilding @ webpack-internal:///(app-pages-browser)/./node_modules/.pnpm/next@16.1.6_@babel+core@7.29.0_react-dom@19.2.4_react@19.2.4__react@19.2.4/node_modules/next/dist/next-devtools/shared/forward-logs-shared.js:27
[   98909ms] [LOG] [Fast Refresh] done in 50ms @ webpack-internal:///(app-pages-browser)/./node_modules/.pnpm/next@16.1.6_@babel+core@7.29.0_react-dom@19.2.4_react@19.2.4__react@19.2.4/node_modules/next/dist/next-devtools/shared/forward-logs-shared.js:27
[   99088ms] [LOG] [Fast Refresh] rebuilding @ webpack-internal:///(app-pages-browser)/./node_modules/.pnpm/next@16.1.6_@babel+core@7.29.0_react-dom@19.2.4_react@19.2.4__react@19.2.4/node_modules/next/dist/next-devtools/shared/forward-logs-shared.js:27
[   99132ms] [LOG] [Fast Refresh] done in 43ms @ webpack-internal:///(app-pages-browser)/./node_modules/.pnpm/next@16.1.6_@babel+core@7.29.0_react-dom@19.2.4_react@19.2.4__react@19.2.4/node_modules/next/dist/next-devtools/shared/forward-logs-shared.js:27
[   99476ms] [LOG] [Fast Refresh] rebuilding @ webpack-internal:///(app-pages-browser)/./node_modules/.pnpm/next@16.1.6_@babel+core@7.29.0_react-dom@19.2.4_react@19.2.4__react@19.2.4/node_modules/next/dist/next-devtools/shared/forward-logs-shared.js:27
[   99526ms] [LOG] [Fast Refresh] done in 50ms @ webpack-internal:///(app-pages-browser)/./node_modules/.pnpm/next@16.1.6_@babel+core@7.29.0_react-dom@19.2.4_react@19.2.4__react@19.2.4/node_modules/next/dist/next-devtools/shared/forward-logs-shared.js:27
[   99724ms] [LOG] [Fast Refresh] rebuilding @ webpack-internal:///(app-pages-browser)/./node_modules/.pnpm/next@16.1.6_@babel+core@7.29.0_react-dom@19.2.4_react@19.2.4__react@19.2.4/node_modules/next/dist/next-devtools/shared/forward-logs-shared.js:27
[   99767ms] [LOG] [Fast Refresh] done in 43ms @ webpack-internal:///(app-pages-browser)/./node_modules/.pnpm/next@16.1.6_@babel+core@7.29.0_react-dom@19.2.4_react@19.2.4__react@19.2.4/node_modules/next/dist/next-devtools/shared/forward-logs-shared.js:27
[   99939ms] [LOG] [Fast Refresh] rebuilding @ webpack-internal:///(app-pages-browser)/./node_modules/.pnpm/next@16.1.6_@babel+core@7.29.0_react-dom@19.2.4_react@19.2.4__react@19.2.4/node_modules/next/dist/next-devtools/shared/forward-logs-shared.js:27
[   99995ms] [LOG] [Fast Refresh] done in 56ms @ webpack-internal:///(app-pages-browser)/./node_modules/.pnpm/next@16.1.6_@babel+core@7.29.0_react-dom@19.2.4_react@19.2.4__react@19.2.4/node_modules/next/dist/next-devtools/shared/forward-logs-shared.js:27
[  100164ms] [LOG] [Fast Refresh] rebuilding @ webpack-internal:///(app-pages-browser)/./node_modules/.pnpm/next@16.1.6_@babel+core@7.29.0_react-dom@19.2.4_react@19.2.4__react@19.2.4/node_modules/next/dist/next-devtools/shared/forward-logs-shared.js:27
[  100417ms] [LOG] [Fast Refresh] done in 254ms @ webpack-internal:///(app-pages-browser)/./node_modules/.pnpm/next@16.1.6_@babel+core@7.29.0_react-dom@19.2.4_react@19.2.4__react@19.2.4/node_modules/next/dist/next-devtools/shared/forward-logs-shared.js:27
[  100651ms] [LOG] [Fast Refresh] rebuilding @ webpack-internal:///(app-pages-browser)/./node_modules/.pnpm/next@16.1.6_@babel+core@7.29.0_react-dom@19.2.4_react@19.2.4__react@19.2.4/node_modules/next/dist/next-devtools/shared/forward-logs-shared.js:27
[  100704ms] [LOG] [Fast Refresh] done in 52ms @ webpack-internal:///(app-pages-browser)/./node_modules/.pnpm/next@16.1.6_@babel+core@7.29.0_react-dom@19.2.4_react@19.2.4__react@19.2.4/node_modules/next/dist/next-devtools/shared/forward-logs-shared.js:27
[  100876ms] [LOG] [Fast Refresh] rebuilding @ webpack-internal:///(app-pages-browser)/./node_modules/.pnpm/next@16.1.6_@babel+core@7.29.0_react-dom@19.2.4_react@19.2.4__react@19.2.4/node_modules/next/dist/next-devtools/shared/forward-logs-shared.js:27
[  100926ms] [LOG] [Fast Refresh] done in 51ms @ webpack-internal:///(app-pages-browser)/./node_modules/.pnpm/next@16.1.6_@babel+core@7.29.0_react-dom@19.2.4_react@19.2.4__react@19.2.4/node_modules/next/dist/next-devtools/shared/forward-logs-shared.js:27
[  101091ms] [LOG] [Fast Refresh] rebuilding @ webpack-internal:///(app-pages-browser)/./node_modules/.pnpm/next@16.1.6_@babel+core@7.29.0_react-dom@19.2.4_react@19.2.4__react@19.2.4/node_modules/next/dist/next-devtools/shared/forward-logs-shared.js:27
[  101129ms] [LOG] [Fast Refresh] done in 39ms @ webpack-internal:///(app-pages-browser)/./node_modules/.pnpm/next@16.1.6_@babel+core@7.29.0_react-dom@19.2.4_react@19.2.4__react@19.2.4/node_modules/next/dist/next-devtools/shared/forward-logs-shared.js:27
[  101289ms] [LOG] [Fast Refresh] rebuilding @ webpack-internal:///(app-pages-browser)/./node_modules/.pnpm/next@16.1.6_@babel+core@7.29.0_react-dom@19.2.4_react@19.2.4__react@19.2.4/node_modules/next/dist/next-devtools/shared/forward-logs-shared.js:27
[  101344ms] [LOG] [Fast Refresh] done in 55ms @ webpack-internal:///(app-pages-browser)/./node_modules/.pnpm/next@16.1.6_@babel+core@7.29.0_react-dom@19.2.4_react@19.2.4__react@19.2.4/node_modules/next/dist/next-devtools/shared/forward-logs-shared.js:27
[  101493ms] [LOG] [Fast Refresh] rebuilding @ webpack-internal:///(app-pages-browser)/./node_modules/.pnpm/next@16.1.6_@babel+core@7.29.0_react-dom@19.2.4_react@19.2.4__react@19.2.4/node_modules/next/dist/next-devtools/shared/forward-logs-shared.js:27
[  101541ms] [LOG] [Fast Refresh] done in 48ms @ webpack-internal:///(app-pages-browser)/./node_modules/.pnpm/next@16.1.6_@babel+core@7.29.0_react-dom@19.2.4_react@19.2.4__react@19.2.4/node_modules/next/dist/next-devtools/shared/forward-logs-shared.js:27
[  101706ms] [LOG] [Fast Refresh] rebuilding @ webpack-internal:///(app-pages-browser)/./node_modules/.pnpm/next@16.1.6_@babel+core@7.29.0_react-dom@19.2.4_react@19.2.4__react@19.2.4/node_modules/next/dist/next-devtools/shared/forward-logs-shared.js:27
[  101762ms] [LOG] [Fast Refresh] done in 57ms @ webpack-internal:///(app-pages-browser)/./node_modules/.pnpm/next@16.1.6_@babel+core@7.29.0_react-dom@19.2.4_react@19.2.4__react@19.2.4/node_modules/next/dist/next-devtools/shared/forward-logs-shared.js:27
[  101929ms] [LOG] [Fast Refresh] rebuilding @ webpack-internal:///(app-pages-browser)/./node_modules/.pnpm/next@16.1.6_@babel+core@7.29.0_react-dom@19.2.4_react@19.2.4__react@19.2.4/node_modules/next/dist/next-devtools/shared/forward-logs-shared.js:27
[  101969ms] [LOG] [Fast Refresh] done in 41ms @ webpack-internal:///(app-pages-browser)/./node_modules/.pnpm/next@16.1.6_@babel+core@7.29.0_react-dom@19.2.4_react@19.2.4__react@19.2.4/node_modules/next/dist/next-devtools/shared/forward-logs-shared.js:27
[  102129ms] [LOG] [Fast Refresh] rebuilding @ webpack-internal:///(app-pages-browser)/./node_modules/.pnpm/next@16.1.6_@babel+core@7.29.0_react-dom@19.2.4_react@19.2.4__react@19.2.4/node_modules/next/dist/next-devtools/shared/forward-logs-shared.js:27
[  102180ms] [LOG] [Fast Refresh] done in 51ms @ webpack-internal:///(app-pages-browser)/./node_modules/.pnpm/next@16.1.6_@babel+core@7.29.0_react-dom@19.2.4_react@19.2.4__react@19.2.4/node_modules/next/dist/next-devtools/shared/forward-logs-shared.js:27
[  102341ms] [LOG] [Fast Refresh] rebuilding @ webpack-internal:///(app-pages-browser)/./node_modules/.pnpm/next@16.1.6_@babel+core@7.29.0_react-dom@19.2.4_react@19.2.4__react@19.2.4/node_modules/next/dist/next-devtools/shared/forward-logs-shared.js:27
[  102382ms] [LOG] [Fast Refresh] done in 41ms @ webpack-internal:///(app-pages-browser)/./node_modules/.pnpm/next@16.1.6_@babel+core@7.29.0_react-dom@19.2.4_react@19.2.4__react@19.2.4/node_modules/next/dist/next-devtools/shared/forward-logs-shared.js:27
[  102538ms] [LOG] [Fast Refresh] rebuilding @ webpack-internal:///(app-pages-browser)/./node_modules/.pnpm/next@16.1.6_@babel+core@7.29.0_react-dom@19.2.4_react@19.2.4__react@19.2.4/node_modules/next/dist/next-devtools/shared/forward-logs-shared.js:27
[  102588ms] [LOG] [Fast Refresh] done in 51ms @ webpack-internal:///(app-pages-browser)/./node_modules/.pnpm/next@16.1.6_@babel+core@7.29.0_react-dom@19.2.4_react@19.2.4__react@19.2.4/node_modules/next/dist/next-devtools/shared/forward-logs-shared.js:27
[  102746ms] [LOG] [Fast Refresh] rebuilding @ webpack-internal:///(app-pages-browser)/./node_modules/.pnpm/next@16.1.6_@babel+core@7.29.0_react-dom@19.2.4_react@19.2.4__react@19.2.4/node_modules/next/dist/next-devtools/shared/forward-logs-shared.js:27
[  102786ms] [LOG] [Fast Refresh] done in 40ms @ webpack-internal:///(app-pages-browser)/./node_modules/.pnpm/next@16.1.6_@babel+core@7.29.0_react-dom@19.2.4_react@19.2.4__react@19.2.4/node_modules/next/dist/next-devtools/shared/forward-logs-shared.js:27
[  102943ms] [LOG] [Fast Refresh] rebuilding @ webpack-internal:///(app-pages-browser)/./node_modules/.pnpm/next@16.1.6_@babel+core@7.29.0_react-dom@19.2.4_react@19.2.4__react@19.2.4/node_modules/next/dist/next-devtools/shared/forward-logs-shared.js:27
[  102998ms] [LOG] [Fast Refresh] done in 56ms @ webpack-internal:///(app-pages-browser)/./node_modules/.pnpm/next@16.1.6_@babel+core@7.29.0_react-dom@19.2.4_react@19.2.4__react@19.2.4/node_modules/next/dist/next-devtools/shared/forward-logs-shared.js:27
[  103161ms] [LOG] [Fast Refresh] rebuilding @ webpack-internal:///(app-pages-browser)/./node_modules/.pnpm/next@16.1.6_@babel+core@7.29.0_react-dom@19.2.4_react@19.2.4__react@19.2.4/node_modules/next/dist/next-devtools/shared/forward-logs-shared.js:27
[  103208ms] [LOG] [Fast Refresh] done in 47ms @ webpack-internal:///(app-pages-browser)/./node_modules/.pnpm/next@16.1.6_@babel+core@7.29.0_react-dom@19.2.4_react@19.2.4__react@19.2.4/node_modules/next/dist/next-devtools/shared/forward-logs-shared.js:27
[  103368ms] [LOG] [Fast Refresh] rebuilding @ webpack-internal:///(app-pages-browser)/./node_modules/.pnpm/next@16.1.6_@babel+core@7.29.0_react-dom@19.2.4_react@19.2.4__react@19.2.4/node_modules/next/dist/next-devtools/shared/forward-logs-shared.js:27
[  103419ms] [LOG] [Fast Refresh] done in 51ms @ webpack-internal:///(app-pages-browser)/./node_modules/.pnpm/next@16.1.6_@babel+core@7.29.0_react-dom@19.2.4_react@19.2.4__react@19.2.4/node_modules/next/dist/next-devtools/shared/forward-logs-shared.js:27
[  103584ms] [LOG] [Fast Refresh] rebuilding @ webpack-internal:///(app-pages-browser)/./node_modules/.pnpm/next@16.1.6_@babel+core@7.29.0_react-dom@19.2.4_react@19.2.4__react@19.2.4/node_modules/next/dist/next-devtools/shared/forward-logs-shared.js:27
[  103625ms] [LOG] [Fast Refresh] done in 41ms @ webpack-internal:///(app-pages-browser)/./node_modules/.pnpm/next@16.1.6_@babel+core@7.29.0_react-dom@19.2.4_react@19.2.4__react@19.2.4/node_modules/next/dist/next-devtools/shared/forward-logs-shared.js:27
[  103791ms] [LOG] [Fast Refresh] rebuilding @ webpack-internal:///(app-pages-browser)/./node_modules/.pnpm/next@16.1.6_@babel+core@7.29.0_react-dom@19.2.4_react@19.2.4__react@19.2.4/node_modules/next/dist/next-devtools/shared/forward-logs-shared.js:27
[  103844ms] [LOG] [Fast Refresh] done in 53ms @ webpack-internal:///(app-pages-browser)/./node_modules/.pnpm/next@16.1.6_@babel+core@7.29.0_react-dom@19.2.4_react@19.2.4__react@19.2.4/node_modules/next/dist/next-devtools/shared/forward-logs-shared.js:27
[  103995ms] [LOG] [Fast Refresh] rebuilding @ webpack-internal:///(app-pages-browser)/./node_modules/.pnpm/next@16.1.6_@babel+core@7.29.0_react-dom@19.2.4_react@19.2.4__react@19.2.4/node_modules/next/dist/next-devtools/shared/forward-logs-shared.js:27
[  104039ms] [LOG] [Fast Refresh] done in 45ms @ webpack-internal:///(app-pages-browser)/./node_modules/.pnpm/next@16.1.6_@babel+core@7.29.0_react-dom@19.2.4_react@19.2.4__react@19.2.4/node_modules/next/dist/next-devtools/shared/forward-logs-shared.js:27
[  104214ms] [LOG] [Fast Refresh] rebuilding @ webpack-internal:///(app-pages-browser)/./node_modules/.pnpm/next@16.1.6_@babel+core@7.29.0_react-dom@19.2.4_react@19.2.4__react@19.2.4/node_modules/next/dist/next-devtools/shared/forward-logs-shared.js:27
[  104268ms] [LOG] [Fast Refresh] done in 55ms @ webpack-internal:///(app-pages-browser)/./node_modules/.pnpm/next@16.1.6_@babel+core@7.29.0_react-dom@19.2.4_react@19.2.4__react@19.2.4/node_modules/next/dist/next-devtools/shared/forward-logs-shared.js:27
[  104421ms] [LOG] [Fast Refresh] rebuilding @ webpack-internal:///(app-pages-browser)/./node_modules/.pnpm/next@16.1.6_@babel+core@7.29.0_react-dom@19.2.4_react@19.2.4__react@19.2.4/node_modules/next/dist/next-devtools/shared/forward-logs-shared.js:27
[  104473ms] [LOG] [Fast Refresh] done in 51ms @ webpack-internal:///(app-pages-browser)/./node_modules/.pnpm/next@16.1.6_@babel+core@7.29.0_react-dom@19.2.4_react@19.2.4__react@19.2.4/node_modules/next/dist/next-devtools/shared/forward-logs-shared.js:27
[  104634ms] [LOG] [Fast Refresh] rebuilding @ webpack-internal:///(app-pages-browser)/./node_modules/.pnpm/next@16.1.6_@babel+core@7.29.0_react-dom@19.2.4_react@19.2.4__react@19.2.4/node_modules/next/dist/next-devtools/shared/forward-logs-shared.js:27
[  104678ms] [LOG] [Fast Refresh] done in 44ms @ webpack-internal:///(app-pages-browser)/./node_modules/.pnpm/next@16.1.6_@babel+core@7.29.0_react-dom@19.2.4_react@19.2.4__react@19.2.4/node_modules/next/dist/next-devtools/shared/forward-logs-shared.js:27
[  104840ms] [LOG] [Fast Refresh] rebuilding @ webpack-internal:///(app-pages-browser)/./node_modules/.pnpm/next@16.1.6_@babel+core@7.29.0_react-dom@19.2.4_react@19.2.4__react@19.2.4/node_modules/next/dist/next-devtools/shared/forward-logs-shared.js:27
[  104897ms] [LOG] [Fast Refresh] done in 58ms @ webpack-internal:///(app-pages-browser)/./node_modules/.pnpm/next@16.1.6_@babel+core@7.29.0_react-dom@19.2.4_react@19.2.4__react@19.2.4/node_modules/next/dist/next-devtools/shared/forward-logs-shared.js:27
[  105066ms] [LOG] [Fast Refresh] rebuilding @ webpack-internal:///(app-pages-browser)/./node_modules/.pnpm/next@16.1.6_@babel+core@7.29.0_react-dom@19.2.4_react@19.2.4__react@19.2.4/node_modules/next/dist/next-devtools/shared/forward-logs-shared.js:27
[  105108ms] [LOG] [Fast Refresh] done in 42ms @ webpack-internal:///(app-pages-browser)/./node_modules/.pnpm/next@16.1.6_@babel+core@7.29.0_react-dom@19.2.4_react@19.2.4__react@19.2.4/node_modules/next/dist/next-devtools/shared/forward-logs-shared.js:27
[  105283ms] [LOG] [Fast Refresh] rebuilding @ webpack-internal:///(app-pages-browser)/./node_modules/.pnpm/next@16.1.6_@babel+core@7.29.0_react-dom@19.2.4_react@19.2.4__react@19.2.4/node_modules/next/dist/next-devtools/shared/forward-logs-shared.js:27
[  105337ms] [LOG] [Fast Refresh] done in 53ms @ webpack-internal:///(app-pages-browser)/./node_modules/.pnpm/next@16.1.6_@babel+core@7.29.0_react-dom@19.2.4_react@19.2.4__react@19.2.4/node_modules/next/dist/next-devtools/shared/forward-logs-shared.js:27
[  105508ms] [LOG] [Fast Refresh] rebuilding @ webpack-internal:///(app-pages-browser)/./node_modules/.pnpm/next@16.1.6_@babel+core@7.29.0_react-dom@19.2.4_react@19.2.4__react@19.2.4/node_modules/next/dist/next-devtools/shared/forward-logs-shared.js:27
[  105543ms] [LOG] [Fast Refresh] done in 35ms @ webpack-internal:///(app-pages-browser)/./node_modules/.pnpm/next@16.1.6_@babel+core@7.29.0_react-dom@19.2.4_react@19.2.4__react@19.2.4/node_modules/next/dist/next-devtools/shared/forward-logs-shared.js:27
[  105707ms] [LOG] [Fast Refresh] rebuilding @ webpack-internal:///(app-pages-browser)/./node_modules/.pnpm/next@16.1.6_@babel+core@7.29.0_react-dom@19.2.4_react@19.2.4__react@19.2.4/node_modules/next/dist/next-devtools/shared/forward-logs-shared.js:27
[  105759ms] [LOG] [Fast Refresh] done in 51ms @ webpack-internal:///(app-pages-browser)/./node_modules/.pnpm/next@16.1.6_@babel+core@7.29.0_react-dom@19.2.4_react@19.2.4__react@19.2.4/node_modules/next/dist/next-devtools/shared/forward-logs-shared.js:27
[  105932ms] [LOG] [Fast Refresh] rebuilding @ webpack-internal:///(app-pages-browser)/./node_modules/.pnpm/next@16.1.6_@babel+core@7.29.0_react-dom@19.2.4_react@19.2.4__react@19.2.4/node_modules/next/dist/next-devtools/shared/forward-logs-shared.js:27
[  105972ms] [LOG] [Fast Refresh] done in 40ms @ webpack-internal:///(app-pages-browser)/./node_modules/.pnpm/next@16.1.6_@babel+core@7.29.0_react-dom@19.2.4_react@19.2.4__react@19.2.4/node_modules/next/dist/next-devtools/shared/forward-logs-shared.js:27
[  106137ms] [LOG] [Fast Refresh] rebuilding @ webpack-internal:///(app-pages-browser)/./node_modules/.pnpm/next@16.1.6_@babel+core@7.29.0_react-dom@19.2.4_react@19.2.4__react@19.2.4/node_modules/next/dist/next-devtools/shared/forward-logs-shared.js:27
[  106194ms] [LOG] [Fast Refresh] done in 56ms @ webpack-internal:///(app-pages-browser)/./node_modules/.pnpm/next@16.1.6_@babel+core@7.29.0_react-dom@19.2.4_react@19.2.4__react@19.2.4/node_modules/next/dist/next-devtools/shared/forward-logs-shared.js:27
[  106360ms] [LOG] [Fast Refresh] rebuilding @ webpack-internal:///(app-pages-browser)/./node_modules/.pnpm/next@16.1.6_@babel+core@7.29.0_react-dom@19.2.4_react@19.2.4__react@19.2.4/node_modules/next/dist/next-devtools/shared/forward-logs-shared.js:27
[  106404ms] [LOG] [Fast Refresh] done in 44ms @ webpack-internal:///(app-pages-browser)/./node_modules/.pnpm/next@16.1.6_@babel+core@7.29.0_react-dom@19.2.4_react@19.2.4__react@19.2.4/node_modules/next/dist/next-devtools/shared/forward-logs-shared.js:27
[  106559ms] [LOG] [Fast Refresh] rebuilding @ webpack-internal:///(app-pages-browser)/./node_modules/.pnpm/next@16.1.6_@babel+core@7.29.0_react-dom@19.2.4_react@19.2.4__react@19.2.4/node_modules/next/dist/next-devtools/shared/forward-logs-shared.js:27
[  106611ms] [LOG] [Fast Refresh] done in 51ms @ webpack-internal:///(app-pages-browser)/./node_modules/.pnpm/next@16.1.6_@babel+core@7.29.0_react-dom@19.2.4_react@19.2.4__react@19.2.4/node_modules/next/dist/next-devtools/shared/forward-logs-shared.js:27
[  106765ms] [LOG] [Fast Refresh] rebuilding @ webpack-internal:///(app-pages-browser)/./node_modules/.pnpm/next@16.1.6_@babel+core@7.29.0_react-dom@19.2.4_react@19.2.4__react@19.2.4/node_modules/next/dist/next-devtools/shared/forward-logs-shared.js:27
[  106807ms] [LOG] [Fast Refresh] done in 41ms @ webpack-internal:///(app-pages-browser)/./node_modules/.pnpm/next@16.1.6_@babel+core@7.29.0_react-dom@19.2.4_react@19.2.4__react@19.2.4/node_modules/next/dist/next-devtools/shared/forward-logs-shared.js:27
[  106954ms] [LOG] [Fast Refresh] rebuilding @ webpack-internal:///(app-pages-browser)/./node_modules/.pnpm/next@16.1.6_@babel+core@7.29.0_react-dom@19.2.4_react@19.2.4__react@19.2.4/node_modules/next/dist/next-devtools/shared/forward-logs-shared.js:27
[  106998ms] [LOG] [Fast Refresh] done in 44ms @ webpack-internal:///(app-pages-browser)/./node_modules/.pnpm/next@16.1.6_@babel+core@7.29.0_react-dom@19.2.4_react@19.2.4__react@19.2.4/node_modules/next/dist/next-devtools/shared/forward-logs-shared.js:27
[  107151ms] [LOG] [Fast Refresh] rebuilding @ webpack-internal:///(app-pages-browser)/./node_modules/.pnpm/next@16.1.6_@babel+core@7.29.0_react-dom@19.2.4_react@19.2.4__react@19.2.4/node_modules/next/dist/next-devtools/shared/forward-logs-shared.js:27
[  107203ms] [LOG] [Fast Refresh] done in 51ms @ webpack-internal:///(app-pages-browser)/./node_modules/.pnpm/next@16.1.6_@babel+core@7.29.0_react-dom@19.2.4_react@19.2.4__react@19.2.4/node_modules/next/dist/next-devtools/shared/forward-logs-shared.js:27
[  107359ms] [LOG] [Fast Refresh] rebuilding @ webpack-internal:///(app-pages-browser)/./node_modules/.pnpm/next@16.1.6_@babel+core@7.29.0_react-dom@19.2.4_react@19.2.4__react@19.2.4/node_modules/next/dist/next-devtools/shared/forward-logs-shared.js:27
[  107406ms] [LOG] [Fast Refresh] done in 47ms @ webpack-internal:///(app-pages-browser)/./node_modules/.pnpm/next@16.1.6_@babel+core@7.29.0_react-dom@19.2.4_react@19.2.4__react@19.2.4/node_modules/next/dist/next-devtools/shared/forward-logs-shared.js:27
[  107555ms] [LOG] [Fast Refresh] rebuilding @ webpack-internal:///(app-pages-browser)/./node_modules/.pnpm/next@16.1.6_@babel+core@7.29.0_react-dom@19.2.4_react@19.2.4__react@19.2.4/node_modules/next/dist/next-devtools/shared/forward-logs-shared.js:27
[  107608ms] [LOG] [Fast Refresh] done in 52ms @ webpack-internal:///(app-pages-browser)/./node_modules/.pnpm/next@16.1.6_@babel+core@7.29.0_react-dom@19.2.4_react@19.2.4__react@19.2.4/node_modules/next/dist/next-devtools/shared/forward-logs-shared.js:27
[  107758ms] [LOG] [Fast Refresh] rebuilding @ webpack-internal:///(app-pages-browser)/./node_modules/.pnpm/next@16.1.6_@babel+core@7.29.0_react-dom@19.2.4_react@19.2.4__react@19.2.4/node_modules/next/dist/next-devtools/shared/forward-logs-shared.js:27
[  107795ms] [LOG] [Fast Refresh] done in 36ms @ webpack-internal:///(app-pages-browser)/./node_modules/.pnpm/next@16.1.6_@babel+core@7.29.0_react-dom@19.2.4_react@19.2.4__react@19.2.4/node_modules/next/dist/next-devtools/shared/forward-logs-shared.js:27
[  107949ms] [LOG] [Fast Refresh] rebuilding @ webpack-internal:///(app-pages-browser)/./node_modules/.pnpm/next@16.1.6_@babel+core@7.29.0_react-dom@19.2.4_react@19.2.4__react@19.2.4/node_modules/next/dist/next-devtools/shared/forward-logs-shared.js:27
[  107995ms] [LOG] [Fast Refresh] done in 46ms @ webpack-internal:///(app-pages-browser)/./node_modules/.pnpm/next@16.1.6_@babel+core@7.29.0_react-dom@19.2.4_react@19.2.4__react@19.2.4/node_modules/next/dist/next-devtools/shared/forward-logs-shared.js:27
[  108155ms] [LOG] [Fast Refresh] rebuilding @ webpack-internal:///(app-pages-browser)/./node_modules/.pnpm/next@16.1.6_@babel+core@7.29.0_react-dom@19.2.4_react@19.2.4__react@19.2.4/node_modules/next/dist/next-devtools/shared/forward-logs-shared.js:27
[  108192ms] [LOG] [Fast Refresh] done in 37ms @ webpack-internal:///(app-pages-browser)/./node_modules/.pnpm/next@16.1.6_@babel+core@7.29.0_react-dom@19.2.4_react@19.2.4__react@19.2.4/node_modules/next/dist/next-devtools/shared/forward-logs-shared.js:27
[  108350ms] [LOG] [Fast Refresh] rebuilding @ webpack-internal:///(app-pages-browser)/./node_modules/.pnpm/next@16.1.6_@babel+core@7.29.0_react-dom@19.2.4_react@19.2.4__react@19.2.4/node_modules/next/dist/next-devtools/shared/forward-logs-shared.js:27
[  108395ms] [LOG] [Fast Refresh] done in 45ms @ webpack-internal:///(app-pages-browser)/./node_modules/.pnpm/next@16.1.6_@babel+core@7.29.0_react-dom@19.2.4_react@19.2.4__react@19.2.4/node_modules/next/dist/next-devtools/shared/forward-logs-shared.js:27
[  108548ms] [LOG] [Fast Refresh] rebuilding @ webpack-internal:///(app-pages-browser)/./node_modules/.pnpm/next@16.1.6_@babel+core@7.29.0_react-dom@19.2.4_react@19.2.4__react@19.2.4/node_modules/next/dist/next-devtools/shared/forward-logs-shared.js:27
[  108592ms] [LOG] [Fast Refresh] done in 44ms @ webpack-internal:///(app-pages-browser)/./node_modules/.pnpm/next@16.1.6_@babel+core@7.29.0_react-dom@19.2.4_react@19.2.4__react@19.2.4/node_modules/next/dist/next-devtools/shared/forward-logs-shared.js:27
[  108744ms] [LOG] [Fast Refresh] rebuilding @ webpack-internal:///(app-pages-browser)/./node_modules/.pnpm/next@16.1.6_@babel+core@7.29.0_react-dom@19.2.4_react@19.2.4__react@19.2.4/node_modules/next/dist/next-devtools/shared/forward-logs-shared.js:27
[  108792ms] [LOG] [Fast Refresh] done in 49ms @ webpack-internal:///(app-pages-browser)/./node_modules/.pnpm/next@16.1.6_@babel+core@7.29.0_react-dom@19.2.4_react@19.2.4__react@19.2.4/node_modules/next/dist/next-devtools/shared/forward-logs-shared.js:27
[  108950ms] [LOG] [Fast Refresh] rebuilding @ webpack-internal:///(app-pages-browser)/./node_modules/.pnpm/next@16.1.6_@babel+core@7.29.0_react-dom@19.2.4_react@19.2.4__react@19.2.4/node_modules/next/dist/next-devtools/shared/forward-logs-shared.js:27
[  108991ms] [LOG] [Fast Refresh] done in 40ms @ webpack-internal:///(app-pages-browser)/./node_modules/.pnpm/next@16.1.6_@babel+core@7.29.0_react-dom@19.2.4_react@19.2.4__react@19.2.4/node_modules/next/dist/next-devtools/shared/forward-logs-shared.js:27
[  109149ms] [LOG] [Fast Refresh] rebuilding @ webpack-internal:///(app-pages-browser)/./node_modules/.pnpm/next@16.1.6_@babel+core@7.29.0_react-dom@19.2.4_react@19.2.4__react@19.2.4/node_modules/next/dist/next-devtools/shared/forward-logs-shared.js:27
[  109207ms] [LOG] [Fast Refresh] done in 58ms @ webpack-internal:///(app-pages-browser)/./node_modules/.pnpm/next@16.1.6_@babel+core@7.29.0_react-dom@19.2.4_react@19.2.4__react@19.2.4/node_modules/next/dist/next-devtools/shared/forward-logs-shared.js:27
[  109367ms] [LOG] [Fast Refresh] rebuilding @ webpack-internal:///(app-pages-browser)/./node_modules/.pnpm/next@16.1.6_@babel+core@7.29.0_react-dom@19.2.4_react@19.2.4__react@19.2.4/node_modules/next/dist/next-devtools/shared/forward-logs-shared.js:27
[  109408ms] [LOG] [Fast Refresh] done in 40ms @ webpack-internal:///(app-pages-browser)/./node_modules/.pnpm/next@16.1.6_@babel+core@7.29.0_react-dom@19.2.4_react@19.2.4__react@19.2.4/node_modules/next/dist/next-devtools/shared/forward-logs-shared.js:27
[  109570ms] [LOG] [Fast Refresh] rebuilding @ webpack-internal:///(app-pages-browser)/./node_modules/.pnpm/next@16.1.6_@babel+core@7.29.0_react-dom@19.2.4_react@19.2.4__react@19.2.4/node_modules/next/dist/next-devtools/shared/forward-logs-shared.js:27
[  109618ms] [LOG] [Fast Refresh] done in 47ms @ webpack-internal:///(app-pages-browser)/./node_modules/.pnpm/next@16.1.6_@babel+core@7.29.0_react-dom@19.2.4_react@19.2.4__react@19.2.4/node_modules/next/dist/next-devtools/shared/forward-logs-shared.js:27
[  109795ms] [LOG] [Fast Refresh] rebuilding @ webpack-internal:///(app-pages-browser)/./node_modules/.pnpm/next@16.1.6_@babel+core@7.29.0_react-dom@19.2.4_react@19.2.4__react@19.2.4/node_modules/next/dist/next-devtools/shared/forward-logs-shared.js:27
[  109836ms] [LOG] [Fast Refresh] done in 40ms @ webpack-internal:///(app-pages-browser)/./node_modules/.pnpm/next@16.1.6_@babel+core@7.29.0_react-dom@19.2.4_react@19.2.4__react@19.2.4/node_modules/next/dist/next-devtools/shared/forward-logs-shared.js:27
[  109996ms] [LOG] [Fast Refresh] rebuilding @ webpack-internal:///(app-pages-browser)/./node_modules/.pnpm/next@16.1.6_@babel+core@7.29.0_react-dom@19.2.4_react@19.2.4__react@19.2.4/node_modules/next/dist/next-devtools/shared/forward-logs-shared.js:27
[  110051ms] [LOG] [Fast Refresh] done in 54ms @ webpack-internal:///(app-pages-browser)/./node_modules/.pnpm/next@16.1.6_@babel+core@7.29.0_react-dom@19.2.4_react@19.2.4__react@19.2.4/node_modules/next/dist/next-devtools/shared/forward-logs-shared.js:27
[  110209ms] [LOG] [Fast Refresh] rebuilding @ webpack-internal:///(app-pages-browser)/./node_modules/.pnpm/next@16.1.6_@babel+core@7.29.0_react-dom@19.2.4_react@19.2.4__react@19.2.4/node_modules/next/dist/next-devtools/shared/forward-logs-shared.js:27
[  110246ms] [LOG] [Fast Refresh] done in 36ms @ webpack-internal:///(app-pages-browser)/./node_modules/.pnpm/next@16.1.6_@babel+core@7.29.0_react-dom@19.2.4_react@19.2.4__react@19.2.4/node_modules/next/dist/next-devtools/shared/forward-logs-shared.js:27
[  110409ms] [LOG] [Fast Refresh] rebuilding @ webpack-internal:///(app-pages-browser)/./node_modules/.pnpm/next@16.1.6_@babel+core@7.29.0_react-dom@19.2.4_react@19.2.4__react@19.2.4/node_modules/next/dist/next-devtools/shared/forward-logs-shared.js:27
[  110460ms] [LOG] [Fast Refresh] done in 51ms @ webpack-internal:///(app-pages-browser)/./node_modules/.pnpm/next@16.1.6_@babel+core@7.29.0_react-dom@19.2.4_react@19.2.4__react@19.2.4/node_modules/next/dist/next-devtools/shared/forward-logs-shared.js:27
[  110609ms] [LOG] [Fast Refresh] rebuilding @ webpack-internal:///(app-pages-browser)/./node_modules/.pnpm/next@16.1.6_@babel+core@7.29.0_react-dom@19.2.4_react@19.2.4__react@19.2.4/node_modules/next/dist/next-devtools/shared/forward-logs-shared.js:27
[  110650ms] [LOG] [Fast Refresh] done in 42ms @ webpack-internal:///(app-pages-browser)/./node_modules/.pnpm/next@16.1.6_@babel+core@7.29.0_react-dom@19.2.4_react@19.2.4__react@19.2.4/node_modules/next/dist/next-devtools/shared/forward-logs-shared.js:27
[  110813ms] [LOG] [Fast Refresh] rebuilding @ webpack-internal:///(app-pages-browser)/./node_modules/.pnpm/next@16.1.6_@babel+core@7.29.0_react-dom@19.2.4_react@19.2.4__react@19.2.4/node_modules/next/dist/next-devtools/shared/forward-logs-shared.js:27
[  110867ms] [LOG] [Fast Refresh] done in 55ms @ webpack-internal:///(app-pages-browser)/./node_modules/.pnpm/next@16.1.6_@babel+core@7.29.0_react-dom@19.2.4_react@19.2.4__react@19.2.4/node_modules/next/dist/next-devtools/shared/forward-logs-shared.js:27
[  111029ms] [LOG] [Fast Refresh] rebuilding @ webpack-internal:///(app-pages-browser)/./node_modules/.pnpm/next@16.1.6_@babel+core@7.29.0_react-dom@19.2.4_react@19.2.4__react@19.2.4/node_modules/next/dist/next-devtools/shared/forward-logs-shared.js:27
[  111073ms] [LOG] [Fast Refresh] done in 45ms @ webpack-internal:///(app-pages-browser)/./node_modules/.pnpm/next@16.1.6_@babel+core@7.29.0_react-dom@19.2.4_react@19.2.4__react@19.2.4/node_modules/next/dist/next-devtools/shared/forward-logs-shared.js:27
[  111227ms] [LOG] [Fast Refresh] rebuilding @ webpack-internal:///(app-pages-browser)/./node_modules/.pnpm/next@16.1.6_@babel+core@7.29.0_react-dom@19.2.4_react@19.2.4__react@19.2.4/node_modules/next/dist/next-devtools/shared/forward-logs-shared.js:27
[  111281ms] [LOG] [Fast Refresh] done in 54ms @ webpack-internal:///(app-pages-browser)/./node_modules/.pnpm/next@16.1.6_@babel+core@7.29.0_react-dom@19.2.4_react@19.2.4__react@19.2.4/node_modules/next/dist/next-devtools/shared/forward-logs-shared.js:27
[  111623ms] [LOG] [Fast Refresh] rebuilding @ webpack-internal:///(app-pages-browser)/./node_modules/.pnpm/next@16.1.6_@babel+core@7.29.0_react-dom@19.2.4_react@19.2.4__react@19.2.4/node_modules/next/dist/next-devtools/shared/forward-logs-shared.js:27
[  111688ms] [LOG] [Fast Refresh] done in 64ms @ webpack-internal:///(app-pages-browser)/./node_modules/.pnpm/next@16.1.6_@babel+core@7.29.0_react-dom@19.2.4_react@19.2.4__react@19.2.4/node_modules/next/dist/next-devtools/shared/forward-logs-shared.js:27
[  111865ms] [LOG] [Fast Refresh] rebuilding @ webpack-internal:///(app-pages-browser)/./node_modules/.pnpm/next@16.1.6_@babel+core@7.29.0_react-dom@19.2.4_react@19.2.4__react@19.2.4/node_modules/next/dist/next-devtools/shared/forward-logs-shared.js:27
[  111910ms] [LOG] [Fast Refresh] done in 46ms @ webpack-internal:///(app-pages-browser)/./node_modules/.pnpm/next@16.1.6_@babel+core@7.29.0_react-dom@19.2.4_react@19.2.4__react@19.2.4/node_modules/next/dist/next-devtools/shared/forward-logs-shared.js:27
[  112084ms] [LOG] [Fast Refresh] rebuilding @ webpack-internal:///(app-pages-browser)/./node_modules/.pnpm/next@16.1.6_@babel+core@7.29.0_react-dom@19.2.4_react@19.2.4__react@19.2.4/node_modules/next/dist/next-devtools/shared/forward-logs-shared.js:27
[  112139ms] [LOG] [Fast Refresh] done in 55ms @ webpack-internal:///(app-pages-browser)/./node_modules/.pnpm/next@16.1.6_@babel+core@7.29.0_react-dom@19.2.4_react@19.2.4__react@19.2.4/node_modules/next/dist/next-devtools/shared/forward-logs-shared.js:27
[  112304ms] [LOG] [Fast Refresh] rebuilding @ webpack-internal:///(app-pages-browser)/./node_modules/.pnpm/next@16.1.6_@babel+core@7.29.0_react-dom@19.2.4_react@19.2.4__react@19.2.4/node_modules/next/dist/next-devtools/shared/forward-logs-shared.js:27
[  112359ms] [LOG] [Fast Refresh] done in 55ms @ webpack-internal:///(app-pages-browser)/./node_modules/.pnpm/next@16.1.6_@babel+core@7.29.0_react-dom@19.2.4_react@19.2.4__react@19.2.4/node_modules/next/dist/next-devtools/shared/forward-logs-shared.js:27
[  112530ms] [LOG] [Fast Refresh] rebuilding @ webpack-internal:///(app-pages-browser)/./node_modules/.pnpm/next@16.1.6_@babel+core@7.29.0_react-dom@19.2.4_react@19.2.4__react@19.2.4/node_modules/next/dist/next-devtools/shared/forward-logs-shared.js:27
[  112584ms] [LOG] [Fast Refresh] done in 54ms @ webpack-internal:///(app-pages-browser)/./node_modules/.pnpm/next@16.1.6_@babel+core@7.29.0_react-dom@19.2.4_react@19.2.4__react@19.2.4/node_modules/next/dist/next-devtools/shared/forward-logs-shared.js:27
[  112751ms] [LOG] [Fast Refresh] rebuilding @ webpack-internal:///(app-pages-browser)/./node_modules/.pnpm/next@16.1.6_@babel+core@7.29.0_react-dom@19.2.4_react@19.2.4__react@19.2.4/node_modules/next/dist/next-devtools/shared/forward-logs-shared.js:27
[  112798ms] [LOG] [Fast Refresh] done in 48ms @ webpack-internal:///(app-pages-browser)/./node_modules/.pnpm/next@16.1.6_@babel+core@7.29.0_react-dom@19.2.4_react@19.2.4__react@19.2.4/node_modules/next/dist/next-devtools/shared/forward-logs-shared.js:27
[  112965ms] [LOG] [Fast Refresh] rebuilding @ webpack-internal:///(app-pages-browser)/./node_modules/.pnpm/next@16.1.6_@babel+core@7.29.0_react-dom@19.2.4_react@19.2.4__react@19.2.4/node_modules/next/dist/next-devtools/shared/forward-logs-shared.js:27
[  113023ms] [LOG] [Fast Refresh] done in 58ms @ webpack-internal:///(app-pages-browser)/./node_modules/.pnpm/next@16.1.6_@babel+core@7.29.0_react-dom@19.2.4_react@19.2.4__react@19.2.4/node_modules/next/dist/next-devtools/shared/forward-logs-shared.js:27
[  113187ms] [LOG] [Fast Refresh] rebuilding @ webpack-internal:///(app-pages-browser)/./node_modules/.pnpm/next@16.1.6_@babel+core@7.29.0_react-dom@19.2.4_react@19.2.4__react@19.2.4/node_modules/next/dist/next-devtools/shared/forward-logs-shared.js:27
[  113225ms] [LOG] [Fast Refresh] done in 37ms @ webpack-internal:///(app-pages-browser)/./node_modules/.pnpm/next@16.1.6_@babel+core@7.29.0_react-dom@19.2.4_react@19.2.4__react@19.2.4/node_modules/next/dist/next-devtools/shared/forward-logs-shared.js:27
[  113397ms] [LOG] [Fast Refresh] rebuilding @ webpack-internal:///(app-pages-browser)/./node_modules/.pnpm/next@16.1.6_@babel+core@7.29.0_react-dom@19.2.4_react@19.2.4__react@19.2.4/node_modules/next/dist/next-devtools/shared/forward-logs-shared.js:27
[  113456ms] [LOG] [Fast Refresh] done in 59ms @ webpack-internal:///(app-pages-browser)/./node_modules/.pnpm/next@16.1.6_@babel+core@7.29.0_react-dom@19.2.4_react@19.2.4__react@19.2.4/node_modules/next/dist/next-devtools/shared/forward-logs-shared.js:27
[  113609ms] [LOG] [Fast Refresh] rebuilding @ webpack-internal:///(app-pages-browser)/./node_modules/.pnpm/next@16.1.6_@babel+core@7.29.0_react-dom@19.2.4_react@19.2.4__react@19.2.4/node_modules/next/dist/next-devtools/shared/forward-logs-shared.js:27
[  113649ms] [LOG] [Fast Refresh] done in 39ms @ webpack-internal:///(app-pages-browser)/./node_modules/.pnpm/next@16.1.6_@babel+core@7.29.0_react-dom@19.2.4_react@19.2.4__react@19.2.4/node_modules/next/dist/next-devtools/shared/forward-logs-shared.js:27
[  113814ms] [LOG] [Fast Refresh] rebuilding @ webpack-internal:///(app-pages-browser)/./node_modules/.pnpm/next@16.1.6_@babel+core@7.29.0_react-dom@19.2.4_react@19.2.4__react@19.2.4/node_modules/next/dist/next-devtools/shared/forward-logs-shared.js:27
[  113871ms] [LOG] [Fast Refresh] done in 57ms @ webpack-internal:///(app-pages-browser)/./node_modules/.pnpm/next@16.1.6_@babel+core@7.29.0_react-dom@19.2.4_react@19.2.4__react@19.2.4/node_modules/next/dist/next-devtools/shared/forward-logs-shared.js:27
[  114050ms] [LOG] [Fast Refresh] rebuilding @ webpack-internal:///(app-pages-browser)/./node_modules/.pnpm/next@16.1.6_@babel+core@7.29.0_react-dom@19.2.4_react@19.2.4__react@19.2.4/node_modules/next/dist/next-devtools/shared/forward-logs-shared.js:27
[  114099ms] [LOG] [Fast Refresh] done in 49ms @ webpack-internal:///(app-pages-browser)/./node_modules/.pnpm/next@16.1.6_@babel+core@7.29.0_react-dom@19.2.4_react@19.2.4__react@19.2.4/node_modules/next/dist/next-devtools/shared/forward-logs-shared.js:27
[  114266ms] [LOG] [Fast Refresh] rebuilding @ webpack-internal:///(app-pages-browser)/./node_modules/.pnpm/next@16.1.6_@babel+core@7.29.0_react-dom@19.2.4_react@19.2.4__react@19.2.4/node_modules/next/dist/next-devtools/shared/forward-logs-shared.js:27
[  114319ms] [LOG] [Fast Refresh] done in 54ms @ webpack-internal:///(app-pages-browser)/./node_modules/.pnpm/next@16.1.6_@babel+core@7.29.0_react-dom@19.2.4_react@19.2.4__react@19.2.4/node_modules/next/dist/next-devtools/shared/forward-logs-shared.js:27
[  114493ms] [LOG] [Fast Refresh] rebuilding @ webpack-internal:///(app-pages-browser)/./node_modules/.pnpm/next@16.1.6_@babel+core@7.29.0_react-dom@19.2.4_react@19.2.4__react@19.2.4/node_modules/next/dist/next-devtools/shared/forward-logs-shared.js:27
[  114540ms] [LOG] [Fast Refresh] done in 47ms @ webpack-internal:///(app-pages-browser)/./node_modules/.pnpm/next@16.1.6_@babel+core@7.29.0_react-dom@19.2.4_react@19.2.4__react@19.2.4/node_modules/next/dist/next-devtools/shared/forward-logs-shared.js:27
[  114710ms] [LOG] [Fast Refresh] rebuilding @ webpack-internal:///(app-pages-browser)/./node_modules/.pnpm/next@16.1.6_@babel+core@7.29.0_react-dom@19.2.4_react@19.2.4__react@19.2.4/node_modules/next/dist/next-devtools/shared/forward-logs-shared.js:27
[  114760ms] [LOG] [Fast Refresh] done in 50ms @ webpack-internal:///(app-pages-browser)/./node_modules/.pnpm/next@16.1.6_@babel+core@7.29.0_react-dom@19.2.4_react@19.2.4__react@19.2.4/node_modules/next/dist/next-devtools/shared/forward-logs-shared.js:27
[  114923ms] [LOG] [Fast Refresh] rebuilding @ webpack-internal:///(app-pages-browser)/./node_modules/.pnpm/next@16.1.6_@babel+core@7.29.0_react-dom@19.2.4_react@19.2.4__react@19.2.4/node_modules/next/dist/next-devtools/shared/forward-logs-shared.js:27
[  114965ms] [LOG] [Fast Refresh] done in 43ms @ webpack-internal:///(app-pages-browser)/./node_modules/.pnpm/next@16.1.6_@babel+core@7.29.0_react-dom@19.2.4_react@19.2.4__react@19.2.4/node_modules/next/dist/next-devtools/shared/forward-logs-shared.js:27
[  115126ms] [LOG] [Fast Refresh] rebuilding @ webpack-internal:///(app-pages-browser)/./node_modules/.pnpm/next@16.1.6_@babel+core@7.29.0_react-dom@19.2.4_react@19.2.4__react@19.2.4/node_modules/next/dist/next-devtools/shared/forward-logs-shared.js:27
[  115175ms] [LOG] [Fast Refresh] done in 49ms @ webpack-internal:///(app-pages-browser)/./node_modules/.pnpm/next@16.1.6_@babel+core@7.29.0_react-dom@19.2.4_react@19.2.4__react@19.2.4/node_modules/next/dist/next-devtools/shared/forward-logs-shared.js:27
[  115338ms] [LOG] [Fast Refresh] rebuilding @ webpack-internal:///(app-pages-browser)/./node_modules/.pnpm/next@16.1.6_@babel+core@7.29.0_react-dom@19.2.4_react@19.2.4__react@19.2.4/node_modules/next/dist/next-devtools/shared/forward-logs-shared.js:27
[  115380ms] [LOG] [Fast Refresh] done in 41ms @ webpack-internal:///(app-pages-browser)/./node_modules/.pnpm/next@16.1.6_@babel+core@7.29.0_react-dom@19.2.4_react@19.2.4__react@19.2.4/node_modules/next/dist/next-devtools/shared/forward-logs-shared.js:27
[  115540ms] [LOG] [Fast Refresh] rebuilding @ webpack-internal:///(app-pages-browser)/./node_modules/.pnpm/next@16.1.6_@babel+core@7.29.0_react-dom@19.2.4_react@19.2.4__react@19.2.4/node_modules/next/dist/next-devtools/shared/forward-logs-shared.js:27
[  115590ms] [LOG] [Fast Refresh] done in 49ms @ webpack-internal:///(app-pages-browser)/./node_modules/.pnpm/next@16.1.6_@babel+core@7.29.0_react-dom@19.2.4_react@19.2.4__react@19.2.4/node_modules/next/dist/next-devtools/shared/forward-logs-shared.js:27
[  115759ms] [LOG] [Fast Refresh] rebuilding @ webpack-internal:///(app-pages-browser)/./node_modules/.pnpm/next@16.1.6_@babel+core@7.29.0_react-dom@19.2.4_react@19.2.4__react@19.2.4/node_modules/next/dist/next-devtools/shared/forward-logs-shared.js:27
[  115801ms] [LOG] [Fast Refresh] done in 41ms @ webpack-internal:///(app-pages-browser)/./node_modules/.pnpm/next@16.1.6_@babel+core@7.29.0_react-dom@19.2.4_react@19.2.4__react@19.2.4/node_modules/next/dist/next-devtools/shared/forward-logs-shared.js:27
[  115965ms] [LOG] [Fast Refresh] rebuilding @ webpack-internal:///(app-pages-browser)/./node_modules/.pnpm/next@16.1.6_@babel+core@7.29.0_react-dom@19.2.4_react@19.2.4__react@19.2.4/node_modules/next/dist/next-devtools/shared/forward-logs-shared.js:27
[  116014ms] [LOG] [Fast Refresh] done in 49ms @ webpack-internal:///(app-pages-browser)/./node_modules/.pnpm/next@16.1.6_@babel+core@7.29.0_react-dom@19.2.4_react@19.2.4__react@19.2.4/node_modules/next/dist/next-devtools/shared/forward-logs-shared.js:27
[  116180ms] [LOG] [Fast Refresh] rebuilding @ webpack-internal:///(app-pages-browser)/./node_modules/.pnpm/next@16.1.6_@babel+core@7.29.0_react-dom@19.2.4_react@19.2.4__react@19.2.4/node_modules/next/dist/next-devtools/shared/forward-logs-shared.js:27
[  116219ms] [LOG] [Fast Refresh] done in 39ms @ webpack-internal:///(app-pages-browser)/./node_modules/.pnpm/next@16.1.6_@babel+core@7.29.0_react-dom@19.2.4_react@19.2.4__react@19.2.4/node_modules/next/dist/next-devtools/shared/forward-logs-shared.js:27
[  116385ms] [LOG] [Fast Refresh] rebuilding @ webpack-internal:///(app-pages-browser)/./node_modules/.pnpm/next@16.1.6_@babel+core@7.29.0_react-dom@19.2.4_react@19.2.4__react@19.2.4/node_modules/next/dist/next-devtools/shared/forward-logs-shared.js:27
[  116434ms] [LOG] [Fast Refresh] done in 48ms @ webpack-internal:///(app-pages-browser)/./node_modules/.pnpm/next@16.1.6_@babel+core@7.29.0_react-dom@19.2.4_react@19.2.4__react@19.2.4/node_modules/next/dist/next-devtools/shared/forward-logs-shared.js:27
[  116592ms] [LOG] [Fast Refresh] rebuilding @ webpack-internal:///(app-pages-browser)/./node_modules/.pnpm/next@16.1.6_@babel+core@7.29.0_react-dom@19.2.4_react@19.2.4__react@19.2.4/node_modules/next/dist/next-devtools/shared/forward-logs-shared.js:27
[  116636ms] [LOG] [Fast Refresh] done in 44ms @ webpack-internal:///(app-pages-browser)/./node_modules/.pnpm/next@16.1.6_@babel+core@7.29.0_react-dom@19.2.4_react@19.2.4__react@19.2.4/node_modules/next/dist/next-devtools/shared/forward-logs-shared.js:27
[  116803ms] [LOG] [Fast Refresh] rebuilding @ webpack-internal:///(app-pages-browser)/./node_modules/.pnpm/next@16.1.6_@babel+core@7.29.0_react-dom@19.2.4_react@19.2.4__react@19.2.4/node_modules/next/dist/next-devtools/shared/forward-logs-shared.js:27
[  116861ms] [LOG] [Fast Refresh] done in 58ms @ webpack-internal:///(app-pages-browser)/./node_modules/.pnpm/next@16.1.6_@babel+core@7.29.0_react-dom@19.2.4_react@19.2.4__react@19.2.4/node_modules/next/dist/next-devtools/shared/forward-logs-shared.js:27
[  117033ms] [LOG] [Fast Refresh] rebuilding @ webpack-internal:///(app-pages-browser)/./node_modules/.pnpm/next@16.1.6_@babel+core@7.29.0_react-dom@19.2.4_react@19.2.4__react@19.2.4/node_modules/next/dist/next-devtools/shared/forward-logs-shared.js:27
[  117082ms] [LOG] [Fast Refresh] done in 49ms @ webpack-internal:///(app-pages-browser)/./node_modules/.pnpm/next@16.1.6_@babel+core@7.29.0_react-dom@19.2.4_react@19.2.4__react@19.2.4/node_modules/next/dist/next-devtools/shared/forward-logs-shared.js:27
[  117252ms] [LOG] [Fast Refresh] rebuilding @ webpack-internal:///(app-pages-browser)/./node_modules/.pnpm/next@16.1.6_@babel+core@7.29.0_react-dom@19.2.4_react@19.2.4__react@19.2.4/node_modules/next/dist/next-devtools/shared/forward-logs-shared.js:27
[  117308ms] [LOG] [Fast Refresh] done in 57ms @ webpack-internal:///(app-pages-browser)/./node_modules/.pnpm/next@16.1.6_@babel+core@7.29.0_react-dom@19.2.4_react@19.2.4__react@19.2.4/node_modules/next/dist/next-devtools/shared/forward-logs-shared.js:27
[  117464ms] [LOG] [Fast Refresh] rebuilding @ webpack-internal:///(app-pages-browser)/./node_modules/.pnpm/next@16.1.6_@babel+core@7.29.0_react-dom@19.2.4_react@19.2.4__react@19.2.4/node_modules/next/dist/next-devtools/shared/forward-logs-shared.js:27
[  117505ms] [LOG] [Fast Refresh] done in 42ms @ webpack-internal:///(app-pages-browser)/./node_modules/.pnpm/next@16.1.6_@babel+core@7.29.0_react-dom@19.2.4_react@19.2.4__react@19.2.4/node_modules/next/dist/next-devtools/shared/forward-logs-shared.js:27
[  117679ms] [LOG] [Fast Refresh] rebuilding @ webpack-internal:///(app-pages-browser)/./node_modules/.pnpm/next@16.1.6_@babel+core@7.29.0_react-dom@19.2.4_react@19.2.4__react@19.2.4/node_modules/next/dist/next-devtools/shared/forward-logs-shared.js:27
[  117732ms] [LOG] [Fast Refresh] done in 53ms @ webpack-internal:///(app-pages-browser)/./node_modules/.pnpm/next@16.1.6_@babel+core@7.29.0_react-dom@19.2.4_react@19.2.4__react@19.2.4/node_modules/next/dist/next-devtools/shared/forward-logs-shared.js:27
[  117910ms] [LOG] [Fast Refresh] rebuilding @ webpack-internal:///(app-pages-browser)/./node_modules/.pnpm/next@16.1.6_@babel+core@7.29.0_react-dom@19.2.4_react@19.2.4__react@19.2.4/node_modules/next/dist/next-devtools/shared/forward-logs-shared.js:27
[  118019ms] [LOG] [Fast Refresh] done in 110ms @ webpack-internal:///(app-pages-browser)/./node_modules/.pnpm/next@16.1.6_@babel+core@7.29.0_react-dom@19.2.4_react@19.2.4__react@19.2.4/node_modules/next/dist/next-devtools/shared/forward-logs-shared.js:27
[  118062ms] [LOG] [Fast Refresh] rebuilding @ webpack-internal:///(app-pages-browser)/./node_modules/.pnpm/next@16.1.6_@babel+core@7.29.0_react-dom@19.2.4_react@19.2.4__react@19.2.4/node_modules/next/dist/next-devtools/shared/forward-logs-shared.js:27
[  118107ms] [LOG] [Fast Refresh] done in 46ms @ webpack-internal:///(app-pages-browser)/./node_modules/.pnpm/next@16.1.6_@babel+core@7.29.0_react-dom@19.2.4_react@19.2.4__react@19.2.4/node_modules/next/dist/next-devtools/shared/forward-logs-shared.js:27
[  118270ms] [LOG] [Fast Refresh] rebuilding @ webpack-internal:///(app-pages-browser)/./node_modules/.pnpm/next@16.1.6_@babel+core@7.29.0_react-dom@19.2.4_react@19.2.4__react@19.2.4/node_modules/next/dist/next-devtools/shared/forward-logs-shared.js:27
[  118314ms] [LOG] [Fast Refresh] done in 43ms @ webpack-internal:///(app-pages-browser)/./node_modules/.pnpm/next@16.1.6_@babel+core@7.29.0_react-dom@19.2.4_react@19.2.4__react@19.2.4/node_modules/next/dist/next-devtools/shared/forward-logs-shared.js:27
[  118479ms] [LOG] [Fast Refresh] rebuilding @ webpack-internal:///(app-pages-browser)/./node_modules/.pnpm/next@16.1.6_@babel+core@7.29.0_react-dom@19.2.4_react@19.2.4__react@19.2.4/node_modules/next/dist/next-devtools/shared/forward-logs-shared.js:27
[  118526ms] [LOG] [Fast Refresh] done in 47ms @ webpack-internal:///(app-pages-browser)/./node_modules/.pnpm/next@16.1.6_@babel+core@7.29.0_react-dom@19.2.4_react@19.2.4__react@19.2.4/node_modules/next/dist/next-devtools/shared/forward-logs-shared.js:27
[  118694ms] [LOG] [Fast Refresh] rebuilding @ webpack-internal:///(app-pages-browser)/./node_modules/.pnpm/next@16.1.6_@babel+core@7.29.0_react-dom@19.2.4_react@19.2.4__react@19.2.4/node_modules/next/dist/next-devtools/shared/forward-logs-shared.js:27
[  118734ms] [LOG] [Fast Refresh] done in 40ms @ webpack-internal:///(app-pages-browser)/./node_modules/.pnpm/next@16.1.6_@babel+core@7.29.0_react-dom@19.2.4_react@19.2.4__react@19.2.4/node_modules/next/dist/next-devtools/shared/forward-logs-shared.js:27
[  118890ms] [LOG] [Fast Refresh] rebuilding @ webpack-internal:///(app-pages-browser)/./node_modules/.pnpm/next@16.1.6_@babel+core@7.29.0_react-dom@19.2.4_react@19.2.4__react@19.2.4/node_modules/next/dist/next-devtools/shared/forward-logs-shared.js:27
[  118939ms] [LOG] [Fast Refresh] done in 49ms @ webpack-internal:///(app-pages-browser)/./node_modules/.pnpm/next@16.1.6_@babel+core@7.29.0_react-dom@19.2.4_react@19.2.4__react@19.2.4/node_modules/next/dist/next-devtools/shared/forward-logs-shared.js:27
[  119101ms] [LOG] [Fast Refresh] rebuilding @ webpack-internal:///(app-pages-browser)/./node_modules/.pnpm/next@16.1.6_@babel+core@7.29.0_react-dom@19.2.4_react@19.2.4__react@19.2.4/node_modules/next/dist/next-devtools/shared/forward-logs-shared.js:27
[  119146ms] [LOG] [Fast Refresh] done in 45ms @ webpack-internal:///(app-pages-browser)/./node_modules/.pnpm/next@16.1.6_@babel+core@7.29.0_react-dom@19.2.4_react@19.2.4__react@19.2.4/node_modules/next/dist/next-devtools/shared/forward-logs-shared.js:27
[  119322ms] [LOG] [Fast Refresh] rebuilding @ webpack-internal:///(app-pages-browser)/./node_modules/.pnpm/next@16.1.6_@babel+core@7.29.0_react-dom@19.2.4_react@19.2.4__react@19.2.4/node_modules/next/dist/next-devtools/shared/forward-logs-shared.js:27
[  119374ms] [LOG] [Fast Refresh] done in 52ms @ webpack-internal:///(app-pages-browser)/./node_modules/.pnpm/next@16.1.6_@babel+core@7.29.0_react-dom@19.2.4_react@19.2.4__react@19.2.4/node_modules/next/dist/next-devtools/shared/forward-logs-shared.js:27
[  119534ms] [LOG] [Fast Refresh] rebuilding @ webpack-internal:///(app-pages-browser)/./node_modules/.pnpm/next@16.1.6_@babel+core@7.29.0_react-dom@19.2.4_react@19.2.4__react@19.2.4/node_modules/next/dist/next-devtools/shared/forward-logs-shared.js:27
[  119570ms] [LOG] [Fast Refresh] done in 36ms @ webpack-internal:///(app-pages-browser)/./node_modules/.pnpm/next@16.1.6_@babel+core@7.29.0_react-dom@19.2.4_react@19.2.4__react@19.2.4/node_modules/next/dist/next-devtools/shared/forward-logs-shared.js:27
[  119717ms] [LOG] [Fast Refresh] rebuilding @ webpack-internal:///(app-pages-browser)/./node_modules/.pnpm/next@16.1.6_@babel+core@7.29.0_react-dom@19.2.4_react@19.2.4__react@19.2.4/node_modules/next/dist/next-devtools/shared/forward-logs-shared.js:27
[  119763ms] [LOG] [Fast Refresh] done in 46ms @ webpack-internal:///(app-pages-browser)/./node_modules/.pnpm/next@16.1.6_@babel+core@7.29.0_react-dom@19.2.4_react@19.2.4__react@19.2.4/node_modules/next/dist/next-devtools/shared/forward-logs-shared.js:27
[  119914ms] [LOG] [Fast Refresh] rebuilding @ webpack-internal:///(app-pages-browser)/./node_modules/.pnpm/next@16.1.6_@babel+core@7.29.0_react-dom@19.2.4_react@19.2.4__react@19.2.4/node_modules/next/dist/next-devtools/shared/forward-logs-shared.js:27
[  119952ms] [LOG] [Fast Refresh] done in 38ms @ webpack-internal:///(app-pages-browser)/./node_modules/.pnpm/next@16.1.6_@babel+core@7.29.0_react-dom@19.2.4_react@19.2.4__react@19.2.4/node_modules/next/dist/next-devtools/shared/forward-logs-shared.js:27
[  120112ms] [LOG] [Fast Refresh] rebuilding @ webpack-internal:///(app-pages-browser)/./node_modules/.pnpm/next@16.1.6_@babel+core@7.29.0_react-dom@19.2.4_react@19.2.4__react@19.2.4/node_modules/next/dist/next-devtools/shared/forward-logs-shared.js:27
[  120162ms] [LOG] [Fast Refresh] done in 51ms @ webpack-internal:///(app-pages-browser)/./node_modules/.pnpm/next@16.1.6_@babel+core@7.29.0_react-dom@19.2.4_react@19.2.4__react@19.2.4/node_modules/next/dist/next-devtools/shared/forward-logs-shared.js:27
[  120312ms] [LOG] [Fast Refresh] rebuilding @ webpack-internal:///(app-pages-browser)/./node_modules/.pnpm/next@16.1.6_@babel+core@7.29.0_react-dom@19.2.4_react@19.2.4__react@19.2.4/node_modules/next/dist/next-devtools/shared/forward-logs-shared.js:27
[  120346ms] [LOG] [Fast Refresh] done in 34ms @ webpack-internal:///(app-pages-browser)/./node_modules/.pnpm/next@16.1.6_@babel+core@7.29.0_react-dom@19.2.4_react@19.2.4__react@19.2.4/node_modules/next/dist/next-devtools/shared/forward-logs-shared.js:27
[  120496ms] [LOG] [Fast Refresh] rebuilding @ webpack-internal:///(app-pages-browser)/./node_modules/.pnpm/next@16.1.6_@babel+core@7.29.0_react-dom@19.2.4_react@19.2.4__react@19.2.4/node_modules/next/dist/next-devtools/shared/forward-logs-shared.js:27
[  120537ms] [LOG] [Fast Refresh] done in 41ms @ webpack-internal:///(app-pages-browser)/./node_modules/.pnpm/next@16.1.6_@babel+core@7.29.0_react-dom@19.2.4_react@19.2.4__react@19.2.4/node_modules/next/dist/next-devtools/shared/forward-logs-shared.js:27
[  120690ms] [LOG] [Fast Refresh] rebuilding @ webpack-internal:///(app-pages-browser)/./node_modules/.pnpm/next@16.1.6_@babel+core@7.29.0_react-dom@19.2.4_react@19.2.4__react@19.2.4/node_modules/next/dist/next-devtools/shared/forward-logs-shared.js:27
[  120731ms] [LOG] [Fast Refresh] done in 40ms @ webpack-internal:///(app-pages-browser)/./node_modules/.pnpm/next@16.1.6_@babel+core@7.29.0_react-dom@19.2.4_react@19.2.4__react@19.2.4/node_modules/next/dist/next-devtools/shared/forward-logs-shared.js:27
[  120879ms] [LOG] [Fast Refresh] rebuilding @ webpack-internal:///(app-pages-browser)/./node_modules/.pnpm/next@16.1.6_@babel+core@7.29.0_react-dom@19.2.4_react@19.2.4__react@19.2.4/node_modules/next/dist/next-devtools/shared/forward-logs-shared.js:27
[  120927ms] [LOG] [Fast Refresh] done in 47ms @ webpack-internal:///(app-pages-browser)/./node_modules/.pnpm/next@16.1.6_@babel+core@7.29.0_react-dom@19.2.4_react@19.2.4__react@19.2.4/node_modules/next/dist/next-devtools/shared/forward-logs-shared.js:27
[  121077ms] [LOG] [Fast Refresh] rebuilding @ webpack-internal:///(app-pages-browser)/./node_modules/.pnpm/next@16.1.6_@babel+core@7.29.0_react-dom@19.2.4_react@19.2.4__react@19.2.4/node_modules/next/dist/next-devtools/shared/forward-logs-shared.js:27
[  121115ms] [LOG] [Fast Refresh] done in 38ms @ webpack-internal:///(app-pages-browser)/./node_modules/.pnpm/next@16.1.6_@babel+core@7.29.0_react-dom@19.2.4_react@19.2.4__react@19.2.4/node_modules/next/dist/next-devtools/shared/forward-logs-shared.js:27
[  121260ms] [LOG] [Fast Refresh] rebuilding @ webpack-internal:///(app-pages-browser)/./node_modules/.pnpm/next@16.1.6_@babel+core@7.29.0_react-dom@19.2.4_react@19.2.4__react@19.2.4/node_modules/next/dist/next-devtools/shared/forward-logs-shared.js:27
[  121310ms] [LOG] [Fast Refresh] done in 51ms @ webpack-internal:///(app-pages-browser)/./node_modules/.pnpm/next@16.1.6_@babel+core@7.29.0_react-dom@19.2.4_react@19.2.4__react@19.2.4/node_modules/next/dist/next-devtools/shared/forward-logs-shared.js:27
[  121481ms] [LOG] [Fast Refresh] rebuilding @ webpack-internal:///(app-pages-browser)/./node_modules/.pnpm/next@16.1.6_@babel+core@7.29.0_react-dom@19.2.4_react@19.2.4__react@19.2.4/node_modules/next/dist/next-devtools/shared/forward-logs-shared.js:27
[  121527ms] [LOG] [Fast Refresh] done in 46ms @ webpack-internal:///(app-pages-browser)/./node_modules/.pnpm/next@16.1.6_@babel+core@7.29.0_react-dom@19.2.4_react@19.2.4__react@19.2.4/node_modules/next/dist/next-devtools/shared/forward-logs-shared.js:27
[  121702ms] [LOG] [Fast Refresh] rebuilding @ webpack-internal:///(app-pages-browser)/./node_modules/.pnpm/next@16.1.6_@babel+core@7.29.0_react-dom@19.2.4_react@19.2.4__react@19.2.4/node_modules/next/dist/next-devtools/shared/forward-logs-shared.js:27
[  121771ms] [LOG] [Fast Refresh] done in 68ms @ webpack-internal:///(app-pages-browser)/./node_modules/.pnpm/next@16.1.6_@babel+core@7.29.0_react-dom@19.2.4_react@19.2.4__react@19.2.4/node_modules/next/dist/next-devtools/shared/forward-logs-shared.js:27
[  121946ms] [LOG] [Fast Refresh] rebuilding @ webpack-internal:///(app-pages-browser)/./node_modules/.pnpm/next@16.1.6_@babel+core@7.29.0_react-dom@19.2.4_react@19.2.4__react@19.2.4/node_modules/next/dist/next-devtools/shared/forward-logs-shared.js:27
[  121982ms] [LOG] [Fast Refresh] done in 36ms @ webpack-internal:///(app-pages-browser)/./node_modules/.pnpm/next@16.1.6_@babel+core@7.29.0_react-dom@19.2.4_react@19.2.4__react@19.2.4/node_modules/next/dist/next-devtools/shared/forward-logs-shared.js:27
[  122148ms] [LOG] [Fast Refresh] rebuilding @ webpack-internal:///(app-pages-browser)/./node_modules/.pnpm/next@16.1.6_@babel+core@7.29.0_react-dom@19.2.4_react@19.2.4__react@19.2.4/node_modules/next/dist/next-devtools/shared/forward-logs-shared.js:27
[  122203ms] [LOG] [Fast Refresh] done in 56ms @ webpack-internal:///(app-pages-browser)/./node_modules/.pnpm/next@16.1.6_@babel+core@7.29.0_react-dom@19.2.4_react@19.2.4__react@19.2.4/node_modules/next/dist/next-devtools/shared/forward-logs-shared.js:27
[  122374ms] [LOG] [Fast Refresh] rebuilding @ webpack-internal:///(app-pages-browser)/./node_modules/.pnpm/next@16.1.6_@babel+core@7.29.0_react-dom@19.2.4_react@19.2.4__react@19.2.4/node_modules/next/dist/next-devtools/shared/forward-logs-shared.js:27
[  122426ms] [LOG] [Fast Refresh] done in 52ms @ webpack-internal:///(app-pages-browser)/./node_modules/.pnpm/next@16.1.6_@babel+core@7.29.0_react-dom@19.2.4_react@19.2.4__react@19.2.4/node_modules/next/dist/next-devtools/shared/forward-logs-shared.js:27
[  122744ms] [LOG] [Fast Refresh] rebuilding @ webpack-internal:///(app-pages-browser)/./node_modules/.pnpm/next@16.1.6_@babel+core@7.29.0_react-dom@19.2.4_react@19.2.4__react@19.2.4/node_modules/next/dist/next-devtools/shared/forward-logs-shared.js:27
[  122785ms] [LOG] [Fast Refresh] done in 40ms @ webpack-internal:///(app-pages-browser)/./node_modules/.pnpm/next@16.1.6_@babel+core@7.29.0_react-dom@19.2.4_react@19.2.4__react@19.2.4/node_modules/next/dist/next-devtools/shared/forward-logs-shared.js:27
[  122950ms] [LOG] [Fast Refresh] rebuilding @ webpack-internal:///(app-pages-browser)/./node_modules/.pnpm/next@16.1.6_@babel+core@7.29.0_react-dom@19.2.4_react@19.2.4__react@19.2.4/node_modules/next/dist/next-devtools/shared/forward-logs-shared.js:27
[  122991ms] [LOG] [Fast Refresh] done in 42ms @ webpack-internal:///(app-pages-browser)/./node_modules/.pnpm/next@16.1.6_@babel+core@7.29.0_react-dom@19.2.4_react@19.2.4__react@19.2.4/node_modules/next/dist/next-devtools/shared/forward-logs-shared.js:27
[  123144ms] [LOG] [Fast Refresh] rebuilding @ webpack-internal:///(app-pages-browser)/./node_modules/.pnpm/next@16.1.6_@babel+core@7.29.0_react-dom@19.2.4_react@19.2.4__react@19.2.4/node_modules/next/dist/next-devtools/shared/forward-logs-shared.js:27
[  123199ms] [LOG] [Fast Refresh] done in 54ms @ webpack-internal:///(app-pages-browser)/./node_modules/.pnpm/next@16.1.6_@babel+core@7.29.0_react-dom@19.2.4_react@19.2.4__react@19.2.4/node_modules/next/dist/next-devtools/shared/forward-logs-shared.js:27
[  123370ms] [LOG] [Fast Refresh] rebuilding @ webpack-internal:///(app-pages-browser)/./node_modules/.pnpm/next@16.1.6_@babel+core@7.29.0_react-dom@19.2.4_react@19.2.4__react@19.2.4/node_modules/next/dist/next-devtools/shared/forward-logs-shared.js:27
[  123418ms] [LOG] [Fast Refresh] done in 49ms @ webpack-internal:///(app-pages-browser)/./node_modules/.pnpm/next@16.1.6_@babel+core@7.29.0_react-dom@19.2.4_react@19.2.4__react@19.2.4/node_modules/next/dist/next-devtools/shared/forward-logs-shared.js:27
[  123579ms] [LOG] [Fast Refresh] rebuilding @ webpack-internal:///(app-pages-browser)/./node_modules/.pnpm/next@16.1.6_@babel+core@7.29.0_react-dom@19.2.4_react@19.2.4__react@19.2.4/node_modules/next/dist/next-devtools/shared/forward-logs-shared.js:27
[  123629ms] [LOG] [Fast Refresh] done in 51ms @ webpack-internal:///(app-pages-browser)/./node_modules/.pnpm/next@16.1.6_@babel+core@7.29.0_react-dom@19.2.4_react@19.2.4__react@19.2.4/node_modules/next/dist/next-devtools/shared/forward-logs-shared.js:27
[  123792ms] [LOG] [Fast Refresh] rebuilding @ webpack-internal:///(app-pages-browser)/./node_modules/.pnpm/next@16.1.6_@babel+core@7.29.0_react-dom@19.2.4_react@19.2.4__react@19.2.4/node_modules/next/dist/next-devtools/shared/forward-logs-shared.js:27
[  123833ms] [LOG] [Fast Refresh] done in 41ms @ webpack-internal:///(app-pages-browser)/./node_modules/.pnpm/next@16.1.6_@babel+core@7.29.0_react-dom@19.2.4_react@19.2.4__react@19.2.4/node_modules/next/dist/next-devtools/shared/forward-logs-shared.js:27
[  123999ms] [LOG] [Fast Refresh] rebuilding @ webpack-internal:///(app-pages-browser)/./node_modules/.pnpm/next@16.1.6_@babel+core@7.29.0_react-dom@19.2.4_react@19.2.4__react@19.2.4/node_modules/next/dist/next-devtools/shared/forward-logs-shared.js:27
[  124048ms] [LOG] [Fast Refresh] done in 48ms @ webpack-internal:///(app-pages-browser)/./node_modules/.pnpm/next@16.1.6_@babel+core@7.29.0_react-dom@19.2.4_react@19.2.4__react@19.2.4/node_modules/next/dist/next-devtools/shared/forward-logs-shared.js:27
[  124195ms] [LOG] [Fast Refresh] rebuilding @ webpack-internal:///(app-pages-browser)/./node_modules/.pnpm/next@16.1.6_@babel+core@7.29.0_react-dom@19.2.4_react@19.2.4__react@19.2.4/node_modules/next/dist/next-devtools/shared/forward-logs-shared.js:27
[  124237ms] [LOG] [Fast Refresh] done in 42ms @ webpack-internal:///(app-pages-browser)/./node_modules/.pnpm/next@16.1.6_@babel+core@7.29.0_react-dom@19.2.4_react@19.2.4__react@19.2.4/node_modules/next/dist/next-devtools/shared/forward-logs-shared.js:27
[  124396ms] [LOG] [Fast Refresh] rebuilding @ webpack-internal:///(app-pages-browser)/./node_modules/.pnpm/next@16.1.6_@babel+core@7.29.0_react-dom@19.2.4_react@19.2.4__react@19.2.4/node_modules/next/dist/next-devtools/shared/forward-logs-shared.js:27
[  124441ms] [LOG] [Fast Refresh] done in 44ms @ webpack-internal:///(app-pages-browser)/./node_modules/.pnpm/next@16.1.6_@babel+core@7.29.0_react-dom@19.2.4_react@19.2.4__react@19.2.4/node_modules/next/dist/next-devtools/shared/forward-logs-shared.js:27
[  124604ms] [LOG] [Fast Refresh] rebuilding @ webpack-internal:///(app-pages-browser)/./node_modules/.pnpm/next@16.1.6_@babel+core@7.29.0_react-dom@19.2.4_react@19.2.4__react@19.2.4/node_modules/next/dist/next-devtools/shared/forward-logs-shared.js:27
[  124639ms] [LOG] [Fast Refresh] done in 35ms @ webpack-internal:///(app-pages-browser)/./node_modules/.pnpm/next@16.1.6_@babel+core@7.29.0_react-dom@19.2.4_react@19.2.4__react@19.2.4/node_modules/next/dist/next-devtools/shared/forward-logs-shared.js:27
[  124788ms] [LOG] [Fast Refresh] rebuilding @ webpack-internal:///(app-pages-browser)/./node_modules/.pnpm/next@16.1.6_@babel+core@7.29.0_react-dom@19.2.4_react@19.2.4__react@19.2.4/node_modules/next/dist/next-devtools/shared/forward-logs-shared.js:27
[  124831ms] [LOG] [Fast Refresh] done in 43ms @ webpack-internal:///(app-pages-browser)/./node_modules/.pnpm/next@16.1.6_@babel+core@7.29.0_react-dom@19.2.4_react@19.2.4__react@19.2.4/node_modules/next/dist/next-devtools/shared/forward-logs-shared.js:27
[  124993ms] [LOG] [Fast Refresh] rebuilding @ webpack-internal:///(app-pages-browser)/./node_modules/.pnpm/next@16.1.6_@babel+core@7.29.0_react-dom@19.2.4_react@19.2.4__react@19.2.4/node_modules/next/dist/next-devtools/shared/forward-logs-shared.js:27
[  125034ms] [LOG] [Fast Refresh] done in 41ms @ webpack-internal:///(app-pages-browser)/./node_modules/.pnpm/next@16.1.6_@babel+core@7.29.0_react-dom@19.2.4_react@19.2.4__react@19.2.4/node_modules/next/dist/next-devtools/shared/forward-logs-shared.js:27
[  125194ms] [LOG] [Fast Refresh] rebuilding @ webpack-internal:///(app-pages-browser)/./node_modules/.pnpm/next@16.1.6_@babel+core@7.29.0_react-dom@19.2.4_react@19.2.4__react@19.2.4/node_modules/next/dist/next-devtools/shared/forward-logs-shared.js:27
[  125247ms] [LOG] [Fast Refresh] done in 53ms @ webpack-internal:///(app-pages-browser)/./node_modules/.pnpm/next@16.1.6_@babel+core@7.29.0_react-dom@19.2.4_react@19.2.4__react@19.2.4/node_modules/next/dist/next-devtools/shared/forward-logs-shared.js:27
[  125414ms] [LOG] [Fast Refresh] rebuilding @ webpack-internal:///(app-pages-browser)/./node_modules/.pnpm/next@16.1.6_@babel+core@7.29.0_react-dom@19.2.4_react@19.2.4__react@19.2.4/node_modules/next/dist/next-devtools/shared/forward-logs-shared.js:27
[  125452ms] [LOG] [Fast Refresh] done in 38ms @ webpack-internal:///(app-pages-browser)/./node_modules/.pnpm/next@16.1.6_@babel+core@7.29.0_react-dom@19.2.4_react@19.2.4__react@19.2.4/node_modules/next/dist/next-devtools/shared/forward-logs-shared.js:27
[  125612ms] [LOG] [Fast Refresh] rebuilding @ webpack-internal:///(app-pages-browser)/./node_modules/.pnpm/next@16.1.6_@babel+core@7.29.0_react-dom@19.2.4_react@19.2.4__react@19.2.4/node_modules/next/dist/next-devtools/shared/forward-logs-shared.js:27
[  125662ms] [LOG] [Fast Refresh] done in 49ms @ webpack-internal:///(app-pages-browser)/./node_modules/.pnpm/next@16.1.6_@babel+core@7.29.0_react-dom@19.2.4_react@19.2.4__react@19.2.4/node_modules/next/dist/next-devtools/shared/forward-logs-shared.js:27
[  125818ms] [LOG] [Fast Refresh] rebuilding @ webpack-internal:///(app-pages-browser)/./node_modules/.pnpm/next@16.1.6_@babel+core@7.29.0_react-dom@19.2.4_react@19.2.4__react@19.2.4/node_modules/next/dist/next-devtools/shared/forward-logs-shared.js:27
[  125853ms] [LOG] [Fast Refresh] done in 35ms @ webpack-internal:///(app-pages-browser)/./node_modules/.pnpm/next@16.1.6_@babel+core@7.29.0_react-dom@19.2.4_react@19.2.4__react@19.2.4/node_modules/next/dist/next-devtools/shared/forward-logs-shared.js:27
[  125999ms] [LOG] [Fast Refresh] rebuilding @ webpack-internal:///(app-pages-browser)/./node_modules/.pnpm/next@16.1.6_@babel+core@7.29.0_react-dom@19.2.4_react@19.2.4__react@19.2.4/node_modules/next/dist/next-devtools/shared/forward-logs-shared.js:27
[  126041ms] [LOG] [Fast Refresh] done in 43ms @ webpack-internal:///(app-pages-browser)/./node_modules/.pnpm/next@16.1.6_@babel+core@7.29.0_react-dom@19.2.4_react@19.2.4__react@19.2.4/node_modules/next/dist/next-devtools/shared/forward-logs-shared.js:27
[  126188ms] [LOG] [Fast Refresh] rebuilding @ webpack-internal:///(app-pages-browser)/./node_modules/.pnpm/next@16.1.6_@babel+core@7.29.0_react-dom@19.2.4_react@19.2.4__react@19.2.4/node_modules/next/dist/next-devtools/shared/forward-logs-shared.js:27
[  126220ms] [LOG] [Fast Refresh] done in 33ms @ webpack-internal:///(app-pages-browser)/./node_modules/.pnpm/next@16.1.6_@babel+core@7.29.0_react-dom@19.2.4_react@19.2.4__react@19.2.4/node_modules/next/dist/next-devtools/shared/forward-logs-shared.js:27
[  126372ms] [LOG] [Fast Refresh] rebuilding @ webpack-internal:///(app-pages-browser)/./node_modules/.pnpm/next@16.1.6_@babel+core@7.29.0_react-dom@19.2.4_react@19.2.4__react@19.2.4/node_modules/next/dist/next-devtools/shared/forward-logs-shared.js:27
[  126412ms] [LOG] [Fast Refresh] done in 40ms @ webpack-internal:///(app-pages-browser)/./node_modules/.pnpm/next@16.1.6_@babel+core@7.29.0_react-dom@19.2.4_react@19.2.4__react@19.2.4/node_modules/next/dist/next-devtools/shared/forward-logs-shared.js:27
[  126574ms] [LOG] [Fast Refresh] rebuilding @ webpack-internal:///(app-pages-browser)/./node_modules/.pnpm/next@16.1.6_@babel+core@7.29.0_react-dom@19.2.4_react@19.2.4__react@19.2.4/node_modules/next/dist/next-devtools/shared/forward-logs-shared.js:27
[  126611ms] [LOG] [Fast Refresh] done in 38ms @ webpack-internal:///(app-pages-browser)/./node_modules/.pnpm/next@16.1.6_@babel+core@7.29.0_react-dom@19.2.4_react@19.2.4__react@19.2.4/node_modules/next/dist/next-devtools/shared/forward-logs-shared.js:27
[  126763ms] [LOG] [Fast Refresh] rebuilding @ webpack-internal:///(app-pages-browser)/./node_modules/.pnpm/next@16.1.6_@babel+core@7.29.0_react-dom@19.2.4_react@19.2.4__react@19.2.4/node_modules/next/dist/next-devtools/shared/forward-logs-shared.js:27
[  126815ms] [LOG] [Fast Refresh] done in 52ms @ webpack-internal:///(app-pages-browser)/./node_modules/.pnpm/next@16.1.6_@babel+core@7.29.0_react-dom@19.2.4_react@19.2.4__react@19.2.4/node_modules/next/dist/next-devtools/shared/forward-logs-shared.js:27
[  126977ms] [LOG] [Fast Refresh] rebuilding @ webpack-internal:///(app-pages-browser)/./node_modules/.pnpm/next@16.1.6_@babel+core@7.29.0_react-dom@19.2.4_react@19.2.4__react@19.2.4/node_modules/next/dist/next-devtools/shared/forward-logs-shared.js:27
[  127022ms] [LOG] [Fast Refresh] done in 45ms @ webpack-internal:///(app-pages-browser)/./node_modules/.pnpm/next@16.1.6_@babel+core@7.29.0_react-dom@19.2.4_react@19.2.4__react@19.2.4/node_modules/next/dist/next-devtools/shared/forward-logs-shared.js:27
[  127196ms] [LOG] [Fast Refresh] rebuilding @ webpack-internal:///(app-pages-browser)/./node_modules/.pnpm/next@16.1.6_@babel+core@7.29.0_react-dom@19.2.4_react@19.2.4__react@19.2.4/node_modules/next/dist/next-devtools/shared/forward-logs-shared.js:27
[  127254ms] [LOG] [Fast Refresh] done in 59ms @ webpack-internal:///(app-pages-browser)/./node_modules/.pnpm/next@16.1.6_@babel+core@7.29.0_react-dom@19.2.4_react@19.2.4__react@19.2.4/node_modules/next/dist/next-devtools/shared/forward-logs-shared.js:27
[  127432ms] [LOG] [Fast Refresh] rebuilding @ webpack-internal:///(app-pages-browser)/./node_modules/.pnpm/next@16.1.6_@babel+core@7.29.0_react-dom@19.2.4_react@19.2.4__react@19.2.4/node_modules/next/dist/next-devtools/shared/forward-logs-shared.js:27
[  127480ms] [LOG] [Fast Refresh] done in 47ms @ webpack-internal:///(app-pages-browser)/./node_modules/.pnpm/next@16.1.6_@babel+core@7.29.0_react-dom@19.2.4_react@19.2.4__react@19.2.4/node_modules/next/dist/next-devtools/shared/forward-logs-shared.js:27
[  127658ms] [LOG] [Fast Refresh] rebuilding @ webpack-internal:///(app-pages-browser)/./node_modules/.pnpm/next@16.1.6_@babel+core@7.29.0_react-dom@19.2.4_react@19.2.4__react@19.2.4/node_modules/next/dist/next-devtools/shared/forward-logs-shared.js:27
[  127712ms] [LOG] [Fast Refresh] done in 55ms @ webpack-internal:///(app-pages-browser)/./node_modules/.pnpm/next@16.1.6_@babel+core@7.29.0_react-dom@19.2.4_react@19.2.4__react@19.2.4/node_modules/next/dist/next-devtools/shared/forward-logs-shared.js:27
[  127879ms] [LOG] [Fast Refresh] rebuilding @ webpack-internal:///(app-pages-browser)/./node_modules/.pnpm/next@16.1.6_@babel+core@7.29.0_react-dom@19.2.4_react@19.2.4__react@19.2.4/node_modules/next/dist/next-devtools/shared/forward-logs-shared.js:27
[  127921ms] [LOG] [Fast Refresh] done in 43ms @ webpack-internal:///(app-pages-browser)/./node_modules/.pnpm/next@16.1.6_@babel+core@7.29.0_react-dom@19.2.4_react@19.2.4__react@19.2.4/node_modules/next/dist/next-devtools/shared/forward-logs-shared.js:27
[  128094ms] [LOG] [Fast Refresh] rebuilding @ webpack-internal:///(app-pages-browser)/./node_modules/.pnpm/next@16.1.6_@babel+core@7.29.0_react-dom@19.2.4_react@19.2.4__react@19.2.4/node_modules/next/dist/next-devtools/shared/forward-logs-shared.js:27
[  128143ms] [LOG] [Fast Refresh] done in 49ms @ webpack-internal:///(app-pages-browser)/./node_modules/.pnpm/next@16.1.6_@babel+core@7.29.0_react-dom@19.2.4_react@19.2.4__react@19.2.4/node_modules/next/dist/next-devtools/shared/forward-logs-shared.js:27
[  128306ms] [LOG] [Fast Refresh] rebuilding @ webpack-internal:///(app-pages-browser)/./node_modules/.pnpm/next@16.1.6_@babel+core@7.29.0_react-dom@19.2.4_react@19.2.4__react@19.2.4/node_modules/next/dist/next-devtools/shared/forward-logs-shared.js:27
[  128351ms] [LOG] [Fast Refresh] done in 46ms @ webpack-internal:///(app-pages-browser)/./node_modules/.pnpm/next@16.1.6_@babel+core@7.29.0_react-dom@19.2.4_react@19.2.4__react@19.2.4/node_modules/next/dist/next-devtools/shared/forward-logs-shared.js:27
[  128512ms] [LOG] [Fast Refresh] rebuilding @ webpack-internal:///(app-pages-browser)/./node_modules/.pnpm/next@16.1.6_@babel+core@7.29.0_react-dom@19.2.4_react@19.2.4__react@19.2.4/node_modules/next/dist/next-devtools/shared/forward-logs-shared.js:27
[  128571ms] [LOG] [Fast Refresh] done in 58ms @ webpack-internal:///(app-pages-browser)/./node_modules/.pnpm/next@16.1.6_@babel+core@7.29.0_react-dom@19.2.4_react@19.2.4__react@19.2.4/node_modules/next/dist/next-devtools/shared/forward-logs-shared.js:27
[  128730ms] [LOG] [Fast Refresh] rebuilding @ webpack-internal:///(app-pages-browser)/./node_modules/.pnpm/next@16.1.6_@babel+core@7.29.0_react-dom@19.2.4_react@19.2.4__react@19.2.4/node_modules/next/dist/next-devtools/shared/forward-logs-shared.js:27
[  128776ms] [LOG] [Fast Refresh] done in 46ms @ webpack-internal:///(app-pages-browser)/./node_modules/.pnpm/next@16.1.6_@babel+core@7.29.0_react-dom@19.2.4_react@19.2.4__react@19.2.4/node_modules/next/dist/next-devtools/shared/forward-logs-shared.js:27
[  128945ms] [LOG] [Fast Refresh] rebuilding @ webpack-internal:///(app-pages-browser)/./node_modules/.pnpm/next@16.1.6_@babel+core@7.29.0_react-dom@19.2.4_react@19.2.4__react@19.2.4/node_modules/next/dist/next-devtools/shared/forward-logs-shared.js:27
[  129002ms] [LOG] [Fast Refresh] done in 56ms @ webpack-internal:///(app-pages-browser)/./node_modules/.pnpm/next@16.1.6_@babel+core@7.29.0_react-dom@19.2.4_react@19.2.4__react@19.2.4/node_modules/next/dist/next-devtools/shared/forward-logs-shared.js:27
[  129162ms] [LOG] [Fast Refresh] rebuilding @ webpack-internal:///(app-pages-browser)/./node_modules/.pnpm/next@16.1.6_@babel+core@7.29.0_react-dom@19.2.4_react@19.2.4__react@19.2.4/node_modules/next/dist/next-devtools/shared/forward-logs-shared.js:27
[  129211ms] [LOG] [Fast Refresh] done in 48ms @ webpack-internal:///(app-pages-browser)/./node_modules/.pnpm/next@16.1.6_@babel+core@7.29.0_react-dom@19.2.4_react@19.2.4__react@19.2.4/node_modules/next/dist/next-devtools/shared/forward-logs-shared.js:27
[  129391ms] [LOG] [Fast Refresh] rebuilding @ webpack-internal:///(app-pages-browser)/./node_modules/.pnpm/next@16.1.6_@babel+core@7.29.0_react-dom@19.2.4_react@19.2.4__react@19.2.4/node_modules/next/dist/next-devtools/shared/forward-logs-shared.js:27
[  129449ms] [LOG] [Fast Refresh] done in 57ms @ webpack-internal:///(app-pages-browser)/./node_modules/.pnpm/next@16.1.6_@babel+core@7.29.0_react-dom@19.2.4_react@19.2.4__react@19.2.4/node_modules/next/dist/next-devtools/shared/forward-logs-shared.js:27
[  129629ms] [LOG] [Fast Refresh] rebuilding @ webpack-internal:///(app-pages-browser)/./node_modules/.pnpm/next@16.1.6_@babel+core@7.29.0_react-dom@19.2.4_react@19.2.4__react@19.2.4/node_modules/next/dist/next-devtools/shared/forward-logs-shared.js:27
[  129674ms] [LOG] [Fast Refresh] done in 46ms @ webpack-internal:///(app-pages-browser)/./node_modules/.pnpm/next@16.1.6_@babel+core@7.29.0_react-dom@19.2.4_react@19.2.4__react@19.2.4/node_modules/next/dist/next-devtools/shared/forward-logs-shared.js:27
[  129840ms] [LOG] [Fast Refresh] rebuilding @ webpack-internal:///(app-pages-browser)/./node_modules/.pnpm/next@16.1.6_@babel+core@7.29.0_react-dom@19.2.4_react@19.2.4__react@19.2.4/node_modules/next/dist/next-devtools/shared/forward-logs-shared.js:27
[  129892ms] [LOG] [Fast Refresh] done in 52ms @ webpack-internal:///(app-pages-browser)/./node_modules/.pnpm/next@16.1.6_@babel+core@7.29.0_react-dom@19.2.4_react@19.2.4__react@19.2.4/node_modules/next/dist/next-devtools/shared/forward-logs-shared.js:27
[  130066ms] [LOG] [Fast Refresh] rebuilding @ webpack-internal:///(app-pages-browser)/./node_modules/.pnpm/next@16.1.6_@babel+core@7.29.0_react-dom@19.2.4_react@19.2.4__react@19.2.4/node_modules/next/dist/next-devtools/shared/forward-logs-shared.js:27
[  130118ms] [LOG] [Fast Refresh] done in 51ms @ webpack-internal:///(app-pages-browser)/./node_modules/.pnpm/next@16.1.6_@babel+core@7.29.0_react-dom@19.2.4_react@19.2.4__react@19.2.4/node_modules/next/dist/next-devtools/shared/forward-logs-shared.js:27
[  130283ms] [LOG] [Fast Refresh] rebuilding @ webpack-internal:///(app-pages-browser)/./node_modules/.pnpm/next@16.1.6_@babel+core@7.29.0_react-dom@19.2.4_react@19.2.4__react@19.2.4/node_modules/next/dist/next-devtools/shared/forward-logs-shared.js:27
[  130339ms] [LOG] [Fast Refresh] done in 56ms @ webpack-internal:///(app-pages-browser)/./node_modules/.pnpm/next@16.1.6_@babel+core@7.29.0_react-dom@19.2.4_react@19.2.4__react@19.2.4/node_modules/next/dist/next-devtools/shared/forward-logs-shared.js:27
[  130514ms] [LOG] [Fast Refresh] rebuilding @ webpack-internal:///(app-pages-browser)/./node_modules/.pnpm/next@16.1.6_@babel+core@7.29.0_react-dom@19.2.4_react@19.2.4__react@19.2.4/node_modules/next/dist/next-devtools/shared/forward-logs-shared.js:27
[  130561ms] [LOG] [Fast Refresh] done in 47ms @ webpack-internal:///(app-pages-browser)/./node_modules/.pnpm/next@16.1.6_@babel+core@7.29.0_react-dom@19.2.4_react@19.2.4__react@19.2.4/node_modules/next/dist/next-devtools/shared/forward-logs-shared.js:27
[  130728ms] [LOG] [Fast Refresh] rebuilding @ webpack-internal:///(app-pages-browser)/./node_modules/.pnpm/next@16.1.6_@babel+core@7.29.0_react-dom@19.2.4_react@19.2.4__react@19.2.4/node_modules/next/dist/next-devtools/shared/forward-logs-shared.js:27
[  130783ms] [LOG] [Fast Refresh] done in 56ms @ webpack-internal:///(app-pages-browser)/./node_modules/.pnpm/next@16.1.6_@babel+core@7.29.0_react-dom@19.2.4_react@19.2.4__react@19.2.4/node_modules/next/dist/next-devtools/shared/forward-logs-shared.js:27
[  130958ms] [LOG] [Fast Refresh] rebuilding @ webpack-internal:///(app-pages-browser)/./node_modules/.pnpm/next@16.1.6_@babel+core@7.29.0_react-dom@19.2.4_react@19.2.4__react@19.2.4/node_modules/next/dist/next-devtools/shared/forward-logs-shared.js:27
[  130993ms] [LOG] [Fast Refresh] done in 35ms @ webpack-internal:///(app-pages-browser)/./node_modules/.pnpm/next@16.1.6_@babel+core@7.29.0_react-dom@19.2.4_react@19.2.4__react@19.2.4/node_modules/next/dist/next-devtools/shared/forward-logs-shared.js:27
[  131170ms] [LOG] [Fast Refresh] rebuilding @ webpack-internal:///(app-pages-browser)/./node_modules/.pnpm/next@16.1.6_@babel+core@7.29.0_react-dom@19.2.4_react@19.2.4__react@19.2.4/node_modules/next/dist/next-devtools/shared/forward-logs-shared.js:27
[  131225ms] [LOG] [Fast Refresh] done in 55ms @ webpack-internal:///(app-pages-browser)/./node_modules/.pnpm/next@16.1.6_@babel+core@7.29.0_react-dom@19.2.4_react@19.2.4__react@19.2.4/node_modules/next/dist/next-devtools/shared/forward-logs-shared.js:27
[  131399ms] [LOG] [Fast Refresh] rebuilding @ webpack-internal:///(app-pages-browser)/./node_modules/.pnpm/next@16.1.6_@babel+core@7.29.0_react-dom@19.2.4_react@19.2.4__react@19.2.4/node_modules/next/dist/next-devtools/shared/forward-logs-shared.js:27
[  131446ms] [LOG] [Fast Refresh] done in 48ms @ webpack-internal:///(app-pages-browser)/./node_modules/.pnpm/next@16.1.6_@babel+core@7.29.0_react-dom@19.2.4_react@19.2.4__react@19.2.4/node_modules/next/dist/next-devtools/shared/forward-logs-shared.js:27
[  131596ms] [LOG] [Fast Refresh] rebuilding @ webpack-internal:///(app-pages-browser)/./node_modules/.pnpm/next@16.1.6_@babel+core@7.29.0_react-dom@19.2.4_react@19.2.4__react@19.2.4/node_modules/next/dist/next-devtools/shared/forward-logs-shared.js:27
[  131650ms] [LOG] [Fast Refresh] done in 54ms @ webpack-internal:///(app-pages-browser)/./node_modules/.pnpm/next@16.1.6_@babel+core@7.29.0_react-dom@19.2.4_react@19.2.4__react@19.2.4/node_modules/next/dist/next-devtools/shared/forward-logs-shared.js:27
[  131815ms] [LOG] [Fast Refresh] rebuilding @ webpack-internal:///(app-pages-browser)/./node_modules/.pnpm/next@16.1.6_@babel+core@7.29.0_react-dom@19.2.4_react@19.2.4__react@19.2.4/node_modules/next/dist/next-devtools/shared/forward-logs-shared.js:27
[  131860ms] [LOG] [Fast Refresh] done in 46ms @ webpack-internal:///(app-pages-browser)/./node_modules/.pnpm/next@16.1.6_@babel+core@7.29.0_react-dom@19.2.4_react@19.2.4__react@19.2.4/node_modules/next/dist/next-devtools/shared/forward-logs-shared.js:27
[  132035ms] [LOG] [Fast Refresh] rebuilding @ webpack-internal:///(app-pages-browser)/./node_modules/.pnpm/next@16.1.6_@babel+core@7.29.0_react-dom@19.2.4_react@19.2.4__react@19.2.4/node_modules/next/dist/next-devtools/shared/forward-logs-shared.js:27
[  132088ms] [LOG] [Fast Refresh] done in 53ms @ webpack-internal:///(app-pages-browser)/./node_modules/.pnpm/next@16.1.6_@babel+core@7.29.0_react-dom@19.2.4_react@19.2.4__react@19.2.4/node_modules/next/dist/next-devtools/shared/forward-logs-shared.js:27
[  132258ms] [LOG] [Fast Refresh] rebuilding @ webpack-internal:///(app-pages-browser)/./node_modules/.pnpm/next@16.1.6_@babel+core@7.29.0_react-dom@19.2.4_react@19.2.4__react@19.2.4/node_modules/next/dist/next-devtools/shared/forward-logs-shared.js:27
[  132304ms] [LOG] [Fast Refresh] done in 45ms @ webpack-internal:///(app-pages-browser)/./node_modules/.pnpm/next@16.1.6_@babel+core@7.29.0_react-dom@19.2.4_react@19.2.4__react@19.2.4/node_modules/next/dist/next-devtools/shared/forward-logs-shared.js:27
[  132470ms] [LOG] [Fast Refresh] rebuilding @ webpack-internal:///(app-pages-browser)/./node_modules/.pnpm/next@16.1.6_@babel+core@7.29.0_react-dom@19.2.4_react@19.2.4__react@19.2.4/node_modules/next/dist/next-devtools/shared/forward-logs-shared.js:27
[  132525ms] [LOG] [Fast Refresh] done in 56ms @ webpack-internal:///(app-pages-browser)/./node_modules/.pnpm/next@16.1.6_@babel+core@7.29.0_react-dom@19.2.4_react@19.2.4__react@19.2.4/node_modules/next/dist/next-devtools/shared/forward-logs-shared.js:27
[  132688ms] [LOG] [Fast Refresh] rebuilding @ webpack-internal:///(app-pages-browser)/./node_modules/.pnpm/next@16.1.6_@babel+core@7.29.0_react-dom@19.2.4_react@19.2.4__react@19.2.4/node_modules/next/dist/next-devtools/shared/forward-logs-shared.js:27
[  132737ms] [LOG] [Fast Refresh] done in 48ms @ webpack-internal:///(app-pages-browser)/./node_modules/.pnpm/next@16.1.6_@babel+core@7.29.0_react-dom@19.2.4_react@19.2.4__react@19.2.4/node_modules/next/dist/next-devtools/shared/forward-logs-shared.js:27
[  132906ms] [LOG] [Fast Refresh] rebuilding @ webpack-internal:///(app-pages-browser)/./node_modules/.pnpm/next@16.1.6_@babel+core@7.29.0_react-dom@19.2.4_react@19.2.4__react@19.2.4/node_modules/next/dist/next-devtools/shared/forward-logs-shared.js:27
[  132958ms] [LOG] [Fast Refresh] done in 52ms @ webpack-internal:///(app-pages-browser)/./node_modules/.pnpm/next@16.1.6_@babel+core@7.29.0_react-dom@19.2.4_react@19.2.4__react@19.2.4/node_modules/next/dist/next-devtools/shared/forward-logs-shared.js:27
[  133117ms] [LOG] [Fast Refresh] rebuilding @ webpack-internal:///(app-pages-browser)/./node_modules/.pnpm/next@16.1.6_@babel+core@7.29.0_react-dom@19.2.4_react@19.2.4__react@19.2.4/node_modules/next/dist/next-devtools/shared/forward-logs-shared.js:27
[  133165ms] [LOG] [Fast Refresh] done in 48ms @ webpack-internal:///(app-pages-browser)/./node_modules/.pnpm/next@16.1.6_@babel+core@7.29.0_react-dom@19.2.4_react@19.2.4__react@19.2.4/node_modules/next/dist/next-devtools/shared/forward-logs-shared.js:27
[  133330ms] [LOG] [Fast Refresh] rebuilding @ webpack-internal:///(app-pages-browser)/./node_modules/.pnpm/next@16.1.6_@babel+core@7.29.0_react-dom@19.2.4_react@19.2.4__react@19.2.4/node_modules/next/dist/next-devtools/shared/forward-logs-shared.js:27
[  133379ms] [LOG] [Fast Refresh] done in 50ms @ webpack-internal:///(app-pages-browser)/./node_modules/.pnpm/next@16.1.6_@babel+core@7.29.0_react-dom@19.2.4_react@19.2.4__react@19.2.4/node_modules/next/dist/next-devtools/shared/forward-logs-shared.js:27
[  133543ms] [LOG] [Fast Refresh] rebuilding @ webpack-internal:///(app-pages-browser)/./node_modules/.pnpm/next@16.1.6_@babel+core@7.29.0_react-dom@19.2.4_react@19.2.4__react@19.2.4/node_modules/next/dist/next-devtools/shared/forward-logs-shared.js:27
[  133582ms] [LOG] [Fast Refresh] done in 40ms @ webpack-internal:///(app-pages-browser)/./node_modules/.pnpm/next@16.1.6_@babel+core@7.29.0_react-dom@19.2.4_react@19.2.4__react@19.2.4/node_modules/next/dist/next-devtools/shared/forward-logs-shared.js:27
[  133748ms] [LOG] [Fast Refresh] rebuilding @ webpack-internal:///(app-pages-browser)/./node_modules/.pnpm/next@16.1.6_@babel+core@7.29.0_react-dom@19.2.4_react@19.2.4__react@19.2.4/node_modules/next/dist/next-devtools/shared/forward-logs-shared.js:27
[  133816ms] [LOG] [Fast Refresh] done in 67ms @ webpack-internal:///(app-pages-browser)/./node_modules/.pnpm/next@16.1.6_@babel+core@7.29.0_react-dom@19.2.4_react@19.2.4__react@19.2.4/node_modules/next/dist/next-devtools/shared/forward-logs-shared.js:27
[  134161ms] [LOG] [Fast Refresh] rebuilding @ webpack-internal:///(app-pages-browser)/./node_modules/.pnpm/next@16.1.6_@babel+core@7.29.0_react-dom@19.2.4_react@19.2.4__react@19.2.4/node_modules/next/dist/next-devtools/shared/forward-logs-shared.js:27
[  134218ms] [LOG] [Fast Refresh] done in 57ms @ webpack-internal:///(app-pages-browser)/./node_modules/.pnpm/next@16.1.6_@babel+core@7.29.0_react-dom@19.2.4_react@19.2.4__react@19.2.4/node_modules/next/dist/next-devtools/shared/forward-logs-shared.js:27
[  134403ms] [LOG] [Fast Refresh] rebuilding @ webpack-internal:///(app-pages-browser)/./node_modules/.pnpm/next@16.1.6_@babel+core@7.29.0_react-dom@19.2.4_react@19.2.4__react@19.2.4/node_modules/next/dist/next-devtools/shared/forward-logs-shared.js:27
[  134457ms] [LOG] [Fast Refresh] done in 54ms @ webpack-internal:///(app-pages-browser)/./node_modules/.pnpm/next@16.1.6_@babel+core@7.29.0_react-dom@19.2.4_react@19.2.4__react@19.2.4/node_modules/next/dist/next-devtools/shared/forward-logs-shared.js:27
[  134632ms] [LOG] [Fast Refresh] rebuilding @ webpack-internal:///(app-pages-browser)/./node_modules/.pnpm/next@16.1.6_@babel+core@7.29.0_react-dom@19.2.4_react@19.2.4__react@19.2.4/node_modules/next/dist/next-devtools/shared/forward-logs-shared.js:27
[  134674ms] [LOG] [Fast Refresh] done in 43ms @ webpack-internal:///(app-pages-browser)/./node_modules/.pnpm/next@16.1.6_@babel+core@7.29.0_react-dom@19.2.4_react@19.2.4__react@19.2.4/node_modules/next/dist/next-devtools/shared/forward-logs-shared.js:27
[  134846ms] [LOG] [Fast Refresh] rebuilding @ webpack-internal:///(app-pages-browser)/./node_modules/.pnpm/next@16.1.6_@babel+core@7.29.0_react-dom@19.2.4_react@19.2.4__react@19.2.4/node_modules/next/dist/next-devtools/shared/forward-logs-shared.js:27
[  134906ms] [LOG] [Fast Refresh] done in 59ms @ webpack-internal:///(app-pages-browser)/./node_modules/.pnpm/next@16.1.6_@babel+core@7.29.0_react-dom@19.2.4_react@19.2.4__react@19.2.4/node_modules/next/dist/next-devtools/shared/forward-logs-shared.js:27
[  135067ms] [LOG] [Fast Refresh] rebuilding @ webpack-internal:///(app-pages-browser)/./node_modules/.pnpm/next@16.1.6_@babel+core@7.29.0_react-dom@19.2.4_react@19.2.4__react@19.2.4/node_modules/next/dist/next-devtools/shared/forward-logs-shared.js:27
[  135111ms] [LOG] [Fast Refresh] done in 43ms @ webpack-internal:///(app-pages-browser)/./node_modules/.pnpm/next@16.1.6_@babel+core@7.29.0_react-dom@19.2.4_react@19.2.4__react@19.2.4/node_modules/next/dist/next-devtools/shared/forward-logs-shared.js:27
[  135263ms] [LOG] [Fast Refresh] rebuilding @ webpack-internal:///(app-pages-browser)/./node_modules/.pnpm/next@16.1.6_@babel+core@7.29.0_react-dom@19.2.4_react@19.2.4__react@19.2.4/node_modules/next/dist/next-devtools/shared/forward-logs-shared.js:27
[  135321ms] [LOG] [Fast Refresh] done in 59ms @ webpack-internal:///(app-pages-browser)/./node_modules/.pnpm/next@16.1.6_@babel+core@7.29.0_react-dom@19.2.4_react@19.2.4__react@19.2.4/node_modules/next/dist/next-devtools/shared/forward-logs-shared.js:27
[  135500ms] [LOG] [Fast Refresh] rebuilding @ webpack-internal:///(app-pages-browser)/./node_modules/.pnpm/next@16.1.6_@babel+core@7.29.0_react-dom@19.2.4_react@19.2.4__react@19.2.4/node_modules/next/dist/next-devtools/shared/forward-logs-shared.js:27
[  135542ms] [LOG] [Fast Refresh] done in 42ms @ webpack-internal:///(app-pages-browser)/./node_modules/.pnpm/next@16.1.6_@babel+core@7.29.0_react-dom@19.2.4_react@19.2.4__react@19.2.4/node_modules/next/dist/next-devtools/shared/forward-logs-shared.js:27
[  135704ms] [LOG] [Fast Refresh] rebuilding @ webpack-internal:///(app-pages-browser)/./node_modules/.pnpm/next@16.1.6_@babel+core@7.29.0_react-dom@19.2.4_react@19.2.4__react@19.2.4/node_modules/next/dist/next-devtools/shared/forward-logs-shared.js:27
[  135760ms] [LOG] [Fast Refresh] done in 56ms @ webpack-internal:///(app-pages-browser)/./node_modules/.pnpm/next@16.1.6_@babel+core@7.29.0_react-dom@19.2.4_react@19.2.4__react@19.2.4/node_modules/next/dist/next-devtools/shared/forward-logs-shared.js:27
[  135940ms] [LOG] [Fast Refresh] rebuilding @ webpack-internal:///(app-pages-browser)/./node_modules/.pnpm/next@16.1.6_@babel+core@7.29.0_react-dom@19.2.4_react@19.2.4__react@19.2.4/node_modules/next/dist/next-devtools/shared/forward-logs-shared.js:27
[  135986ms] [LOG] [Fast Refresh] done in 45ms @ webpack-internal:///(app-pages-browser)/./node_modules/.pnpm/next@16.1.6_@babel+core@7.29.0_react-dom@19.2.4_react@19.2.4__react@19.2.4/node_modules/next/dist/next-devtools/shared/forward-logs-shared.js:27
[  136146ms] [LOG] [Fast Refresh] rebuilding @ webpack-internal:///(app-pages-browser)/./node_modules/.pnpm/next@16.1.6_@babel+core@7.29.0_react-dom@19.2.4_react@19.2.4__react@19.2.4/node_modules/next/dist/next-devtools/shared/forward-logs-shared.js:27
[  136202ms] [LOG] [Fast Refresh] done in 57ms @ webpack-internal:///(app-pages-browser)/./node_modules/.pnpm/next@16.1.6_@babel+core@7.29.0_react-dom@19.2.4_react@19.2.4__react@19.2.4/node_modules/next/dist/next-devtools/shared/forward-logs-shared.js:27
[  136374ms] [LOG] [Fast Refresh] rebuilding @ webpack-internal:///(app-pages-browser)/./node_modules/.pnpm/next@16.1.6_@babel+core@7.29.0_react-dom@19.2.4_react@19.2.4__react@19.2.4/node_modules/next/dist/next-devtools/shared/forward-logs-shared.js:27
[  136421ms] [LOG] [Fast Refresh] done in 48ms @ webpack-internal:///(app-pages-browser)/./node_modules/.pnpm/next@16.1.6_@babel+core@7.29.0_react-dom@19.2.4_react@19.2.4__react@19.2.4/node_modules/next/dist/next-devtools/shared/forward-logs-shared.js:27
[  136596ms] [LOG] [Fast Refresh] rebuilding @ webpack-internal:///(app-pages-browser)/./node_modules/.pnpm/next@16.1.6_@babel+core@7.29.0_react-dom@19.2.4_react@19.2.4__react@19.2.4/node_modules/next/dist/next-devtools/shared/forward-logs-shared.js:27
[  136648ms] [LOG] [Fast Refresh] done in 51ms @ webpack-internal:///(app-pages-browser)/./node_modules/.pnpm/next@16.1.6_@babel+core@7.29.0_react-dom@19.2.4_react@19.2.4__react@19.2.4/node_modules/next/dist/next-devtools/shared/forward-logs-shared.js:27
[  136813ms] [LOG] [Fast Refresh] rebuilding @ webpack-internal:///(app-pages-browser)/./node_modules/.pnpm/next@16.1.6_@babel+core@7.29.0_react-dom@19.2.4_react@19.2.4__react@19.2.4/node_modules/next/dist/next-devtools/shared/forward-logs-shared.js:27
[  136860ms] [LOG] [Fast Refresh] done in 46ms @ webpack-internal:///(app-pages-browser)/./node_modules/.pnpm/next@16.1.6_@babel+core@7.29.0_react-dom@19.2.4_react@19.2.4__react@19.2.4/node_modules/next/dist/next-devtools/shared/forward-logs-shared.js:27
[  137039ms] [LOG] [Fast Refresh] rebuilding @ webpack-internal:///(app-pages-browser)/./node_modules/.pnpm/next@16.1.6_@babel+core@7.29.0_react-dom@19.2.4_react@19.2.4__react@19.2.4/node_modules/next/dist/next-devtools/shared/forward-logs-shared.js:27
[  137098ms] [LOG] [Fast Refresh] done in 58ms @ webpack-internal:///(app-pages-browser)/./node_modules/.pnpm/next@16.1.6_@babel+core@7.29.0_react-dom@19.2.4_react@19.2.4__react@19.2.4/node_modules/next/dist/next-devtools/shared/forward-logs-shared.js:27
[  137276ms] [LOG] [Fast Refresh] rebuilding @ webpack-internal:///(app-pages-browser)/./node_modules/.pnpm/next@16.1.6_@babel+core@7.29.0_react-dom@19.2.4_react@19.2.4__react@19.2.4/node_modules/next/dist/next-devtools/shared/forward-logs-shared.js:27
[  137318ms] [LOG] [Fast Refresh] done in 42ms @ webpack-internal:///(app-pages-browser)/./node_modules/.pnpm/next@16.1.6_@babel+core@7.29.0_react-dom@19.2.4_react@19.2.4__react@19.2.4/node_modules/next/dist/next-devtools/shared/forward-logs-shared.js:27
[  137489ms] [LOG] [Fast Refresh] rebuilding @ webpack-internal:///(app-pages-browser)/./node_modules/.pnpm/next@16.1.6_@babel+core@7.29.0_react-dom@19.2.4_react@19.2.4__react@19.2.4/node_modules/next/dist/next-devtools/shared/forward-logs-shared.js:27
[  137548ms] [LOG] [Fast Refresh] done in 58ms @ webpack-internal:///(app-pages-browser)/./node_modules/.pnpm/next@16.1.6_@babel+core@7.29.0_react-dom@19.2.4_react@19.2.4__react@19.2.4/node_modules/next/dist/next-devtools/shared/forward-logs-shared.js:27
[  137730ms] [LOG] [Fast Refresh] rebuilding @ webpack-internal:///(app-pages-browser)/./node_modules/.pnpm/next@16.1.6_@babel+core@7.29.0_react-dom@19.2.4_react@19.2.4__react@19.2.4/node_modules/next/dist/next-devtools/shared/forward-logs-shared.js:27
[  137773ms] [LOG] [Fast Refresh] done in 43ms @ webpack-internal:///(app-pages-browser)/./node_modules/.pnpm/next@16.1.6_@babel+core@7.29.0_react-dom@19.2.4_react@19.2.4__react@19.2.4/node_modules/next/dist/next-devtools/shared/forward-logs-shared.js:27
[  137957ms] [LOG] [Fast Refresh] rebuilding @ webpack-internal:///(app-pages-browser)/./node_modules/.pnpm/next@16.1.6_@babel+core@7.29.0_react-dom@19.2.4_react@19.2.4__react@19.2.4/node_modules/next/dist/next-devtools/shared/forward-logs-shared.js:27
[  138015ms] [LOG] [Fast Refresh] done in 58ms @ webpack-internal:///(app-pages-browser)/./node_modules/.pnpm/next@16.1.6_@babel+core@7.29.0_react-dom@19.2.4_react@19.2.4__react@19.2.4/node_modules/next/dist/next-devtools/shared/forward-logs-shared.js:27
[  138189ms] [LOG] [Fast Refresh] rebuilding @ webpack-internal:///(app-pages-browser)/./node_modules/.pnpm/next@16.1.6_@babel+core@7.29.0_react-dom@19.2.4_react@19.2.4__react@19.2.4/node_modules/next/dist/next-devtools/shared/forward-logs-shared.js:27
[  138247ms] [LOG] [Fast Refresh] done in 59ms @ webpack-internal:///(app-pages-browser)/./node_modules/.pnpm/next@16.1.6_@babel+core@7.29.0_react-dom@19.2.4_react@19.2.4__react@19.2.4/node_modules/next/dist/next-devtools/shared/forward-logs-shared.js:27
[  138422ms] [LOG] [Fast Refresh] rebuilding @ webpack-internal:///(app-pages-browser)/./node_modules/.pnpm/next@16.1.6_@babel+core@7.29.0_react-dom@19.2.4_react@19.2.4__react@19.2.4/node_modules/next/dist/next-devtools/shared/forward-logs-shared.js:27
[  138473ms] [LOG] [Fast Refresh] done in 52ms @ webpack-internal:///(app-pages-browser)/./node_modules/.pnpm/next@16.1.6_@babel+core@7.29.0_react-dom@19.2.4_react@19.2.4__react@19.2.4/node_modules/next/dist/next-devtools/shared/forward-logs-shared.js:27
[  138642ms] [LOG] [Fast Refresh] rebuilding @ webpack-internal:///(app-pages-browser)/./node_modules/.pnpm/next@16.1.6_@babel+core@7.29.0_react-dom@19.2.4_react@19.2.4__react@19.2.4/node_modules/next/dist/next-devtools/shared/forward-logs-shared.js:27
[  138700ms] [LOG] [Fast Refresh] done in 58ms @ webpack-internal:///(app-pages-browser)/./node_modules/.pnpm/next@16.1.6_@babel+core@7.29.0_react-dom@19.2.4_react@19.2.4__react@19.2.4/node_modules/next/dist/next-devtools/shared/forward-logs-shared.js:27
[  138868ms] [LOG] [Fast Refresh] rebuilding @ webpack-internal:///(app-pages-browser)/./node_modules/.pnpm/next@16.1.6_@babel+core@7.29.0_react-dom@19.2.4_react@19.2.4__react@19.2.4/node_modules/next/dist/next-devtools/shared/forward-logs-shared.js:27
[  138917ms] [LOG] [Fast Refresh] done in 50ms @ webpack-internal:///(app-pages-browser)/./node_modules/.pnpm/next@16.1.6_@babel+core@7.29.0_react-dom@19.2.4_react@19.2.4__react@19.2.4/node_modules/next/dist/next-devtools/shared/forward-logs-shared.js:27
[  139093ms] [LOG] [Fast Refresh] rebuilding @ webpack-internal:///(app-pages-browser)/./node_modules/.pnpm/next@16.1.6_@babel+core@7.29.0_react-dom@19.2.4_react@19.2.4__react@19.2.4/node_modules/next/dist/next-devtools/shared/forward-logs-shared.js:27
[  139153ms] [LOG] [Fast Refresh] done in 59ms @ webpack-internal:///(app-pages-browser)/./node_modules/.pnpm/next@16.1.6_@babel+core@7.29.0_react-dom@19.2.4_react@19.2.4__react@19.2.4/node_modules/next/dist/next-devtools/shared/forward-logs-shared.js:27
[  139327ms] [LOG] [Fast Refresh] rebuilding @ webpack-internal:///(app-pages-browser)/./node_modules/.pnpm/next@16.1.6_@babel+core@7.29.0_react-dom@19.2.4_react@19.2.4__react@19.2.4/node_modules/next/dist/next-devtools/shared/forward-logs-shared.js:27
[  139371ms] [LOG] [Fast Refresh] done in 44ms @ webpack-internal:///(app-pages-browser)/./node_modules/.pnpm/next@16.1.6_@babel+core@7.29.0_react-dom@19.2.4_react@19.2.4__react@19.2.4/node_modules/next/dist/next-devtools/shared/forward-logs-shared.js:27
[  139538ms] [LOG] [Fast Refresh] rebuilding @ webpack-internal:///(app-pages-browser)/./node_modules/.pnpm/next@16.1.6_@babel+core@7.29.0_react-dom@19.2.4_react@19.2.4__react@19.2.4/node_modules/next/dist/next-devtools/shared/forward-logs-shared.js:27
[  139599ms] [LOG] [Fast Refresh] done in 61ms @ webpack-internal:///(app-pages-browser)/./node_modules/.pnpm/next@16.1.6_@babel+core@7.29.0_react-dom@19.2.4_react@19.2.4__react@19.2.4/node_modules/next/dist/next-devtools/shared/forward-logs-shared.js:27
[  139765ms] [LOG] [Fast Refresh] rebuilding @ webpack-internal:///(app-pages-browser)/./node_modules/.pnpm/next@16.1.6_@babel+core@7.29.0_react-dom@19.2.4_react@19.2.4__react@19.2.4/node_modules/next/dist/next-devtools/shared/forward-logs-shared.js:27
[  139807ms] [LOG] [Fast Refresh] done in 41ms @ webpack-internal:///(app-pages-browser)/./node_modules/.pnpm/next@16.1.6_@babel+core@7.29.0_react-dom@19.2.4_react@19.2.4__react@19.2.4/node_modules/next/dist/next-devtools/shared/forward-logs-shared.js:27
[  139974ms] [LOG] [Fast Refresh] rebuilding @ webpack-internal:///(app-pages-browser)/./node_modules/.pnpm/next@16.1.6_@babel+core@7.29.0_react-dom@19.2.4_react@19.2.4__react@19.2.4/node_modules/next/dist/next-devtools/shared/forward-logs-shared.js:27
[  140031ms] [LOG] [Fast Refresh] done in 58ms @ webpack-internal:///(app-pages-browser)/./node_modules/.pnpm/next@16.1.6_@babel+core@7.29.0_react-dom@19.2.4_react@19.2.4__react@19.2.4/node_modules/next/dist/next-devtools/shared/forward-logs-shared.js:27
[  140207ms] [LOG] [Fast Refresh] rebuilding @ webpack-internal:///(app-pages-browser)/./node_modules/.pnpm/next@16.1.6_@babel+core@7.29.0_react-dom@19.2.4_react@19.2.4__react@19.2.4/node_modules/next/dist/next-devtools/shared/forward-logs-shared.js:27
[  140254ms] [LOG] [Fast Refresh] done in 47ms @ webpack-internal:///(app-pages-browser)/./node_modules/.pnpm/next@16.1.6_@babel+core@7.29.0_react-dom@19.2.4_react@19.2.4__react@19.2.4/node_modules/next/dist/next-devtools/shared/forward-logs-shared.js:27
[  140432ms] [LOG] [Fast Refresh] rebuilding @ webpack-internal:///(app-pages-browser)/./node_modules/.pnpm/next@16.1.6_@babel+core@7.29.0_react-dom@19.2.4_react@19.2.4__react@19.2.4/node_modules/next/dist/next-devtools/shared/forward-logs-shared.js:27
[  140488ms] [LOG] [Fast Refresh] done in 55ms @ webpack-internal:///(app-pages-browser)/./node_modules/.pnpm/next@16.1.6_@babel+core@7.29.0_react-dom@19.2.4_react@19.2.4__react@19.2.4/node_modules/next/dist/next-devtools/shared/forward-logs-shared.js:27
[  140662ms] [LOG] [Fast Refresh] rebuilding @ webpack-internal:///(app-pages-browser)/./node_modules/.pnpm/next@16.1.6_@babel+core@7.29.0_react-dom@19.2.4_react@19.2.4__react@19.2.4/node_modules/next/dist/next-devtools/shared/forward-logs-shared.js:27
[  140712ms] [LOG] [Fast Refresh] done in 50ms @ webpack-internal:///(app-pages-browser)/./node_modules/.pnpm/next@16.1.6_@babel+core@7.29.0_react-dom@19.2.4_react@19.2.4__react@19.2.4/node_modules/next/dist/next-devtools/shared/forward-logs-shared.js:27
[  140876ms] [LOG] [Fast Refresh] rebuilding @ webpack-internal:///(app-pages-browser)/./node_modules/.pnpm/next@16.1.6_@babel+core@7.29.0_react-dom@19.2.4_react@19.2.4__react@19.2.4/node_modules/next/dist/next-devtools/shared/forward-logs-shared.js:27
[  140935ms] [LOG] [Fast Refresh] done in 58ms @ webpack-internal:///(app-pages-browser)/./node_modules/.pnpm/next@16.1.6_@babel+core@7.29.0_react-dom@19.2.4_react@19.2.4__react@19.2.4/node_modules/next/dist/next-devtools/shared/forward-logs-shared.js:27
[  141113ms] [LOG] [Fast Refresh] rebuilding @ webpack-internal:///(app-pages-browser)/./node_modules/.pnpm/next@16.1.6_@babel+core@7.29.0_react-dom@19.2.4_react@19.2.4__react@19.2.4/node_modules/next/dist/next-devtools/shared/forward-logs-shared.js:27
[  141160ms] [LOG] [Fast Refresh] done in 48ms @ webpack-internal:///(app-pages-browser)/./node_modules/.pnpm/next@16.1.6_@babel+core@7.29.0_react-dom@19.2.4_react@19.2.4__react@19.2.4/node_modules/next/dist/next-devtools/shared/forward-logs-shared.js:27
[  141338ms] [LOG] [Fast Refresh] rebuilding @ webpack-internal:///(app-pages-browser)/./node_modules/.pnpm/next@16.1.6_@babel+core@7.29.0_react-dom@19.2.4_react@19.2.4__react@19.2.4/node_modules/next/dist/next-devtools/shared/forward-logs-shared.js:27
[  141397ms] [LOG] [Fast Refresh] done in 59ms @ webpack-internal:///(app-pages-browser)/./node_modules/.pnpm/next@16.1.6_@babel+core@7.29.0_react-dom@19.2.4_react@19.2.4__react@19.2.4/node_modules/next/dist/next-devtools/shared/forward-logs-shared.js:27
[  141563ms] [LOG] [Fast Refresh] rebuilding @ webpack-internal:///(app-pages-browser)/./node_modules/.pnpm/next@16.1.6_@babel+core@7.29.0_react-dom@19.2.4_react@19.2.4__react@19.2.4/node_modules/next/dist/next-devtools/shared/forward-logs-shared.js:27
[  141607ms] [LOG] [Fast Refresh] done in 44ms @ webpack-internal:///(app-pages-browser)/./node_modules/.pnpm/next@16.1.6_@babel+core@7.29.0_react-dom@19.2.4_react@19.2.4__react@19.2.4/node_modules/next/dist/next-devtools/shared/forward-logs-shared.js:27
[  141776ms] [LOG] [Fast Refresh] rebuilding @ webpack-internal:///(app-pages-browser)/./node_modules/.pnpm/next@16.1.6_@babel+core@7.29.0_react-dom@19.2.4_react@19.2.4__react@19.2.4/node_modules/next/dist/next-devtools/shared/forward-logs-shared.js:27
[  141834ms] [LOG] [Fast Refresh] done in 57ms @ webpack-internal:///(app-pages-browser)/./node_modules/.pnpm/next@16.1.6_@babel+core@7.29.0_react-dom@19.2.4_react@19.2.4__react@19.2.4/node_modules/next/dist/next-devtools/shared/forward-logs-shared.js:27
[  142008ms] [LOG] [Fast Refresh] rebuilding @ webpack-internal:///(app-pages-browser)/./node_modules/.pnpm/next@16.1.6_@babel+core@7.29.0_react-dom@19.2.4_react@19.2.4__react@19.2.4/node_modules/next/dist/next-devtools/shared/forward-logs-shared.js:27
[  142055ms] [LOG] [Fast Refresh] done in 48ms @ webpack-internal:///(app-pages-browser)/./node_modules/.pnpm/next@16.1.6_@babel+core@7.29.0_react-dom@19.2.4_react@19.2.4__react@19.2.4/node_modules/next/dist/next-devtools/shared/forward-logs-shared.js:27
[  142236ms] [LOG] [Fast Refresh] rebuilding @ webpack-internal:///(app-pages-browser)/./node_modules/.pnpm/next@16.1.6_@babel+core@7.29.0_react-dom@19.2.4_react@19.2.4__react@19.2.4/node_modules/next/dist/next-devtools/shared/forward-logs-shared.js:27
[  142390ms] [LOG] [Fast Refresh] done in 155ms @ webpack-internal:///(app-pages-browser)/./node_modules/.pnpm/next@16.1.6_@babel+core@7.29.0_react-dom@19.2.4_react@19.2.4__react@19.2.4/node_modules/next/dist/next-devtools/shared/forward-logs-shared.js:27
[  142467ms] [LOG] [Fast Refresh] rebuilding @ webpack-internal:///(app-pages-browser)/./node_modules/.pnpm/next@16.1.6_@babel+core@7.29.0_react-dom@19.2.4_react@19.2.4__react@19.2.4/node_modules/next/dist/next-devtools/shared/forward-logs-shared.js:27
[  142511ms] [LOG] [Fast Refresh] done in 44ms @ webpack-internal:///(app-pages-browser)/./node_modules/.pnpm/next@16.1.6_@babel+core@7.29.0_react-dom@19.2.4_react@19.2.4__react@19.2.4/node_modules/next/dist/next-devtools/shared/forward-logs-shared.js:27
[  142692ms] [LOG] [Fast Refresh] rebuilding @ webpack-internal:///(app-pages-browser)/./node_modules/.pnpm/next@16.1.6_@babel+core@7.29.0_react-dom@19.2.4_react@19.2.4__react@19.2.4/node_modules/next/dist/next-devtools/shared/forward-logs-shared.js:27
[  142752ms] [LOG] [Fast Refresh] done in 60ms @ webpack-internal:///(app-pages-browser)/./node_modules/.pnpm/next@16.1.6_@babel+core@7.29.0_react-dom@19.2.4_react@19.2.4__react@19.2.4/node_modules/next/dist/next-devtools/shared/forward-logs-shared.js:27
[  142930ms] [LOG] [Fast Refresh] rebuilding @ webpack-internal:///(app-pages-browser)/./node_modules/.pnpm/next@16.1.6_@babel+core@7.29.0_react-dom@19.2.4_react@19.2.4__react@19.2.4/node_modules/next/dist/next-devtools/shared/forward-logs-shared.js:27
[  142976ms] [LOG] [Fast Refresh] done in 46ms @ webpack-internal:///(app-pages-browser)/./node_modules/.pnpm/next@16.1.6_@babel+core@7.29.0_react-dom@19.2.4_react@19.2.4__react@19.2.4/node_modules/next/dist/next-devtools/shared/forward-logs-shared.js:27
[  143151ms] [LOG] [Fast Refresh] rebuilding @ webpack-internal:///(app-pages-browser)/./node_modules/.pnpm/next@16.1.6_@babel+core@7.29.0_react-dom@19.2.4_react@19.2.4__react@19.2.4/node_modules/next/dist/next-devtools/shared/forward-logs-shared.js:27
[  143206ms] [LOG] [Fast Refresh] done in 55ms @ webpack-internal:///(app-pages-browser)/./node_modules/.pnpm/next@16.1.6_@babel+core@7.29.0_react-dom@19.2.4_react@19.2.4__react@19.2.4/node_modules/next/dist/next-devtools/shared/forward-logs-shared.js:27
[  143374ms] [LOG] [Fast Refresh] rebuilding @ webpack-internal:///(app-pages-browser)/./node_modules/.pnpm/next@16.1.6_@babel+core@7.29.0_react-dom@19.2.4_react@19.2.4__react@19.2.4/node_modules/next/dist/next-devtools/shared/forward-logs-shared.js:27
[  143415ms] [LOG] [Fast Refresh] done in 41ms @ webpack-internal:///(app-pages-browser)/./node_modules/.pnpm/next@16.1.6_@babel+core@7.29.0_react-dom@19.2.4_react@19.2.4__react@19.2.4/node_modules/next/dist/next-devtools/shared/forward-logs-shared.js:27
[  143589ms] [LOG] [Fast Refresh] rebuilding @ webpack-internal:///(app-pages-browser)/./node_modules/.pnpm/next@16.1.6_@babel+core@7.29.0_react-dom@19.2.4_react@19.2.4__react@19.2.4/node_modules/next/dist/next-devtools/shared/forward-logs-shared.js:27
[  143641ms] [LOG] [Fast Refresh] done in 52ms @ webpack-internal:///(app-pages-browser)/./node_modules/.pnpm/next@16.1.6_@babel+core@7.29.0_react-dom@19.2.4_react@19.2.4__react@19.2.4/node_modules/next/dist/next-devtools/shared/forward-logs-shared.js:27
[  143802ms] [LOG] [Fast Refresh] rebuilding @ webpack-internal:///(app-pages-browser)/./node_modules/.pnpm/next@16.1.6_@babel+core@7.29.0_react-dom@19.2.4_react@19.2.4__react@19.2.4/node_modules/next/dist/next-devtools/shared/forward-logs-shared.js:27
[  143848ms] [LOG] [Fast Refresh] done in 46ms @ webpack-internal:///(app-pages-browser)/./node_modules/.pnpm/next@16.1.6_@babel+core@7.29.0_react-dom@19.2.4_react@19.2.4__react@19.2.4/node_modules/next/dist/next-devtools/shared/forward-logs-shared.js:27
[  144022ms] [LOG] [Fast Refresh] rebuilding @ webpack-internal:///(app-pages-browser)/./node_modules/.pnpm/next@16.1.6_@babel+core@7.29.0_react-dom@19.2.4_react@19.2.4__react@19.2.4/node_modules/next/dist/next-devtools/shared/forward-logs-shared.js:27
[  144078ms] [LOG] [Fast Refresh] done in 56ms @ webpack-internal:///(app-pages-browser)/./node_modules/.pnpm/next@16.1.6_@babel+core@7.29.0_react-dom@19.2.4_react@19.2.4__react@19.2.4/node_modules/next/dist/next-devtools/shared/forward-logs-shared.js:27
[  144240ms] [LOG] [Fast Refresh] rebuilding @ webpack-internal:///(app-pages-browser)/./node_modules/.pnpm/next@16.1.6_@babel+core@7.29.0_react-dom@19.2.4_react@19.2.4__react@19.2.4/node_modules/next/dist/next-devtools/shared/forward-logs-shared.js:27
[  144282ms] [LOG] [Fast Refresh] done in 42ms @ webpack-internal:///(app-pages-browser)/./node_modules/.pnpm/next@16.1.6_@babel+core@7.29.0_react-dom@19.2.4_react@19.2.4__react@19.2.4/node_modules/next/dist/next-devtools/shared/forward-logs-shared.js:27
[  144446ms] [LOG] [Fast Refresh] rebuilding @ webpack-internal:///(app-pages-browser)/./node_modules/.pnpm/next@16.1.6_@babel+core@7.29.0_react-dom@19.2.4_react@19.2.4__react@19.2.4/node_modules/next/dist/next-devtools/shared/forward-logs-shared.js:27
[  144497ms] [LOG] [Fast Refresh] done in 52ms @ webpack-internal:///(app-pages-browser)/./node_modules/.pnpm/next@16.1.6_@babel+core@7.29.0_react-dom@19.2.4_react@19.2.4__react@19.2.4/node_modules/next/dist/next-devtools/shared/forward-logs-shared.js:27
[  144666ms] [LOG] [Fast Refresh] rebuilding @ webpack-internal:///(app-pages-browser)/./node_modules/.pnpm/next@16.1.6_@babel+core@7.29.0_react-dom@19.2.4_react@19.2.4__react@19.2.4/node_modules/next/dist/next-devtools/shared/forward-logs-shared.js:27
[  144715ms] [LOG] [Fast Refresh] done in 49ms @ webpack-internal:///(app-pages-browser)/./node_modules/.pnpm/next@16.1.6_@babel+core@7.29.0_react-dom@19.2.4_react@19.2.4__react@19.2.4/node_modules/next/dist/next-devtools/shared/forward-logs-shared.js:27
[  144885ms] [LOG] [Fast Refresh] rebuilding @ webpack-internal:///(app-pages-browser)/./node_modules/.pnpm/next@16.1.6_@babel+core@7.29.0_react-dom@19.2.4_react@19.2.4__react@19.2.4/node_modules/next/dist/next-devtools/shared/forward-logs-shared.js:27
[  144945ms] [LOG] [Fast Refresh] done in 60ms @ webpack-internal:///(app-pages-browser)/./node_modules/.pnpm/next@16.1.6_@babel+core@7.29.0_react-dom@19.2.4_react@19.2.4__react@19.2.4/node_modules/next/dist/next-devtools/shared/forward-logs-shared.js:27
[  145111ms] [LOG] [Fast Refresh] rebuilding @ webpack-internal:///(app-pages-browser)/./node_modules/.pnpm/next@16.1.6_@babel+core@7.29.0_react-dom@19.2.4_react@19.2.4__react@19.2.4/node_modules/next/dist/next-devtools/shared/forward-logs-shared.js:27
[  145158ms] [LOG] [Fast Refresh] done in 46ms @ webpack-internal:///(app-pages-browser)/./node_modules/.pnpm/next@16.1.6_@babel+core@7.29.0_react-dom@19.2.4_react@19.2.4__react@19.2.4/node_modules/next/dist/next-devtools/shared/forward-logs-shared.js:27
[  145331ms] [LOG] [Fast Refresh] rebuilding @ webpack-internal:///(app-pages-browser)/./node_modules/.pnpm/next@16.1.6_@babel+core@7.29.0_react-dom@19.2.4_react@19.2.4__react@19.2.4/node_modules/next/dist/next-devtools/shared/forward-logs-shared.js:27
[  145385ms] [LOG] [Fast Refresh] done in 53ms @ webpack-internal:///(app-pages-browser)/./node_modules/.pnpm/next@16.1.6_@babel+core@7.29.0_react-dom@19.2.4_react@19.2.4__react@19.2.4/node_modules/next/dist/next-devtools/shared/forward-logs-shared.js:27
[  145549ms] [LOG] [Fast Refresh] rebuilding @ webpack-internal:///(app-pages-browser)/./node_modules/.pnpm/next@16.1.6_@babel+core@7.29.0_react-dom@19.2.4_react@19.2.4__react@19.2.4/node_modules/next/dist/next-devtools/shared/forward-logs-shared.js:27
[  145594ms] [LOG] [Fast Refresh] done in 45ms @ webpack-internal:///(app-pages-browser)/./node_modules/.pnpm/next@16.1.6_@babel+core@7.29.0_react-dom@19.2.4_react@19.2.4__react@19.2.4/node_modules/next/dist/next-devtools/shared/forward-logs-shared.js:27
[  145756ms] [LOG] [Fast Refresh] rebuilding @ webpack-internal:///(app-pages-browser)/./node_modules/.pnpm/next@16.1.6_@babel+core@7.29.0_react-dom@19.2.4_react@19.2.4__react@19.2.4/node_modules/next/dist/next-devtools/shared/forward-logs-shared.js:27
[  145811ms] [LOG] [Fast Refresh] done in 55ms @ webpack-internal:///(app-pages-browser)/./node_modules/.pnpm/next@16.1.6_@babel+core@7.29.0_react-dom@19.2.4_react@19.2.4__react@19.2.4/node_modules/next/dist/next-devtools/shared/forward-logs-shared.js:27
[  146013ms] [LOG] [Fast Refresh] rebuilding @ webpack-internal:///(app-pages-browser)/./node_modules/.pnpm/next@16.1.6_@babel+core@7.29.0_react-dom@19.2.4_react@19.2.4__react@19.2.4/node_modules/next/dist/next-devtools/shared/forward-logs-shared.js:27
[  146212ms] [LOG] [Fast Refresh] done in 199ms @ webpack-internal:///(app-pages-browser)/./node_modules/.pnpm/next@16.1.6_@babel+core@7.29.0_react-dom@19.2.4_react@19.2.4__react@19.2.4/node_modules/next/dist/next-devtools/shared/forward-logs-shared.js:27
[  146399ms] [LOG] [Fast Refresh] rebuilding @ webpack-internal:///(app-pages-browser)/./node_modules/.pnpm/next@16.1.6_@babel+core@7.29.0_react-dom@19.2.4_react@19.2.4__react@19.2.4/node_modules/next/dist/next-devtools/shared/forward-logs-shared.js:27
[  146448ms] [LOG] [Fast Refresh] done in 49ms @ webpack-internal:///(app-pages-browser)/./node_modules/.pnpm/next@16.1.6_@babel+core@7.29.0_react-dom@19.2.4_react@19.2.4__react@19.2.4/node_modules/next/dist/next-devtools/shared/forward-logs-shared.js:27
[  146632ms] [LOG] [Fast Refresh] rebuilding @ webpack-internal:///(app-pages-browser)/./node_modules/.pnpm/next@16.1.6_@babel+core@7.29.0_react-dom@19.2.4_react@19.2.4__react@19.2.4/node_modules/next/dist/next-devtools/shared/forward-logs-shared.js:27
[  146675ms] [LOG] [Fast Refresh] done in 42ms @ webpack-internal:///(app-pages-browser)/./node_modules/.pnpm/next@16.1.6_@babel+core@7.29.0_react-dom@19.2.4_react@19.2.4__react@19.2.4/node_modules/next/dist/next-devtools/shared/forward-logs-shared.js:27
[  146859ms] [LOG] [Fast Refresh] rebuilding @ webpack-internal:///(app-pages-browser)/./node_modules/.pnpm/next@16.1.6_@babel+core@7.29.0_react-dom@19.2.4_react@19.2.4__react@19.2.4/node_modules/next/dist/next-devtools/shared/forward-logs-shared.js:27
[  146907ms] [LOG] [Fast Refresh] done in 49ms @ webpack-internal:///(app-pages-browser)/./node_modules/.pnpm/next@16.1.6_@babel+core@7.29.0_react-dom@19.2.4_react@19.2.4__react@19.2.4/node_modules/next/dist/next-devtools/shared/forward-logs-shared.js:27
[  147091ms] [LOG] [Fast Refresh] rebuilding @ webpack-internal:///(app-pages-browser)/./node_modules/.pnpm/next@16.1.6_@babel+core@7.29.0_react-dom@19.2.4_react@19.2.4__react@19.2.4/node_modules/next/dist/next-devtools/shared/forward-logs-shared.js:27
[  147145ms] [LOG] [Fast Refresh] done in 54ms @ webpack-internal:///(app-pages-browser)/./node_modules/.pnpm/next@16.1.6_@babel+core@7.29.0_react-dom@19.2.4_react@19.2.4__react@19.2.4/node_modules/next/dist/next-devtools/shared/forward-logs-shared.js:27
[  147317ms] [LOG] [Fast Refresh] rebuilding @ webpack-internal:///(app-pages-browser)/./node_modules/.pnpm/next@16.1.6_@babel+core@7.29.0_react-dom@19.2.4_react@19.2.4__react@19.2.4/node_modules/next/dist/next-devtools/shared/forward-logs-shared.js:27
[  147360ms] [LOG] [Fast Refresh] done in 44ms @ webpack-internal:///(app-pages-browser)/./node_modules/.pnpm/next@16.1.6_@babel+core@7.29.0_react-dom@19.2.4_react@19.2.4__react@19.2.4/node_modules/next/dist/next-devtools/shared/forward-logs-shared.js:27
[  147534ms] [LOG] [Fast Refresh] rebuilding @ webpack-internal:///(app-pages-browser)/./node_modules/.pnpm/next@16.1.6_@babel+core@7.29.0_react-dom@19.2.4_react@19.2.4__react@19.2.4/node_modules/next/dist/next-devtools/shared/forward-logs-shared.js:27
[  147583ms] [LOG] [Fast Refresh] done in 48ms @ webpack-internal:///(app-pages-browser)/./node_modules/.pnpm/next@16.1.6_@babel+core@7.29.0_react-dom@19.2.4_react@19.2.4__react@19.2.4/node_modules/next/dist/next-devtools/shared/forward-logs-shared.js:27
[  147772ms] [LOG] [Fast Refresh] rebuilding @ webpack-internal:///(app-pages-browser)/./node_modules/.pnpm/next@16.1.6_@babel+core@7.29.0_react-dom@19.2.4_react@19.2.4__react@19.2.4/node_modules/next/dist/next-devtools/shared/forward-logs-shared.js:27
[  147820ms] [LOG] [Fast Refresh] done in 48ms @ webpack-internal:///(app-pages-browser)/./node_modules/.pnpm/next@16.1.6_@babel+core@7.29.0_react-dom@19.2.4_react@19.2.4__react@19.2.4/node_modules/next/dist/next-devtools/shared/forward-logs-shared.js:27
[  148000ms] [LOG] [Fast Refresh] rebuilding @ webpack-internal:///(app-pages-browser)/./node_modules/.pnpm/next@16.1.6_@babel+core@7.29.0_react-dom@19.2.4_react@19.2.4__react@19.2.4/node_modules/next/dist/next-devtools/shared/forward-logs-shared.js:27
[  148054ms] [LOG] [Fast Refresh] done in 54ms @ webpack-internal:///(app-pages-browser)/./node_modules/.pnpm/next@16.1.6_@babel+core@7.29.0_react-dom@19.2.4_react@19.2.4__react@19.2.4/node_modules/next/dist/next-devtools/shared/forward-logs-shared.js:27
[  148220ms] [LOG] [Fast Refresh] rebuilding @ webpack-internal:///(app-pages-browser)/./node_modules/.pnpm/next@16.1.6_@babel+core@7.29.0_react-dom@19.2.4_react@19.2.4__react@19.2.4/node_modules/next/dist/next-devtools/shared/forward-logs-shared.js:27
[  148266ms] [LOG] [Fast Refresh] done in 45ms @ webpack-internal:///(app-pages-browser)/./node_modules/.pnpm/next@16.1.6_@babel+core@7.29.0_react-dom@19.2.4_react@19.2.4__react@19.2.4/node_modules/next/dist/next-devtools/shared/forward-logs-shared.js:27
[  148443ms] [LOG] [Fast Refresh] rebuilding @ webpack-internal:///(app-pages-browser)/./node_modules/.pnpm/next@16.1.6_@babel+core@7.29.0_react-dom@19.2.4_react@19.2.4__react@19.2.4/node_modules/next/dist/next-devtools/shared/forward-logs-shared.js:27
[  148503ms] [LOG] [Fast Refresh] done in 60ms @ webpack-internal:///(app-pages-browser)/./node_modules/.pnpm/next@16.1.6_@babel+core@7.29.0_react-dom@19.2.4_react@19.2.4__react@19.2.4/node_modules/next/dist/next-devtools/shared/forward-logs-shared.js:27
[  148668ms] [LOG] [Fast Refresh] rebuilding @ webpack-internal:///(app-pages-browser)/./node_modules/.pnpm/next@16.1.6_@babel+core@7.29.0_react-dom@19.2.4_react@19.2.4__react@19.2.4/node_modules/next/dist/next-devtools/shared/forward-logs-shared.js:27
[  148718ms] [LOG] [Fast Refresh] done in 50ms @ webpack-internal:///(app-pages-browser)/./node_modules/.pnpm/next@16.1.6_@babel+core@7.29.0_react-dom@19.2.4_react@19.2.4__react@19.2.4/node_modules/next/dist/next-devtools/shared/forward-logs-shared.js:27
[  148902ms] [LOG] [Fast Refresh] rebuilding @ webpack-internal:///(app-pages-browser)/./node_modules/.pnpm/next@16.1.6_@babel+core@7.29.0_react-dom@19.2.4_react@19.2.4__react@19.2.4/node_modules/next/dist/next-devtools/shared/forward-logs-shared.js:27
[  148964ms] [LOG] [Fast Refresh] done in 62ms @ webpack-internal:///(app-pages-browser)/./node_modules/.pnpm/next@16.1.6_@babel+core@7.29.0_react-dom@19.2.4_react@19.2.4__react@19.2.4/node_modules/next/dist/next-devtools/shared/forward-logs-shared.js:27
[  149131ms] [LOG] [Fast Refresh] rebuilding @ webpack-internal:///(app-pages-browser)/./node_modules/.pnpm/next@16.1.6_@babel+core@7.29.0_react-dom@19.2.4_react@19.2.4__react@19.2.4/node_modules/next/dist/next-devtools/shared/forward-logs-shared.js:27
[  149179ms] [LOG] [Fast Refresh] done in 48ms @ webpack-internal:///(app-pages-browser)/./node_modules/.pnpm/next@16.1.6_@babel+core@7.29.0_react-dom@19.2.4_react@19.2.4__react@19.2.4/node_modules/next/dist/next-devtools/shared/forward-logs-shared.js:27
[  149348ms] [LOG] [Fast Refresh] rebuilding @ webpack-internal:///(app-pages-browser)/./node_modules/.pnpm/next@16.1.6_@babel+core@7.29.0_react-dom@19.2.4_react@19.2.4__react@19.2.4/node_modules/next/dist/next-devtools/shared/forward-logs-shared.js:27
[  149406ms] [LOG] [Fast Refresh] done in 58ms @ webpack-internal:///(app-pages-browser)/./node_modules/.pnpm/next@16.1.6_@babel+core@7.29.0_react-dom@19.2.4_react@19.2.4__react@19.2.4/node_modules/next/dist/next-devtools/shared/forward-logs-shared.js:27
[  149578ms] [LOG] [Fast Refresh] rebuilding @ webpack-internal:///(app-pages-browser)/./node_modules/.pnpm/next@16.1.6_@babel+core@7.29.0_react-dom@19.2.4_react@19.2.4__react@19.2.4/node_modules/next/dist/next-devtools/shared/forward-logs-shared.js:27
[  149624ms] [LOG] [Fast Refresh] done in 46ms @ webpack-internal:///(app-pages-browser)/./node_modules/.pnpm/next@16.1.6_@babel+core@7.29.0_react-dom@19.2.4_react@19.2.4__react@19.2.4/node_modules/next/dist/next-devtools/shared/forward-logs-shared.js:27
[  149799ms] [LOG] [Fast Refresh] rebuilding @ webpack-internal:///(app-pages-browser)/./node_modules/.pnpm/next@16.1.6_@babel+core@7.29.0_react-dom@19.2.4_react@19.2.4__react@19.2.4/node_modules/next/dist/next-devtools/shared/forward-logs-shared.js:27
[  149861ms] [LOG] [Fast Refresh] done in 63ms @ webpack-internal:///(app-pages-browser)/./node_modules/.pnpm/next@16.1.6_@babel+core@7.29.0_react-dom@19.2.4_react@19.2.4__react@19.2.4/node_modules/next/dist/next-devtools/shared/forward-logs-shared.js:27
[  150027ms] [LOG] [Fast Refresh] rebuilding @ webpack-internal:///(app-pages-browser)/./node_modules/.pnpm/next@16.1.6_@babel+core@7.29.0_react-dom@19.2.4_react@19.2.4__react@19.2.4/node_modules/next/dist/next-devtools/shared/forward-logs-shared.js:27
[  150070ms] [LOG] [Fast Refresh] done in 43ms @ webpack-internal:///(app-pages-browser)/./node_modules/.pnpm/next@16.1.6_@babel+core@7.29.0_react-dom@19.2.4_react@19.2.4__react@19.2.4/node_modules/next/dist/next-devtools/shared/forward-logs-shared.js:27
[  150248ms] [LOG] [Fast Refresh] rebuilding @ webpack-internal:///(app-pages-browser)/./node_modules/.pnpm/next@16.1.6_@babel+core@7.29.0_react-dom@19.2.4_react@19.2.4__react@19.2.4/node_modules/next/dist/next-devtools/shared/forward-logs-shared.js:27
[  150304ms] [LOG] [Fast Refresh] done in 55ms @ webpack-internal:///(app-pages-browser)/./node_modules/.pnpm/next@16.1.6_@babel+core@7.29.0_react-dom@19.2.4_react@19.2.4__react@19.2.4/node_modules/next/dist/next-devtools/shared/forward-logs-shared.js:27
[  150462ms] [LOG] [Fast Refresh] rebuilding @ webpack-internal:///(app-pages-browser)/./node_modules/.pnpm/next@16.1.6_@babel+core@7.29.0_react-dom@19.2.4_react@19.2.4__react@19.2.4/node_modules/next/dist/next-devtools/shared/forward-logs-shared.js:27
[  150508ms] [LOG] [Fast Refresh] done in 46ms @ webpack-internal:///(app-pages-browser)/./node_modules/.pnpm/next@16.1.6_@babel+core@7.29.0_react-dom@19.2.4_react@19.2.4__react@19.2.4/node_modules/next/dist/next-devtools/shared/forward-logs-shared.js:27
[  150671ms] [LOG] [Fast Refresh] rebuilding @ webpack-internal:///(app-pages-browser)/./node_modules/.pnpm/next@16.1.6_@babel+core@7.29.0_react-dom@19.2.4_react@19.2.4__react@19.2.4/node_modules/next/dist/next-devtools/shared/forward-logs-shared.js:27
[  150721ms] [LOG] [Fast Refresh] done in 50ms @ webpack-internal:///(app-pages-browser)/./node_modules/.pnpm/next@16.1.6_@babel+core@7.29.0_react-dom@19.2.4_react@19.2.4__react@19.2.4/node_modules/next/dist/next-devtools/shared/forward-logs-shared.js:27
[  150893ms] [LOG] [Fast Refresh] rebuilding @ webpack-internal:///(app-pages-browser)/./node_modules/.pnpm/next@16.1.6_@babel+core@7.29.0_react-dom@19.2.4_react@19.2.4__react@19.2.4/node_modules/next/dist/next-devtools/shared/forward-logs-shared.js:27
[  150938ms] [LOG] [Fast Refresh] done in 46ms @ webpack-internal:///(app-pages-browser)/./node_modules/.pnpm/next@16.1.6_@babel+core@7.29.0_react-dom@19.2.4_react@19.2.4__react@19.2.4/node_modules/next/dist/next-devtools/shared/forward-logs-shared.js:27
[  151108ms] [LOG] [Fast Refresh] rebuilding @ webpack-internal:///(app-pages-browser)/./node_modules/.pnpm/next@16.1.6_@babel+core@7.29.0_react-dom@19.2.4_react@19.2.4__react@19.2.4/node_modules/next/dist/next-devtools/shared/forward-logs-shared.js:27
[  151172ms] [LOG] [Fast Refresh] done in 64ms @ webpack-internal:///(app-pages-browser)/./node_modules/.pnpm/next@16.1.6_@babel+core@7.29.0_react-dom@19.2.4_react@19.2.4__react@19.2.4/node_modules/next/dist/next-devtools/shared/forward-logs-shared.js:27
[  151350ms] [LOG] [Fast Refresh] rebuilding @ webpack-internal:///(app-pages-browser)/./node_modules/.pnpm/next@16.1.6_@babel+core@7.29.0_react-dom@19.2.4_react@19.2.4__react@19.2.4/node_modules/next/dist/next-devtools/shared/forward-logs-shared.js:27
[  151401ms] [LOG] [Fast Refresh] done in 50ms @ webpack-internal:///(app-pages-browser)/./node_modules/.pnpm/next@16.1.6_@babel+core@7.29.0_react-dom@19.2.4_react@19.2.4__react@19.2.4/node_modules/next/dist/next-devtools/shared/forward-logs-shared.js:27
[  151567ms] [LOG] [Fast Refresh] rebuilding @ webpack-internal:///(app-pages-browser)/./node_modules/.pnpm/next@16.1.6_@babel+core@7.29.0_react-dom@19.2.4_react@19.2.4__react@19.2.4/node_modules/next/dist/next-devtools/shared/forward-logs-shared.js:27
[  151626ms] [LOG] [Fast Refresh] done in 59ms @ webpack-internal:///(app-pages-browser)/./node_modules/.pnpm/next@16.1.6_@babel+core@7.29.0_react-dom@19.2.4_react@19.2.4__react@19.2.4/node_modules/next/dist/next-devtools/shared/forward-logs-shared.js:27
[  151810ms] [LOG] [Fast Refresh] rebuilding @ webpack-internal:///(app-pages-browser)/./node_modules/.pnpm/next@16.1.6_@babel+core@7.29.0_react-dom@19.2.4_react@19.2.4__react@19.2.4/node_modules/next/dist/next-devtools/shared/forward-logs-shared.js:27
[  151850ms] [LOG] [Fast Refresh] done in 41ms @ webpack-internal:///(app-pages-browser)/./node_modules/.pnpm/next@16.1.6_@babel+core@7.29.0_react-dom@19.2.4_react@19.2.4__react@19.2.4/node_modules/next/dist/next-devtools/shared/forward-logs-shared.js:27
[  152037ms] [LOG] [Fast Refresh] rebuilding @ webpack-internal:///(app-pages-browser)/./node_modules/.pnpm/next@16.1.6_@babel+core@7.29.0_react-dom@19.2.4_react@19.2.4__react@19.2.4/node_modules/next/dist/next-devtools/shared/forward-logs-shared.js:27
[  152097ms] [LOG] [Fast Refresh] done in 59ms @ webpack-internal:///(app-pages-browser)/./node_modules/.pnpm/next@16.1.6_@babel+core@7.29.0_react-dom@19.2.4_react@19.2.4__react@19.2.4/node_modules/next/dist/next-devtools/shared/forward-logs-shared.js:27
[  152275ms] [LOG] [Fast Refresh] rebuilding @ webpack-internal:///(app-pages-browser)/./node_modules/.pnpm/next@16.1.6_@babel+core@7.29.0_react-dom@19.2.4_react@19.2.4__react@19.2.4/node_modules/next/dist/next-devtools/shared/forward-logs-shared.js:27
[  152319ms] [LOG] [Fast Refresh] done in 44ms @ webpack-internal:///(app-pages-browser)/./node_modules/.pnpm/next@16.1.6_@babel+core@7.29.0_react-dom@19.2.4_react@19.2.4__react@19.2.4/node_modules/next/dist/next-devtools/shared/forward-logs-shared.js:27
[  152486ms] [LOG] [Fast Refresh] rebuilding @ webpack-internal:///(app-pages-browser)/./node_modules/.pnpm/next@16.1.6_@babel+core@7.29.0_react-dom@19.2.4_react@19.2.4__react@19.2.4/node_modules/next/dist/next-devtools/shared/forward-logs-shared.js:27
[  152547ms] [LOG] [Fast Refresh] done in 61ms @ webpack-internal:///(app-pages-browser)/./node_modules/.pnpm/next@16.1.6_@babel+core@7.29.0_react-dom@19.2.4_react@19.2.4__react@19.2.4/node_modules/next/dist/next-devtools/shared/forward-logs-shared.js:27
[  152709ms] [LOG] [Fast Refresh] rebuilding @ webpack-internal:///(app-pages-browser)/./node_modules/.pnpm/next@16.1.6_@babel+core@7.29.0_react-dom@19.2.4_react@19.2.4__react@19.2.4/node_modules/next/dist/next-devtools/shared/forward-logs-shared.js:27
[  152751ms] [LOG] [Fast Refresh] done in 43ms @ webpack-internal:///(app-pages-browser)/./node_modules/.pnpm/next@16.1.6_@babel+core@7.29.0_react-dom@19.2.4_react@19.2.4__react@19.2.4/node_modules/next/dist/next-devtools/shared/forward-logs-shared.js:27
[  152920ms] [LOG] [Fast Refresh] rebuilding @ webpack-internal:///(app-pages-browser)/./node_modules/.pnpm/next@16.1.6_@babel+core@7.29.0_react-dom@19.2.4_react@19.2.4__react@19.2.4/node_modules/next/dist/next-devtools/shared/forward-logs-shared.js:27
[  152967ms] [LOG] [Fast Refresh] done in 48ms @ webpack-internal:///(app-pages-browser)/./node_modules/.pnpm/next@16.1.6_@babel+core@7.29.0_react-dom@19.2.4_react@19.2.4__react@19.2.4/node_modules/next/dist/next-devtools/shared/forward-logs-shared.js:27
[  153131ms] [LOG] [Fast Refresh] rebuilding @ webpack-internal:///(app-pages-browser)/./node_modules/.pnpm/next@16.1.6_@babel+core@7.29.0_react-dom@19.2.4_react@19.2.4__react@19.2.4/node_modules/next/dist/next-devtools/shared/forward-logs-shared.js:27
[  153186ms] [LOG] [Fast Refresh] done in 56ms @ webpack-internal:///(app-pages-browser)/./node_modules/.pnpm/next@16.1.6_@babel+core@7.29.0_react-dom@19.2.4_react@19.2.4__react@19.2.4/node_modules/next/dist/next-devtools/shared/forward-logs-shared.js:27
[  153354ms] [LOG] [Fast Refresh] rebuilding @ webpack-internal:///(app-pages-browser)/./node_modules/.pnpm/next@16.1.6_@babel+core@7.29.0_react-dom@19.2.4_react@19.2.4__react@19.2.4/node_modules/next/dist/next-devtools/shared/forward-logs-shared.js:27
[  153395ms] [LOG] [Fast Refresh] done in 41ms @ webpack-internal:///(app-pages-browser)/./node_modules/.pnpm/next@16.1.6_@babel+core@7.29.0_react-dom@19.2.4_react@19.2.4__react@19.2.4/node_modules/next/dist/next-devtools/shared/forward-logs-shared.js:27
[  153562ms] [LOG] [Fast Refresh] rebuilding @ webpack-internal:///(app-pages-browser)/./node_modules/.pnpm/next@16.1.6_@babel+core@7.29.0_react-dom@19.2.4_react@19.2.4__react@19.2.4/node_modules/next/dist/next-devtools/shared/forward-logs-shared.js:27
[  153614ms] [LOG] [Fast Refresh] done in 52ms @ webpack-internal:///(app-pages-browser)/./node_modules/.pnpm/next@16.1.6_@babel+core@7.29.0_react-dom@19.2.4_react@19.2.4__react@19.2.4/node_modules/next/dist/next-devtools/shared/forward-logs-shared.js:27
[  153784ms] [LOG] [Fast Refresh] rebuilding @ webpack-internal:///(app-pages-browser)/./node_modules/.pnpm/next@16.1.6_@babel+core@7.29.0_react-dom@19.2.4_react@19.2.4__react@19.2.4/node_modules/next/dist/next-devtools/shared/forward-logs-shared.js:27
[  153823ms] [LOG] [Fast Refresh] done in 40ms @ webpack-internal:///(app-pages-browser)/./node_modules/.pnpm/next@16.1.6_@babel+core@7.29.0_react-dom@19.2.4_react@19.2.4__react@19.2.4/node_modules/next/dist/next-devtools/shared/forward-logs-shared.js:27
[  153990ms] [LOG] [Fast Refresh] rebuilding @ webpack-internal:///(app-pages-browser)/./node_modules/.pnpm/next@16.1.6_@babel+core@7.29.0_react-dom@19.2.4_react@19.2.4__react@19.2.4/node_modules/next/dist/next-devtools/shared/forward-logs-shared.js:27
[  154044ms] [LOG] [Fast Refresh] done in 55ms @ webpack-internal:///(app-pages-browser)/./node_modules/.pnpm/next@16.1.6_@babel+core@7.29.0_react-dom@19.2.4_react@19.2.4__react@19.2.4/node_modules/next/dist/next-devtools/shared/forward-logs-shared.js:27
[  154220ms] [LOG] [Fast Refresh] rebuilding @ webpack-internal:///(app-pages-browser)/./node_modules/.pnpm/next@16.1.6_@babel+core@7.29.0_react-dom@19.2.4_react@19.2.4__react@19.2.4/node_modules/next/dist/next-devtools/shared/forward-logs-shared.js:27
[  154266ms] [LOG] [Fast Refresh] done in 47ms @ webpack-internal:///(app-pages-browser)/./node_modules/.pnpm/next@16.1.6_@babel+core@7.29.0_react-dom@19.2.4_react@19.2.4__react@19.2.4/node_modules/next/dist/next-devtools/shared/forward-logs-shared.js:27
[  154445ms] [LOG] [Fast Refresh] rebuilding @ webpack-internal:///(app-pages-browser)/./node_modules/.pnpm/next@16.1.6_@babel+core@7.29.0_react-dom@19.2.4_react@19.2.4__react@19.2.4/node_modules/next/dist/next-devtools/shared/forward-logs-shared.js:27
[  154491ms] [LOG] [Fast Refresh] done in 46ms @ webpack-internal:///(app-pages-browser)/./node_modules/.pnpm/next@16.1.6_@babel+core@7.29.0_react-dom@19.2.4_react@19.2.4__react@19.2.4/node_modules/next/dist/next-devtools/shared/forward-logs-shared.js:27
[  154655ms] [LOG] [Fast Refresh] rebuilding @ webpack-internal:///(app-pages-browser)/./node_modules/.pnpm/next@16.1.6_@babel+core@7.29.0_react-dom@19.2.4_react@19.2.4__react@19.2.4/node_modules/next/dist/next-devtools/shared/forward-logs-shared.js:27
[  154693ms] [LOG] [Fast Refresh] done in 37ms @ webpack-internal:///(app-pages-browser)/./node_modules/.pnpm/next@16.1.6_@babel+core@7.29.0_react-dom@19.2.4_react@19.2.4__react@19.2.4/node_modules/next/dist/next-devtools/shared/forward-logs-shared.js:27
[  154866ms] [LOG] [Fast Refresh] rebuilding @ webpack-internal:///(app-pages-browser)/./node_modules/.pnpm/next@16.1.6_@babel+core@7.29.0_react-dom@19.2.4_react@19.2.4__react@19.2.4/node_modules/next/dist/next-devtools/shared/forward-logs-shared.js:27
[  154921ms] [LOG] [Fast Refresh] done in 54ms @ webpack-internal:///(app-pages-browser)/./node_modules/.pnpm/next@16.1.6_@babel+core@7.29.0_react-dom@19.2.4_react@19.2.4__react@19.2.4/node_modules/next/dist/next-devtools/shared/forward-logs-shared.js:27
[  155075ms] [LOG] [Fast Refresh] rebuilding @ webpack-internal:///(app-pages-browser)/./node_modules/.pnpm/next@16.1.6_@babel+core@7.29.0_react-dom@19.2.4_react@19.2.4__react@19.2.4/node_modules/next/dist/next-devtools/shared/forward-logs-shared.js:27
[  155127ms] [LOG] [Fast Refresh] done in 51ms @ webpack-internal:///(app-pages-browser)/./node_modules/.pnpm/next@16.1.6_@babel+core@7.29.0_react-dom@19.2.4_react@19.2.4__react@19.2.4/node_modules/next/dist/next-devtools/shared/forward-logs-shared.js:27
[  155301ms] [LOG] [Fast Refresh] rebuilding @ webpack-internal:///(app-pages-browser)/./node_modules/.pnpm/next@16.1.6_@babel+core@7.29.0_react-dom@19.2.4_react@19.2.4__react@19.2.4/node_modules/next/dist/next-devtools/shared/forward-logs-shared.js:27
[  155348ms] [LOG] [Fast Refresh] done in 47ms @ webpack-internal:///(app-pages-browser)/./node_modules/.pnpm/next@16.1.6_@babel+core@7.29.0_react-dom@19.2.4_react@19.2.4__react@19.2.4/node_modules/next/dist/next-devtools/shared/forward-logs-shared.js:27
[  155515ms] [LOG] [Fast Refresh] rebuilding @ webpack-internal:///(app-pages-browser)/./node_modules/.pnpm/next@16.1.6_@babel+core@7.29.0_react-dom@19.2.4_react@19.2.4__react@19.2.4/node_modules/next/dist/next-devtools/shared/forward-logs-shared.js:27
[  155573ms] [LOG] [Fast Refresh] done in 59ms @ webpack-internal:///(app-pages-browser)/./node_modules/.pnpm/next@16.1.6_@babel+core@7.29.0_react-dom@19.2.4_react@19.2.4__react@19.2.4/node_modules/next/dist/next-devtools/shared/forward-logs-shared.js:27
[  155743ms] [LOG] [Fast Refresh] rebuilding @ webpack-internal:///(app-pages-browser)/./node_modules/.pnpm/next@16.1.6_@babel+core@7.29.0_react-dom@19.2.4_react@19.2.4__react@19.2.4/node_modules/next/dist/next-devtools/shared/forward-logs-shared.js:27
[  155783ms] [LOG] [Fast Refresh] done in 40ms @ webpack-internal:///(app-pages-browser)/./node_modules/.pnpm/next@16.1.6_@babel+core@7.29.0_react-dom@19.2.4_react@19.2.4__react@19.2.4/node_modules/next/dist/next-devtools/shared/forward-logs-shared.js:27
[  155951ms] [LOG] [Fast Refresh] rebuilding @ webpack-internal:///(app-pages-browser)/./node_modules/.pnpm/next@16.1.6_@babel+core@7.29.0_react-dom@19.2.4_react@19.2.4__react@19.2.4/node_modules/next/dist/next-devtools/shared/forward-logs-shared.js:27
[  156005ms] [LOG] [Fast Refresh] done in 54ms @ webpack-internal:///(app-pages-browser)/./node_modules/.pnpm/next@16.1.6_@babel+core@7.29.0_react-dom@19.2.4_react@19.2.4__react@19.2.4/node_modules/next/dist/next-devtools/shared/forward-logs-shared.js:27
[  156178ms] [LOG] [Fast Refresh] rebuilding @ webpack-internal:///(app-pages-browser)/./node_modules/.pnpm/next@16.1.6_@babel+core@7.29.0_react-dom@19.2.4_react@19.2.4__react@19.2.4/node_modules/next/dist/next-devtools/shared/forward-logs-shared.js:27
[  156222ms] [LOG] [Fast Refresh] done in 43ms @ webpack-internal:///(app-pages-browser)/./node_modules/.pnpm/next@16.1.6_@babel+core@7.29.0_react-dom@19.2.4_react@19.2.4__react@19.2.4/node_modules/next/dist/next-devtools/shared/forward-logs-shared.js:27
[  156381ms] [LOG] [Fast Refresh] rebuilding @ webpack-internal:///(app-pages-browser)/./node_modules/.pnpm/next@16.1.6_@babel+core@7.29.0_react-dom@19.2.4_react@19.2.4__react@19.2.4/node_modules/next/dist/next-devtools/shared/forward-logs-shared.js:27
[  156435ms] [LOG] [Fast Refresh] done in 53ms @ webpack-internal:///(app-pages-browser)/./node_modules/.pnpm/next@16.1.6_@babel+core@7.29.0_react-dom@19.2.4_react@19.2.4__react@19.2.4/node_modules/next/dist/next-devtools/shared/forward-logs-shared.js:27
[  156598ms] [LOG] [Fast Refresh] rebuilding @ webpack-internal:///(app-pages-browser)/./node_modules/.pnpm/next@16.1.6_@babel+core@7.29.0_react-dom@19.2.4_react@19.2.4__react@19.2.4/node_modules/next/dist/next-devtools/shared/forward-logs-shared.js:27
[  156641ms] [LOG] [Fast Refresh] done in 43ms @ webpack-internal:///(app-pages-browser)/./node_modules/.pnpm/next@16.1.6_@babel+core@7.29.0_react-dom@19.2.4_react@19.2.4__react@19.2.4/node_modules/next/dist/next-devtools/shared/forward-logs-shared.js:27
[  156806ms] [LOG] [Fast Refresh] rebuilding @ webpack-internal:///(app-pages-browser)/./node_modules/.pnpm/next@16.1.6_@babel+core@7.29.0_react-dom@19.2.4_react@19.2.4__react@19.2.4/node_modules/next/dist/next-devtools/shared/forward-logs-shared.js:27
[  156868ms] [LOG] [Fast Refresh] done in 62ms @ webpack-internal:///(app-pages-browser)/./node_modules/.pnpm/next@16.1.6_@babel+core@7.29.0_react-dom@19.2.4_react@19.2.4__react@19.2.4/node_modules/next/dist/next-devtools/shared/forward-logs-shared.js:27
[  157030ms] [LOG] [Fast Refresh] rebuilding @ webpack-internal:///(app-pages-browser)/./node_modules/.pnpm/next@16.1.6_@babel+core@7.29.0_react-dom@19.2.4_react@19.2.4__react@19.2.4/node_modules/next/dist/next-devtools/shared/forward-logs-shared.js:27
[  157074ms] [LOG] [Fast Refresh] done in 43ms @ webpack-internal:///(app-pages-browser)/./node_modules/.pnpm/next@16.1.6_@babel+core@7.29.0_react-dom@19.2.4_react@19.2.4__react@19.2.4/node_modules/next/dist/next-devtools/shared/forward-logs-shared.js:27
[  157252ms] [LOG] [Fast Refresh] rebuilding @ webpack-internal:///(app-pages-browser)/./node_modules/.pnpm/next@16.1.6_@babel+core@7.29.0_react-dom@19.2.4_react@19.2.4__react@19.2.4/node_modules/next/dist/next-devtools/shared/forward-logs-shared.js:27
[  157306ms] [LOG] [Fast Refresh] done in 54ms @ webpack-internal:///(app-pages-browser)/./node_modules/.pnpm/next@16.1.6_@babel+core@7.29.0_react-dom@19.2.4_react@19.2.4__react@19.2.4/node_modules/next/dist/next-devtools/shared/forward-logs-shared.js:27
[  157471ms] [LOG] [Fast Refresh] rebuilding @ webpack-internal:///(app-pages-browser)/./node_modules/.pnpm/next@16.1.6_@babel+core@7.29.0_react-dom@19.2.4_react@19.2.4__react@19.2.4/node_modules/next/dist/next-devtools/shared/forward-logs-shared.js:27
[  157527ms] [LOG] [Fast Refresh] done in 56ms @ webpack-internal:///(app-pages-browser)/./node_modules/.pnpm/next@16.1.6_@babel+core@7.29.0_react-dom@19.2.4_react@19.2.4__react@19.2.4/node_modules/next/dist/next-devtools/shared/forward-logs-shared.js:27
[  157689ms] [LOG] [Fast Refresh] rebuilding @ webpack-internal:///(app-pages-browser)/./node_modules/.pnpm/next@16.1.6_@babel+core@7.29.0_react-dom@19.2.4_react@19.2.4__react@19.2.4/node_modules/next/dist/next-devtools/shared/forward-logs-shared.js:27
[  157731ms] [LOG] [Fast Refresh] done in 42ms @ webpack-internal:///(app-pages-browser)/./node_modules/.pnpm/next@16.1.6_@babel+core@7.29.0_react-dom@19.2.4_react@19.2.4__react@19.2.4/node_modules/next/dist/next-devtools/shared/forward-logs-shared.js:27
[  157895ms] [LOG] [Fast Refresh] rebuilding @ webpack-internal:///(app-pages-browser)/./node_modules/.pnpm/next@16.1.6_@babel+core@7.29.0_react-dom@19.2.4_react@19.2.4__react@19.2.4/node_modules/next/dist/next-devtools/shared/forward-logs-shared.js:27
[  157947ms] [LOG] [Fast Refresh] done in 53ms @ webpack-internal:///(app-pages-browser)/./node_modules/.pnpm/next@16.1.6_@babel+core@7.29.0_react-dom@19.2.4_react@19.2.4__react@19.2.4/node_modules/next/dist/next-devtools/shared/forward-logs-shared.js:27
[  158223ms] [LOG] [Fast Refresh] rebuilding @ webpack-internal:///(app-pages-browser)/./node_modules/.pnpm/next@16.1.6_@babel+core@7.29.0_react-dom@19.2.4_react@19.2.4__react@19.2.4/node_modules/next/dist/next-devtools/shared/forward-logs-shared.js:27
[  158379ms] [LOG] [Fast Refresh] done in 156ms @ webpack-internal:///(app-pages-browser)/./node_modules/.pnpm/next@16.1.6_@babel+core@7.29.0_react-dom@19.2.4_react@19.2.4__react@19.2.4/node_modules/next/dist/next-devtools/shared/forward-logs-shared.js:27
[  158576ms] [LOG] [Fast Refresh] rebuilding @ webpack-internal:///(app-pages-browser)/./node_modules/.pnpm/next@16.1.6_@babel+core@7.29.0_react-dom@19.2.4_react@19.2.4__react@19.2.4/node_modules/next/dist/next-devtools/shared/forward-logs-shared.js:27
[  158629ms] [LOG] [Fast Refresh] done in 53ms @ webpack-internal:///(app-pages-browser)/./node_modules/.pnpm/next@16.1.6_@babel+core@7.29.0_react-dom@19.2.4_react@19.2.4__react@19.2.4/node_modules/next/dist/next-devtools/shared/forward-logs-shared.js:27
[  158798ms] [LOG] [Fast Refresh] rebuilding @ webpack-internal:///(app-pages-browser)/./node_modules/.pnpm/next@16.1.6_@babel+core@7.29.0_react-dom@19.2.4_react@19.2.4__react@19.2.4/node_modules/next/dist/next-devtools/shared/forward-logs-shared.js:27
[  158837ms] [LOG] [Fast Refresh] done in 40ms @ webpack-internal:///(app-pages-browser)/./node_modules/.pnpm/next@16.1.6_@babel+core@7.29.0_react-dom@19.2.4_react@19.2.4__react@19.2.4/node_modules/next/dist/next-devtools/shared/forward-logs-shared.js:27
[  159023ms] [LOG] [Fast Refresh] rebuilding @ webpack-internal:///(app-pages-browser)/./node_modules/.pnpm/next@16.1.6_@babel+core@7.29.0_react-dom@19.2.4_react@19.2.4__react@19.2.4/node_modules/next/dist/next-devtools/shared/forward-logs-shared.js:27
[  159083ms] [LOG] [Fast Refresh] done in 60ms @ webpack-internal:///(app-pages-browser)/./node_modules/.pnpm/next@16.1.6_@babel+core@7.29.0_react-dom@19.2.4_react@19.2.4__react@19.2.4/node_modules/next/dist/next-devtools/shared/forward-logs-shared.js:27
[  159248ms] [LOG] [Fast Refresh] rebuilding @ webpack-internal:///(app-pages-browser)/./node_modules/.pnpm/next@16.1.6_@babel+core@7.29.0_react-dom@19.2.4_react@19.2.4__react@19.2.4/node_modules/next/dist/next-devtools/shared/forward-logs-shared.js:27
[  159294ms] [LOG] [Fast Refresh] done in 46ms @ webpack-internal:///(app-pages-browser)/./node_modules/.pnpm/next@16.1.6_@babel+core@7.29.0_react-dom@19.2.4_react@19.2.4__react@19.2.4/node_modules/next/dist/next-devtools/shared/forward-logs-shared.js:27
[  159464ms] [LOG] [Fast Refresh] rebuilding @ webpack-internal:///(app-pages-browser)/./node_modules/.pnpm/next@16.1.6_@babel+core@7.29.0_react-dom@19.2.4_react@19.2.4__react@19.2.4/node_modules/next/dist/next-devtools/shared/forward-logs-shared.js:27
[  159523ms] [LOG] [Fast Refresh] done in 58ms @ webpack-internal:///(app-pages-browser)/./node_modules/.pnpm/next@16.1.6_@babel+core@7.29.0_react-dom@19.2.4_react@19.2.4__react@19.2.4/node_modules/next/dist/next-devtools/shared/forward-logs-shared.js:27
[  159699ms] [LOG] [Fast Refresh] rebuilding @ webpack-internal:///(app-pages-browser)/./node_modules/.pnpm/next@16.1.6_@babel+core@7.29.0_react-dom@19.2.4_react@19.2.4__react@19.2.4/node_modules/next/dist/next-devtools/shared/forward-logs-shared.js:27
[  159747ms] [LOG] [Fast Refresh] done in 47ms @ webpack-internal:///(app-pages-browser)/./node_modules/.pnpm/next@16.1.6_@babel+core@7.29.0_react-dom@19.2.4_react@19.2.4__react@19.2.4/node_modules/next/dist/next-devtools/shared/forward-logs-shared.js:27
[  159920ms] [LOG] [Fast Refresh] rebuilding @ webpack-internal:///(app-pages-browser)/./node_modules/.pnpm/next@16.1.6_@babel+core@7.29.0_react-dom@19.2.4_react@19.2.4__react@19.2.4/node_modules/next/dist/next-devtools/shared/forward-logs-shared.js:27
[  159977ms] [LOG] [Fast Refresh] done in 57ms @ webpack-internal:///(app-pages-browser)/./node_modules/.pnpm/next@16.1.6_@babel+core@7.29.0_react-dom@19.2.4_react@19.2.4__react@19.2.4/node_modules/next/dist/next-devtools/shared/forward-logs-shared.js:27
[  160146ms] [LOG] [Fast Refresh] rebuilding @ webpack-internal:///(app-pages-browser)/./node_modules/.pnpm/next@16.1.6_@babel+core@7.29.0_react-dom@19.2.4_react@19.2.4__react@19.2.4/node_modules/next/dist/next-devtools/shared/forward-logs-shared.js:27
[  160193ms] [LOG] [Fast Refresh] done in 47ms @ webpack-internal:///(app-pages-browser)/./node_modules/.pnpm/next@16.1.6_@babel+core@7.29.0_react-dom@19.2.4_react@19.2.4__react@19.2.4/node_modules/next/dist/next-devtools/shared/forward-logs-shared.js:27
[  160362ms] [LOG] [Fast Refresh] rebuilding @ webpack-internal:///(app-pages-browser)/./node_modules/.pnpm/next@16.1.6_@babel+core@7.29.0_react-dom@19.2.4_react@19.2.4__react@19.2.4/node_modules/next/dist/next-devtools/shared/forward-logs-shared.js:27
[  160426ms] [LOG] [Fast Refresh] done in 65ms @ webpack-internal:///(app-pages-browser)/./node_modules/.pnpm/next@16.1.6_@babel+core@7.29.0_react-dom@19.2.4_react@19.2.4__react@19.2.4/node_modules/next/dist/next-devtools/shared/forward-logs-shared.js:27
[  160594ms] [LOG] [Fast Refresh] rebuilding @ webpack-internal:///(app-pages-browser)/./node_modules/.pnpm/next@16.1.6_@babel+core@7.29.0_react-dom@19.2.4_react@19.2.4__react@19.2.4/node_modules/next/dist/next-devtools/shared/forward-logs-shared.js:27
[  160639ms] [LOG] [Fast Refresh] done in 44ms @ webpack-internal:///(app-pages-browser)/./node_modules/.pnpm/next@16.1.6_@babel+core@7.29.0_react-dom@19.2.4_react@19.2.4__react@19.2.4/node_modules/next/dist/next-devtools/shared/forward-logs-shared.js:27
[  160821ms] [LOG] [Fast Refresh] rebuilding @ webpack-internal:///(app-pages-browser)/./node_modules/.pnpm/next@16.1.6_@babel+core@7.29.0_react-dom@19.2.4_react@19.2.4__react@19.2.4/node_modules/next/dist/next-devtools/shared/forward-logs-shared.js:27
[  160877ms] [LOG] [Fast Refresh] done in 55ms @ webpack-internal:///(app-pages-browser)/./node_modules/.pnpm/next@16.1.6_@babel+core@7.29.0_react-dom@19.2.4_react@19.2.4__react@19.2.4/node_modules/next/dist/next-devtools/shared/forward-logs-shared.js:27
[  161054ms] [LOG] [Fast Refresh] rebuilding @ webpack-internal:///(app-pages-browser)/./node_modules/.pnpm/next@16.1.6_@babel+core@7.29.0_react-dom@19.2.4_react@19.2.4__react@19.2.4/node_modules/next/dist/next-devtools/shared/forward-logs-shared.js:27
[  161102ms] [LOG] [Fast Refresh] done in 48ms @ webpack-internal:///(app-pages-browser)/./node_modules/.pnpm/next@16.1.6_@babel+core@7.29.0_react-dom@19.2.4_react@19.2.4__react@19.2.4/node_modules/next/dist/next-devtools/shared/forward-logs-shared.js:27
[  161280ms] [LOG] [Fast Refresh] rebuilding @ webpack-internal:///(app-pages-browser)/./node_modules/.pnpm/next@16.1.6_@babel+core@7.29.0_react-dom@19.2.4_react@19.2.4__react@19.2.4/node_modules/next/dist/next-devtools/shared/forward-logs-shared.js:27
[  161340ms] [LOG] [Fast Refresh] done in 59ms @ webpack-internal:///(app-pages-browser)/./node_modules/.pnpm/next@16.1.6_@babel+core@7.29.0_react-dom@19.2.4_react@19.2.4__react@19.2.4/node_modules/next/dist/next-devtools/shared/forward-logs-shared.js:27
[  161523ms] [LOG] [Fast Refresh] rebuilding @ webpack-internal:///(app-pages-browser)/./node_modules/.pnpm/next@16.1.6_@babel+core@7.29.0_react-dom@19.2.4_react@19.2.4__react@19.2.4/node_modules/next/dist/next-devtools/shared/forward-logs-shared.js:27
[  161567ms] [LOG] [Fast Refresh] done in 44ms @ webpack-internal:///(app-pages-browser)/./node_modules/.pnpm/next@16.1.6_@babel+core@7.29.0_react-dom@19.2.4_react@19.2.4__react@19.2.4/node_modules/next/dist/next-devtools/shared/forward-logs-shared.js:27
[  161747ms] [LOG] [Fast Refresh] rebuilding @ webpack-internal:///(app-pages-browser)/./node_modules/.pnpm/next@16.1.6_@babel+core@7.29.0_react-dom@19.2.4_react@19.2.4__react@19.2.4/node_modules/next/dist/next-devtools/shared/forward-logs-shared.js:27
[  161838ms] [LOG] [Fast Refresh] done in 91ms @ webpack-internal:///(app-pages-browser)/./node_modules/.pnpm/next@16.1.6_@babel+core@7.29.0_react-dom@19.2.4_react@19.2.4__react@19.2.4/node_modules/next/dist/next-devtools/shared/forward-logs-shared.js:27
[  161994ms] [LOG] [Fast Refresh] rebuilding @ webpack-internal:///(app-pages-browser)/./node_modules/.pnpm/next@16.1.6_@babel+core@7.29.0_react-dom@19.2.4_react@19.2.4__react@19.2.4/node_modules/next/dist/next-devtools/shared/forward-logs-shared.js:27
[  162041ms] [LOG] [Fast Refresh] done in 46ms @ webpack-internal:///(app-pages-browser)/./node_modules/.pnpm/next@16.1.6_@babel+core@7.29.0_react-dom@19.2.4_react@19.2.4__react@19.2.4/node_modules/next/dist/next-devtools/shared/forward-logs-shared.js:27
[  162216ms] [LOG] [Fast Refresh] rebuilding @ webpack-internal:///(app-pages-browser)/./node_modules/.pnpm/next@16.1.6_@babel+core@7.29.0_react-dom@19.2.4_react@19.2.4__react@19.2.4/node_modules/next/dist/next-devtools/shared/forward-logs-shared.js:27
[  162272ms] [LOG] [Fast Refresh] done in 57ms @ webpack-internal:///(app-pages-browser)/./node_modules/.pnpm/next@16.1.6_@babel+core@7.29.0_react-dom@19.2.4_react@19.2.4__react@19.2.4/node_modules/next/dist/next-devtools/shared/forward-logs-shared.js:27
[  162452ms] [LOG] [Fast Refresh] rebuilding @ webpack-internal:///(app-pages-browser)/./node_modules/.pnpm/next@16.1.6_@babel+core@7.29.0_react-dom@19.2.4_react@19.2.4__react@19.2.4/node_modules/next/dist/next-devtools/shared/forward-logs-shared.js:27
[  162499ms] [LOG] [Fast Refresh] done in 47ms @ webpack-internal:///(app-pages-browser)/./node_modules/.pnpm/next@16.1.6_@babel+core@7.29.0_react-dom@19.2.4_react@19.2.4__react@19.2.4/node_modules/next/dist/next-devtools/shared/forward-logs-shared.js:27
[  162672ms] [LOG] [Fast Refresh] rebuilding @ webpack-internal:///(app-pages-browser)/./node_modules/.pnpm/next@16.1.6_@babel+core@7.29.0_react-dom@19.2.4_react@19.2.4__react@19.2.4/node_modules/next/dist/next-devtools/shared/forward-logs-shared.js:27
[  162723ms] [LOG] [Fast Refresh] done in 50ms @ webpack-internal:///(app-pages-browser)/./node_modules/.pnpm/next@16.1.6_@babel+core@7.29.0_react-dom@19.2.4_react@19.2.4__react@19.2.4/node_modules/next/dist/next-devtools/shared/forward-logs-shared.js:27
[  162893ms] [LOG] [Fast Refresh] rebuilding @ webpack-internal:///(app-pages-browser)/./node_modules/.pnpm/next@16.1.6_@babel+core@7.29.0_react-dom@19.2.4_react@19.2.4__react@19.2.4/node_modules/next/dist/next-devtools/shared/forward-logs-shared.js:27
[  162935ms] [LOG] [Fast Refresh] done in 43ms @ webpack-internal:///(app-pages-browser)/./node_modules/.pnpm/next@16.1.6_@babel+core@7.29.0_react-dom@19.2.4_react@19.2.4__react@19.2.4/node_modules/next/dist/next-devtools/shared/forward-logs-shared.js:27
[  163102ms] [LOG] [Fast Refresh] rebuilding @ webpack-internal:///(app-pages-browser)/./node_modules/.pnpm/next@16.1.6_@babel+core@7.29.0_react-dom@19.2.4_react@19.2.4__react@19.2.4/node_modules/next/dist/next-devtools/shared/forward-logs-shared.js:27
[  163161ms] [LOG] [Fast Refresh] done in 59ms @ webpack-internal:///(app-pages-browser)/./node_modules/.pnpm/next@16.1.6_@babel+core@7.29.0_react-dom@19.2.4_react@19.2.4__react@19.2.4/node_modules/next/dist/next-devtools/shared/forward-logs-shared.js:27
[  163321ms] [LOG] [Fast Refresh] rebuilding @ webpack-internal:///(app-pages-browser)/./node_modules/.pnpm/next@16.1.6_@babel+core@7.29.0_react-dom@19.2.4_react@19.2.4__react@19.2.4/node_modules/next/dist/next-devtools/shared/forward-logs-shared.js:27
[  163375ms] [LOG] [Fast Refresh] done in 54ms @ webpack-internal:///(app-pages-browser)/./node_modules/.pnpm/next@16.1.6_@babel+core@7.29.0_react-dom@19.2.4_react@19.2.4__react@19.2.4/node_modules/next/dist/next-devtools/shared/forward-logs-shared.js:27
[  163552ms] [LOG] [Fast Refresh] rebuilding @ webpack-internal:///(app-pages-browser)/./node_modules/.pnpm/next@16.1.6_@babel+core@7.29.0_react-dom@19.2.4_react@19.2.4__react@19.2.4/node_modules/next/dist/next-devtools/shared/forward-logs-shared.js:27
[  163590ms] [LOG] [Fast Refresh] done in 39ms @ webpack-internal:///(app-pages-browser)/./node_modules/.pnpm/next@16.1.6_@babel+core@7.29.0_react-dom@19.2.4_react@19.2.4__react@19.2.4/node_modules/next/dist/next-devtools/shared/forward-logs-shared.js:27
[  163764ms] [LOG] [Fast Refresh] rebuilding @ webpack-internal:///(app-pages-browser)/./node_modules/.pnpm/next@16.1.6_@babel+core@7.29.0_react-dom@19.2.4_react@19.2.4__react@19.2.4/node_modules/next/dist/next-devtools/shared/forward-logs-shared.js:27
[  163815ms] [LOG] [Fast Refresh] done in 51ms @ webpack-internal:///(app-pages-browser)/./node_modules/.pnpm/next@16.1.6_@babel+core@7.29.0_react-dom@19.2.4_react@19.2.4__react@19.2.4/node_modules/next/dist/next-devtools/shared/forward-logs-shared.js:27
[  163989ms] [LOG] [Fast Refresh] rebuilding @ webpack-internal:///(app-pages-browser)/./node_modules/.pnpm/next@16.1.6_@babel+core@7.29.0_react-dom@19.2.4_react@19.2.4__react@19.2.4/node_modules/next/dist/next-devtools/shared/forward-logs-shared.js:27
[  164033ms] [LOG] [Fast Refresh] done in 45ms @ webpack-internal:///(app-pages-browser)/./node_modules/.pnpm/next@16.1.6_@babel+core@7.29.0_react-dom@19.2.4_react@19.2.4__react@19.2.4/node_modules/next/dist/next-devtools/shared/forward-logs-shared.js:27
[  164213ms] [LOG] [Fast Refresh] rebuilding @ webpack-internal:///(app-pages-browser)/./node_modules/.pnpm/next@16.1.6_@babel+core@7.29.0_react-dom@19.2.4_react@19.2.4__react@19.2.4/node_modules/next/dist/next-devtools/shared/forward-logs-shared.js:27
[  164269ms] [LOG] [Fast Refresh] done in 55ms @ webpack-internal:///(app-pages-browser)/./node_modules/.pnpm/next@16.1.6_@babel+core@7.29.0_react-dom@19.2.4_react@19.2.4__react@19.2.4/node_modules/next/dist/next-devtools/shared/forward-logs-shared.js:27
[  164433ms] [LOG] [Fast Refresh] rebuilding @ webpack-internal:///(app-pages-browser)/./node_modules/.pnpm/next@16.1.6_@babel+core@7.29.0_react-dom@19.2.4_react@19.2.4__react@19.2.4/node_modules/next/dist/next-devtools/shared/forward-logs-shared.js:27
[  164480ms] [LOG] [Fast Refresh] done in 48ms @ webpack-internal:///(app-pages-browser)/./node_modules/.pnpm/next@16.1.6_@babel+core@7.29.0_react-dom@19.2.4_react@19.2.4__react@19.2.4/node_modules/next/dist/next-devtools/shared/forward-logs-shared.js:27
[  164640ms] [LOG] [Fast Refresh] rebuilding @ webpack-internal:///(app-pages-browser)/./node_modules/.pnpm/next@16.1.6_@babel+core@7.29.0_react-dom@19.2.4_react@19.2.4__react@19.2.4/node_modules/next/dist/next-devtools/shared/forward-logs-shared.js:27
[  164694ms] [LOG] [Fast Refresh] done in 54ms @ webpack-internal:///(app-pages-browser)/./node_modules/.pnpm/next@16.1.6_@babel+core@7.29.0_react-dom@19.2.4_react@19.2.4__react@19.2.4/node_modules/next/dist/next-devtools/shared/forward-logs-shared.js:27
[  164865ms] [LOG] [Fast Refresh] rebuilding @ webpack-internal:///(app-pages-browser)/./node_modules/.pnpm/next@16.1.6_@babel+core@7.29.0_react-dom@19.2.4_react@19.2.4__react@19.2.4/node_modules/next/dist/next-devtools/shared/forward-logs-shared.js:27
[  164909ms] [LOG] [Fast Refresh] done in 44ms @ webpack-internal:///(app-pages-browser)/./node_modules/.pnpm/next@16.1.6_@babel+core@7.29.0_react-dom@19.2.4_react@19.2.4__react@19.2.4/node_modules/next/dist/next-devtools/shared/forward-logs-shared.js:27
[  165080ms] [LOG] [Fast Refresh] rebuilding @ webpack-internal:///(app-pages-browser)/./node_modules/.pnpm/next@16.1.6_@babel+core@7.29.0_react-dom@19.2.4_react@19.2.4__react@19.2.4/node_modules/next/dist/next-devtools/shared/forward-logs-shared.js:27
[  165130ms] [LOG] [Fast Refresh] done in 49ms @ webpack-internal:///(app-pages-browser)/./node_modules/.pnpm/next@16.1.6_@babel+core@7.29.0_react-dom@19.2.4_react@19.2.4__react@19.2.4/node_modules/next/dist/next-devtools/shared/forward-logs-shared.js:27
[  165292ms] [LOG] [Fast Refresh] rebuilding @ webpack-internal:///(app-pages-browser)/./node_modules/.pnpm/next@16.1.6_@babel+core@7.29.0_react-dom@19.2.4_react@19.2.4__react@19.2.4/node_modules/next/dist/next-devtools/shared/forward-logs-shared.js:27
[  165337ms] [LOG] [Fast Refresh] done in 46ms @ webpack-internal:///(app-pages-browser)/./node_modules/.pnpm/next@16.1.6_@babel+core@7.29.0_react-dom@19.2.4_react@19.2.4__react@19.2.4/node_modules/next/dist/next-devtools/shared/forward-logs-shared.js:27
[  165507ms] [LOG] [Fast Refresh] rebuilding @ webpack-internal:///(app-pages-browser)/./node_modules/.pnpm/next@16.1.6_@babel+core@7.29.0_react-dom@19.2.4_react@19.2.4__react@19.2.4/node_modules/next/dist/next-devtools/shared/forward-logs-shared.js:27
[  165566ms] [LOG] [Fast Refresh] done in 58ms @ webpack-internal:///(app-pages-browser)/./node_modules/.pnpm/next@16.1.6_@babel+core@7.29.0_react-dom@19.2.4_react@19.2.4__react@19.2.4/node_modules/next/dist/next-devtools/shared/forward-logs-shared.js:27
[  165744ms] [LOG] [Fast Refresh] rebuilding @ webpack-internal:///(app-pages-browser)/./node_modules/.pnpm/next@16.1.6_@babel+core@7.29.0_react-dom@19.2.4_react@19.2.4__react@19.2.4/node_modules/next/dist/next-devtools/shared/forward-logs-shared.js:27
[  165792ms] [LOG] [Fast Refresh] done in 49ms @ webpack-internal:///(app-pages-browser)/./node_modules/.pnpm/next@16.1.6_@babel+core@7.29.0_react-dom@19.2.4_react@19.2.4__react@19.2.4/node_modules/next/dist/next-devtools/shared/forward-logs-shared.js:27
[  165963ms] [LOG] [Fast Refresh] rebuilding @ webpack-internal:///(app-pages-browser)/./node_modules/.pnpm/next@16.1.6_@babel+core@7.29.0_react-dom@19.2.4_react@19.2.4__react@19.2.4/node_modules/next/dist/next-devtools/shared/forward-logs-shared.js:27
[  166023ms] [LOG] [Fast Refresh] done in 60ms @ webpack-internal:///(app-pages-browser)/./node_modules/.pnpm/next@16.1.6_@babel+core@7.29.0_react-dom@19.2.4_react@19.2.4__react@19.2.4/node_modules/next/dist/next-devtools/shared/forward-logs-shared.js:27
[  166201ms] [LOG] [Fast Refresh] rebuilding @ webpack-internal:///(app-pages-browser)/./node_modules/.pnpm/next@16.1.6_@babel+core@7.29.0_react-dom@19.2.4_react@19.2.4__react@19.2.4/node_modules/next/dist/next-devtools/shared/forward-logs-shared.js:27
[  166245ms] [LOG] [Fast Refresh] done in 43ms @ webpack-internal:///(app-pages-browser)/./node_modules/.pnpm/next@16.1.6_@babel+core@7.29.0_react-dom@19.2.4_react@19.2.4__react@19.2.4/node_modules/next/dist/next-devtools/shared/forward-logs-shared.js:27
[  166416ms] [LOG] [Fast Refresh] rebuilding @ webpack-internal:///(app-pages-browser)/./node_modules/.pnpm/next@16.1.6_@babel+core@7.29.0_react-dom@19.2.4_react@19.2.4__react@19.2.4/node_modules/next/dist/next-devtools/shared/forward-logs-shared.js:27
[  166478ms] [LOG] [Fast Refresh] done in 62ms @ webpack-internal:///(app-pages-browser)/./node_modules/.pnpm/next@16.1.6_@babel+core@7.29.0_react-dom@19.2.4_react@19.2.4__react@19.2.4/node_modules/next/dist/next-devtools/shared/forward-logs-shared.js:27
[  166656ms] [LOG] [Fast Refresh] rebuilding @ webpack-internal:///(app-pages-browser)/./node_modules/.pnpm/next@16.1.6_@babel+core@7.29.0_react-dom@19.2.4_react@19.2.4__react@19.2.4/node_modules/next/dist/next-devtools/shared/forward-logs-shared.js:27
[  166700ms] [LOG] [Fast Refresh] done in 44ms @ webpack-internal:///(app-pages-browser)/./node_modules/.pnpm/next@16.1.6_@babel+core@7.29.0_react-dom@19.2.4_react@19.2.4__react@19.2.4/node_modules/next/dist/next-devtools/shared/forward-logs-shared.js:27
[  166859ms] [LOG] [Fast Refresh] rebuilding @ webpack-internal:///(app-pages-browser)/./node_modules/.pnpm/next@16.1.6_@babel+core@7.29.0_react-dom@19.2.4_react@19.2.4__react@19.2.4/node_modules/next/dist/next-devtools/shared/forward-logs-shared.js:27
[  166907ms] [LOG] [Fast Refresh] done in 49ms @ webpack-internal:///(app-pages-browser)/./node_modules/.pnpm/next@16.1.6_@babel+core@7.29.0_react-dom@19.2.4_react@19.2.4__react@19.2.4/node_modules/next/dist/next-devtools/shared/forward-logs-shared.js:27
[  167062ms] [LOG] [Fast Refresh] rebuilding @ webpack-internal:///(app-pages-browser)/./node_modules/.pnpm/next@16.1.6_@babel+core@7.29.0_react-dom@19.2.4_react@19.2.4__react@19.2.4/node_modules/next/dist/next-devtools/shared/forward-logs-shared.js:27
[  167104ms] [LOG] [Fast Refresh] done in 42ms @ webpack-internal:///(app-pages-browser)/./node_modules/.pnpm/next@16.1.6_@babel+core@7.29.0_react-dom@19.2.4_react@19.2.4__react@19.2.4/node_modules/next/dist/next-devtools/shared/forward-logs-shared.js:27
[  167263ms] [LOG] [Fast Refresh] rebuilding @ webpack-internal:///(app-pages-browser)/./node_modules/.pnpm/next@16.1.6_@babel+core@7.29.0_react-dom@19.2.4_react@19.2.4__react@19.2.4/node_modules/next/dist/next-devtools/shared/forward-logs-shared.js:27
[  167321ms] [LOG] [Fast Refresh] done in 59ms @ webpack-internal:///(app-pages-browser)/./node_modules/.pnpm/next@16.1.6_@babel+core@7.29.0_react-dom@19.2.4_react@19.2.4__react@19.2.4/node_modules/next/dist/next-devtools/shared/forward-logs-shared.js:27
[  167493ms] [LOG] [Fast Refresh] rebuilding @ webpack-internal:///(app-pages-browser)/./node_modules/.pnpm/next@16.1.6_@babel+core@7.29.0_react-dom@19.2.4_react@19.2.4__react@19.2.4/node_modules/next/dist/next-devtools/shared/forward-logs-shared.js:27
[  167540ms] [LOG] [Fast Refresh] done in 48ms @ webpack-internal:///(app-pages-browser)/./node_modules/.pnpm/next@16.1.6_@babel+core@7.29.0_react-dom@19.2.4_react@19.2.4__react@19.2.4/node_modules/next/dist/next-devtools/shared/forward-logs-shared.js:27
[  167694ms] [LOG] [Fast Refresh] rebuilding @ webpack-internal:///(app-pages-browser)/./node_modules/.pnpm/next@16.1.6_@babel+core@7.29.0_react-dom@19.2.4_react@19.2.4__react@19.2.4/node_modules/next/dist/next-devtools/shared/forward-logs-shared.js:27
[  167748ms] [LOG] [Fast Refresh] done in 54ms @ webpack-internal:///(app-pages-browser)/./node_modules/.pnpm/next@16.1.6_@babel+core@7.29.0_react-dom@19.2.4_react@19.2.4__react@19.2.4/node_modules/next/dist/next-devtools/shared/forward-logs-shared.js:27
[  167928ms] [LOG] [Fast Refresh] rebuilding @ webpack-internal:///(app-pages-browser)/./node_modules/.pnpm/next@16.1.6_@babel+core@7.29.0_react-dom@19.2.4_react@19.2.4__react@19.2.4/node_modules/next/dist/next-devtools/shared/forward-logs-shared.js:27
[  167975ms] [LOG] [Fast Refresh] done in 47ms @ webpack-internal:///(app-pages-browser)/./node_modules/.pnpm/next@16.1.6_@babel+core@7.29.0_react-dom@19.2.4_react@19.2.4__react@19.2.4/node_modules/next/dist/next-devtools/shared/forward-logs-shared.js:27
[  168141ms] [LOG] [Fast Refresh] rebuilding @ webpack-internal:///(app-pages-browser)/./node_modules/.pnpm/next@16.1.6_@babel+core@7.29.0_react-dom@19.2.4_react@19.2.4__react@19.2.4/node_modules/next/dist/next-devtools/shared/forward-logs-shared.js:27
[  168198ms] [LOG] [Fast Refresh] done in 58ms @ webpack-internal:///(app-pages-browser)/./node_modules/.pnpm/next@16.1.6_@babel+core@7.29.0_react-dom@19.2.4_react@19.2.4__react@19.2.4/node_modules/next/dist/next-devtools/shared/forward-logs-shared.js:27
[  168367ms] [LOG] [Fast Refresh] rebuilding @ webpack-internal:///(app-pages-browser)/./node_modules/.pnpm/next@16.1.6_@babel+core@7.29.0_react-dom@19.2.4_react@19.2.4__react@19.2.4/node_modules/next/dist/next-devtools/shared/forward-logs-shared.js:27
[  168414ms] [LOG] [Fast Refresh] done in 47ms @ webpack-internal:///(app-pages-browser)/./node_modules/.pnpm/next@16.1.6_@babel+core@7.29.0_react-dom@19.2.4_react@19.2.4__react@19.2.4/node_modules/next/dist/next-devtools/shared/forward-logs-shared.js:27
[  168594ms] [LOG] [Fast Refresh] rebuilding @ webpack-internal:///(app-pages-browser)/./node_modules/.pnpm/next@16.1.6_@babel+core@7.29.0_react-dom@19.2.4_react@19.2.4__react@19.2.4/node_modules/next/dist/next-devtools/shared/forward-logs-shared.js:27
[  168652ms] [LOG] [Fast Refresh] done in 58ms @ webpack-internal:///(app-pages-browser)/./node_modules/.pnpm/next@16.1.6_@babel+core@7.29.0_react-dom@19.2.4_react@19.2.4__react@19.2.4/node_modules/next/dist/next-devtools/shared/forward-logs-shared.js:27
[  168821ms] [LOG] [Fast Refresh] rebuilding @ webpack-internal:///(app-pages-browser)/./node_modules/.pnpm/next@16.1.6_@babel+core@7.29.0_react-dom@19.2.4_react@19.2.4__react@19.2.4/node_modules/next/dist/next-devtools/shared/forward-logs-shared.js:27
[  168866ms] [LOG] [Fast Refresh] done in 45ms @ webpack-internal:///(app-pages-browser)/./node_modules/.pnpm/next@16.1.6_@babel+core@7.29.0_react-dom@19.2.4_react@19.2.4__react@19.2.4/node_modules/next/dist/next-devtools/shared/forward-logs-shared.js:27
[  169047ms] [LOG] [Fast Refresh] rebuilding @ webpack-internal:///(app-pages-browser)/./node_modules/.pnpm/next@16.1.6_@babel+core@7.29.0_react-dom@19.2.4_react@19.2.4__react@19.2.4/node_modules/next/dist/next-devtools/shared/forward-logs-shared.js:27
[  169102ms] [LOG] [Fast Refresh] done in 55ms @ webpack-internal:///(app-pages-browser)/./node_modules/.pnpm/next@16.1.6_@babel+core@7.29.0_react-dom@19.2.4_react@19.2.4__react@19.2.4/node_modules/next/dist/next-devtools/shared/forward-logs-shared.js:27
[  169261ms] [LOG] [Fast Refresh] rebuilding @ webpack-internal:///(app-pages-browser)/./node_modules/.pnpm/next@16.1.6_@babel+core@7.29.0_react-dom@19.2.4_react@19.2.4__react@19.2.4/node_modules/next/dist/next-devtools/shared/forward-logs-shared.js:27
[  169303ms] [LOG] [Fast Refresh] done in 41ms @ webpack-internal:///(app-pages-browser)/./node_modules/.pnpm/next@16.1.6_@babel+core@7.29.0_react-dom@19.2.4_react@19.2.4__react@19.2.4/node_modules/next/dist/next-devtools/shared/forward-logs-shared.js:27
[  169462ms] [LOG] [Fast Refresh] rebuilding @ webpack-internal:///(app-pages-browser)/./node_modules/.pnpm/next@16.1.6_@babel+core@7.29.0_react-dom@19.2.4_react@19.2.4__react@19.2.4/node_modules/next/dist/next-devtools/shared/forward-logs-shared.js:27
[  169518ms] [LOG] [Fast Refresh] done in 56ms @ webpack-internal:///(app-pages-browser)/./node_modules/.pnpm/next@16.1.6_@babel+core@7.29.0_react-dom@19.2.4_react@19.2.4__react@19.2.4/node_modules/next/dist/next-devtools/shared/forward-logs-shared.js:27
[  169697ms] [LOG] [Fast Refresh] rebuilding @ webpack-internal:///(app-pages-browser)/./node_modules/.pnpm/next@16.1.6_@babel+core@7.29.0_react-dom@19.2.4_react@19.2.4__react@19.2.4/node_modules/next/dist/next-devtools/shared/forward-logs-shared.js:27
[  169742ms] [LOG] [Fast Refresh] done in 45ms @ webpack-internal:///(app-pages-browser)/./node_modules/.pnpm/next@16.1.6_@babel+core@7.29.0_react-dom@19.2.4_react@19.2.4__react@19.2.4/node_modules/next/dist/next-devtools/shared/forward-logs-shared.js:27
[  169900ms] [LOG] [Fast Refresh] rebuilding @ webpack-internal:///(app-pages-browser)/./node_modules/.pnpm/next@16.1.6_@babel+core@7.29.0_react-dom@19.2.4_react@19.2.4__react@19.2.4/node_modules/next/dist/next-devtools/shared/forward-logs-shared.js:27
[  169957ms] [LOG] [Fast Refresh] done in 57ms @ webpack-internal:///(app-pages-browser)/./node_modules/.pnpm/next@16.1.6_@babel+core@7.29.0_react-dom@19.2.4_react@19.2.4__react@19.2.4/node_modules/next/dist/next-devtools/shared/forward-logs-shared.js:27
[  170130ms] [LOG] [Fast Refresh] rebuilding @ webpack-internal:///(app-pages-browser)/./node_modules/.pnpm/next@16.1.6_@babel+core@7.29.0_react-dom@19.2.4_react@19.2.4__react@19.2.4/node_modules/next/dist/next-devtools/shared/forward-logs-shared.js:27
[  170170ms] [LOG] [Fast Refresh] done in 40ms @ webpack-internal:///(app-pages-browser)/./node_modules/.pnpm/next@16.1.6_@babel+core@7.29.0_react-dom@19.2.4_react@19.2.4__react@19.2.4/node_modules/next/dist/next-devtools/shared/forward-logs-shared.js:27
[  170345ms] [LOG] [Fast Refresh] rebuilding @ webpack-internal:///(app-pages-browser)/./node_modules/.pnpm/next@16.1.6_@babel+core@7.29.0_react-dom@19.2.4_react@19.2.4__react@19.2.4/node_modules/next/dist/next-devtools/shared/forward-logs-shared.js:27
[  170398ms] [LOG] [Fast Refresh] done in 52ms @ webpack-internal:///(app-pages-browser)/./node_modules/.pnpm/next@16.1.6_@babel+core@7.29.0_react-dom@19.2.4_react@19.2.4__react@19.2.4/node_modules/next/dist/next-devtools/shared/forward-logs-shared.js:27
[  170564ms] [LOG] [Fast Refresh] rebuilding @ webpack-internal:///(app-pages-browser)/./node_modules/.pnpm/next@16.1.6_@babel+core@7.29.0_react-dom@19.2.4_react@19.2.4__react@19.2.4/node_modules/next/dist/next-devtools/shared/forward-logs-shared.js:27
[  170630ms] [LOG] [Fast Refresh] done in 67ms @ webpack-internal:///(app-pages-browser)/./node_modules/.pnpm/next@16.1.6_@babel+core@7.29.0_react-dom@19.2.4_react@19.2.4__react@19.2.4/node_modules/next/dist/next-devtools/shared/forward-logs-shared.js:27
[  171008ms] [LOG] [Fast Refresh] rebuilding @ webpack-internal:///(app-pages-browser)/./node_modules/.pnpm/next@16.1.6_@babel+core@7.29.0_react-dom@19.2.4_react@19.2.4__react@19.2.4/node_modules/next/dist/next-devtools/shared/forward-logs-shared.js:27
[  171051ms] [LOG] [Fast Refresh] done in 42ms @ webpack-internal:///(app-pages-browser)/./node_modules/.pnpm/next@16.1.6_@babel+core@7.29.0_react-dom@19.2.4_react@19.2.4__react@19.2.4/node_modules/next/dist/next-devtools/shared/forward-logs-shared.js:27
[  171226ms] [LOG] [Fast Refresh] rebuilding @ webpack-internal:///(app-pages-browser)/./node_modules/.pnpm/next@16.1.6_@babel+core@7.29.0_react-dom@19.2.4_react@19.2.4__react@19.2.4/node_modules/next/dist/next-devtools/shared/forward-logs-shared.js:27
[  171272ms] [LOG] [Fast Refresh] done in 46ms @ webpack-internal:///(app-pages-browser)/./node_modules/.pnpm/next@16.1.6_@babel+core@7.29.0_react-dom@19.2.4_react@19.2.4__react@19.2.4/node_modules/next/dist/next-devtools/shared/forward-logs-shared.js:27
[  171452ms] [LOG] [Fast Refresh] rebuilding @ webpack-internal:///(app-pages-browser)/./node_modules/.pnpm/next@16.1.6_@babel+core@7.29.0_react-dom@19.2.4_react@19.2.4__react@19.2.4/node_modules/next/dist/next-devtools/shared/forward-logs-shared.js:27
[  171494ms] [LOG] [Fast Refresh] done in 42ms @ webpack-internal:///(app-pages-browser)/./node_modules/.pnpm/next@16.1.6_@babel+core@7.29.0_react-dom@19.2.4_react@19.2.4__react@19.2.4/node_modules/next/dist/next-devtools/shared/forward-logs-shared.js:27
[  171676ms] [LOG] [Fast Refresh] rebuilding @ webpack-internal:///(app-pages-browser)/./node_modules/.pnpm/next@16.1.6_@babel+core@7.29.0_react-dom@19.2.4_react@19.2.4__react@19.2.4/node_modules/next/dist/next-devtools/shared/forward-logs-shared.js:27
[  171735ms] [LOG] [Fast Refresh] done in 58ms @ webpack-internal:///(app-pages-browser)/./node_modules/.pnpm/next@16.1.6_@babel+core@7.29.0_react-dom@19.2.4_react@19.2.4__react@19.2.4/node_modules/next/dist/next-devtools/shared/forward-logs-shared.js:27
[  171905ms] [LOG] [Fast Refresh] rebuilding @ webpack-internal:///(app-pages-browser)/./node_modules/.pnpm/next@16.1.6_@babel+core@7.29.0_react-dom@19.2.4_react@19.2.4__react@19.2.4/node_modules/next/dist/next-devtools/shared/forward-logs-shared.js:27
[  171953ms] [LOG] [Fast Refresh] done in 47ms @ webpack-internal:///(app-pages-browser)/./node_modules/.pnpm/next@16.1.6_@babel+core@7.29.0_react-dom@19.2.4_react@19.2.4__react@19.2.4/node_modules/next/dist/next-devtools/shared/forward-logs-shared.js:27
[  172135ms] [LOG] [Fast Refresh] rebuilding @ webpack-internal:///(app-pages-browser)/./node_modules/.pnpm/next@16.1.6_@babel+core@7.29.0_react-dom@19.2.4_react@19.2.4__react@19.2.4/node_modules/next/dist/next-devtools/shared/forward-logs-shared.js:27
[  172182ms] [LOG] [Fast Refresh] done in 48ms @ webpack-internal:///(app-pages-browser)/./node_modules/.pnpm/next@16.1.6_@babel+core@7.29.0_react-dom@19.2.4_react@19.2.4__react@19.2.4/node_modules/next/dist/next-devtools/shared/forward-logs-shared.js:27
[  172356ms] [LOG] [Fast Refresh] rebuilding @ webpack-internal:///(app-pages-browser)/./node_modules/.pnpm/next@16.1.6_@babel+core@7.29.0_react-dom@19.2.4_react@19.2.4__react@19.2.4/node_modules/next/dist/next-devtools/shared/forward-logs-shared.js:27
[  172392ms] [LOG] [Fast Refresh] done in 36ms @ webpack-internal:///(app-pages-browser)/./node_modules/.pnpm/next@16.1.6_@babel+core@7.29.0_react-dom@19.2.4_react@19.2.4__react@19.2.4/node_modules/next/dist/next-devtools/shared/forward-logs-shared.js:27
[  172557ms] [LOG] [Fast Refresh] rebuilding @ webpack-internal:///(app-pages-browser)/./node_modules/.pnpm/next@16.1.6_@babel+core@7.29.0_react-dom@19.2.4_react@19.2.4__react@19.2.4/node_modules/next/dist/next-devtools/shared/forward-logs-shared.js:27
[  172595ms] [LOG] [Fast Refresh] done in 37ms @ webpack-internal:///(app-pages-browser)/./node_modules/.pnpm/next@16.1.6_@babel+core@7.29.0_react-dom@19.2.4_react@19.2.4__react@19.2.4/node_modules/next/dist/next-devtools/shared/forward-logs-shared.js:27
[  172771ms] [LOG] [Fast Refresh] rebuilding @ webpack-internal:///(app-pages-browser)/./node_modules/.pnpm/next@16.1.6_@babel+core@7.29.0_react-dom@19.2.4_react@19.2.4__react@19.2.4/node_modules/next/dist/next-devtools/shared/forward-logs-shared.js:27
[  172819ms] [LOG] [Fast Refresh] done in 48ms @ webpack-internal:///(app-pages-browser)/./node_modules/.pnpm/next@16.1.6_@babel+core@7.29.0_react-dom@19.2.4_react@19.2.4__react@19.2.4/node_modules/next/dist/next-devtools/shared/forward-logs-shared.js:27
[  172992ms] [LOG] [Fast Refresh] rebuilding @ webpack-internal:///(app-pages-browser)/./node_modules/.pnpm/next@16.1.6_@babel+core@7.29.0_react-dom@19.2.4_react@19.2.4__react@19.2.4/node_modules/next/dist/next-devtools/shared/forward-logs-shared.js:27
[  173036ms] [LOG] [Fast Refresh] done in 44ms @ webpack-internal:///(app-pages-browser)/./node_modules/.pnpm/next@16.1.6_@babel+core@7.29.0_react-dom@19.2.4_react@19.2.4__react@19.2.4/node_modules/next/dist/next-devtools/shared/forward-logs-shared.js:27
[  173224ms] [LOG] [Fast Refresh] rebuilding @ webpack-internal:///(app-pages-browser)/./node_modules/.pnpm/next@16.1.6_@babel+core@7.29.0_react-dom@19.2.4_react@19.2.4__react@19.2.4/node_modules/next/dist/next-devtools/shared/forward-logs-shared.js:27
[  173281ms] [LOG] [Fast Refresh] done in 56ms @ webpack-internal:///(app-pages-browser)/./node_modules/.pnpm/next@16.1.6_@babel+core@7.29.0_react-dom@19.2.4_react@19.2.4__react@19.2.4/node_modules/next/dist/next-devtools/shared/forward-logs-shared.js:27
[  173448ms] [LOG] [Fast Refresh] rebuilding @ webpack-internal:///(app-pages-browser)/./node_modules/.pnpm/next@16.1.6_@babel+core@7.29.0_react-dom@19.2.4_react@19.2.4__react@19.2.4/node_modules/next/dist/next-devtools/shared/forward-logs-shared.js:27
[  173505ms] [LOG] [Fast Refresh] done in 56ms @ webpack-internal:///(app-pages-browser)/./node_modules/.pnpm/next@16.1.6_@babel+core@7.29.0_react-dom@19.2.4_react@19.2.4__react@19.2.4/node_modules/next/dist/next-devtools/shared/forward-logs-shared.js:27
[  173679ms] [LOG] [Fast Refresh] rebuilding @ webpack-internal:///(app-pages-browser)/./node_modules/.pnpm/next@16.1.6_@babel+core@7.29.0_react-dom@19.2.4_react@19.2.4__react@19.2.4/node_modules/next/dist/next-devtools/shared/forward-logs-shared.js:27
[  173721ms] [LOG] [Fast Refresh] done in 43ms @ webpack-internal:///(app-pages-browser)/./node_modules/.pnpm/next@16.1.6_@babel+core@7.29.0_react-dom@19.2.4_react@19.2.4__react@19.2.4/node_modules/next/dist/next-devtools/shared/forward-logs-shared.js:27
[  173897ms] [LOG] [Fast Refresh] rebuilding @ webpack-internal:///(app-pages-browser)/./node_modules/.pnpm/next@16.1.6_@babel+core@7.29.0_react-dom@19.2.4_react@19.2.4__react@19.2.4/node_modules/next/dist/next-devtools/shared/forward-logs-shared.js:27
[  173939ms] [LOG] [Fast Refresh] done in 43ms @ webpack-internal:///(app-pages-browser)/./node_modules/.pnpm/next@16.1.6_@babel+core@7.29.0_react-dom@19.2.4_react@19.2.4__react@19.2.4/node_modules/next/dist/next-devtools/shared/forward-logs-shared.js:27
[  174117ms] [LOG] [Fast Refresh] rebuilding @ webpack-internal:///(app-pages-browser)/./node_modules/.pnpm/next@16.1.6_@babel+core@7.29.0_react-dom@19.2.4_react@19.2.4__react@19.2.4/node_modules/next/dist/next-devtools/shared/forward-logs-shared.js:27
[  174159ms] [LOG] [Fast Refresh] done in 43ms @ webpack-internal:///(app-pages-browser)/./node_modules/.pnpm/next@16.1.6_@babel+core@7.29.0_react-dom@19.2.4_react@19.2.4__react@19.2.4/node_modules/next/dist/next-devtools/shared/forward-logs-shared.js:27
[  174337ms] [LOG] [Fast Refresh] rebuilding @ webpack-internal:///(app-pages-browser)/./node_modules/.pnpm/next@16.1.6_@babel+core@7.29.0_react-dom@19.2.4_react@19.2.4__react@19.2.4/node_modules/next/dist/next-devtools/shared/forward-logs-shared.js:27
[  174379ms] [LOG] [Fast Refresh] done in 41ms @ webpack-internal:///(app-pages-browser)/./node_modules/.pnpm/next@16.1.6_@babel+core@7.29.0_react-dom@19.2.4_react@19.2.4__react@19.2.4/node_modules/next/dist/next-devtools/shared/forward-logs-shared.js:27
[  174548ms] [LOG] [Fast Refresh] rebuilding @ webpack-internal:///(app-pages-browser)/./node_modules/.pnpm/next@16.1.6_@babel+core@7.29.0_react-dom@19.2.4_react@19.2.4__react@19.2.4/node_modules/next/dist/next-devtools/shared/forward-logs-shared.js:27
[  174601ms] [LOG] [Fast Refresh] done in 54ms @ webpack-internal:///(app-pages-browser)/./node_modules/.pnpm/next@16.1.6_@babel+core@7.29.0_react-dom@19.2.4_react@19.2.4__react@19.2.4/node_modules/next/dist/next-devtools/shared/forward-logs-shared.js:27
[  174766ms] [LOG] [Fast Refresh] rebuilding @ webpack-internal:///(app-pages-browser)/./node_modules/.pnpm/next@16.1.6_@babel+core@7.29.0_react-dom@19.2.4_react@19.2.4__react@19.2.4/node_modules/next/dist/next-devtools/shared/forward-logs-shared.js:27
[  174811ms] [LOG] [Fast Refresh] done in 45ms @ webpack-internal:///(app-pages-browser)/./node_modules/.pnpm/next@16.1.6_@babel+core@7.29.0_react-dom@19.2.4_react@19.2.4__react@19.2.4/node_modules/next/dist/next-devtools/shared/forward-logs-shared.js:27
[  174988ms] [LOG] [Fast Refresh] rebuilding @ webpack-internal:///(app-pages-browser)/./node_modules/.pnpm/next@16.1.6_@babel+core@7.29.0_react-dom@19.2.4_react@19.2.4__react@19.2.4/node_modules/next/dist/next-devtools/shared/forward-logs-shared.js:27
[  175030ms] [LOG] [Fast Refresh] done in 42ms @ webpack-internal:///(app-pages-browser)/./node_modules/.pnpm/next@16.1.6_@babel+core@7.29.0_react-dom@19.2.4_react@19.2.4__react@19.2.4/node_modules/next/dist/next-devtools/shared/forward-logs-shared.js:27
[  175200ms] [LOG] [Fast Refresh] rebuilding @ webpack-internal:///(app-pages-browser)/./node_modules/.pnpm/next@16.1.6_@babel+core@7.29.0_react-dom@19.2.4_react@19.2.4__react@19.2.4/node_modules/next/dist/next-devtools/shared/forward-logs-shared.js:27
[  175249ms] [LOG] [Fast Refresh] done in 48ms @ webpack-internal:///(app-pages-browser)/./node_modules/.pnpm/next@16.1.6_@babel+core@7.29.0_react-dom@19.2.4_react@19.2.4__react@19.2.4/node_modules/next/dist/next-devtools/shared/forward-logs-shared.js:27
[  175423ms] [LOG] [Fast Refresh] rebuilding @ webpack-internal:///(app-pages-browser)/./node_modules/.pnpm/next@16.1.6_@babel+core@7.29.0_react-dom@19.2.4_react@19.2.4__react@19.2.4/node_modules/next/dist/next-devtools/shared/forward-logs-shared.js:27
[  175472ms] [LOG] [Fast Refresh] done in 50ms @ webpack-internal:///(app-pages-browser)/./node_modules/.pnpm/next@16.1.6_@babel+core@7.29.0_react-dom@19.2.4_react@19.2.4__react@19.2.4/node_modules/next/dist/next-devtools/shared/forward-logs-shared.js:27
[  175649ms] [LOG] [Fast Refresh] rebuilding @ webpack-internal:///(app-pages-browser)/./node_modules/.pnpm/next@16.1.6_@babel+core@7.29.0_react-dom@19.2.4_react@19.2.4__react@19.2.4/node_modules/next/dist/next-devtools/shared/forward-logs-shared.js:27
[  175700ms] [LOG] [Fast Refresh] done in 50ms @ webpack-internal:///(app-pages-browser)/./node_modules/.pnpm/next@16.1.6_@babel+core@7.29.0_react-dom@19.2.4_react@19.2.4__react@19.2.4/node_modules/next/dist/next-devtools/shared/forward-logs-shared.js:27
[  175875ms] [LOG] [Fast Refresh] rebuilding @ webpack-internal:///(app-pages-browser)/./node_modules/.pnpm/next@16.1.6_@babel+core@7.29.0_react-dom@19.2.4_react@19.2.4__react@19.2.4/node_modules/next/dist/next-devtools/shared/forward-logs-shared.js:27
[  175918ms] [LOG] [Fast Refresh] done in 44ms @ webpack-internal:///(app-pages-browser)/./node_modules/.pnpm/next@16.1.6_@babel+core@7.29.0_react-dom@19.2.4_react@19.2.4__react@19.2.4/node_modules/next/dist/next-devtools/shared/forward-logs-shared.js:27
[  176108ms] [LOG] [Fast Refresh] rebuilding @ webpack-internal:///(app-pages-browser)/./node_modules/.pnpm/next@16.1.6_@babel+core@7.29.0_react-dom@19.2.4_react@19.2.4__react@19.2.4/node_modules/next/dist/next-devtools/shared/forward-logs-shared.js:27
[  176160ms] [LOG] [Fast Refresh] done in 53ms @ webpack-internal:///(app-pages-browser)/./node_modules/.pnpm/next@16.1.6_@babel+core@7.29.0_react-dom@19.2.4_react@19.2.4__react@19.2.4/node_modules/next/dist/next-devtools/shared/forward-logs-shared.js:27
[  176356ms] [LOG] [Fast Refresh] rebuilding @ webpack-internal:///(app-pages-browser)/./node_modules/.pnpm/next@16.1.6_@babel+core@7.29.0_react-dom@19.2.4_react@19.2.4__react@19.2.4/node_modules/next/dist/next-devtools/shared/forward-logs-shared.js:27
[  176398ms] [LOG] [Fast Refresh] done in 41ms @ webpack-internal:///(app-pages-browser)/./node_modules/.pnpm/next@16.1.6_@babel+core@7.29.0_react-dom@19.2.4_react@19.2.4__react@19.2.4/node_modules/next/dist/next-devtools/shared/forward-logs-shared.js:27
[  176584ms] [LOG] [Fast Refresh] rebuilding @ webpack-internal:///(app-pages-browser)/./node_modules/.pnpm/next@16.1.6_@babel+core@7.29.0_react-dom@19.2.4_react@19.2.4__react@19.2.4/node_modules/next/dist/next-devtools/shared/forward-logs-shared.js:27
[  176626ms] [LOG] [Fast Refresh] done in 43ms @ webpack-internal:///(app-pages-browser)/./node_modules/.pnpm/next@16.1.6_@babel+core@7.29.0_react-dom@19.2.4_react@19.2.4__react@19.2.4/node_modules/next/dist/next-devtools/shared/forward-logs-shared.js:27
[  176797ms] [LOG] [Fast Refresh] rebuilding @ webpack-internal:///(app-pages-browser)/./node_modules/.pnpm/next@16.1.6_@babel+core@7.29.0_react-dom@19.2.4_react@19.2.4__react@19.2.4/node_modules/next/dist/next-devtools/shared/forward-logs-shared.js:27
[  176842ms] [LOG] [Fast Refresh] done in 44ms @ webpack-internal:///(app-pages-browser)/./node_modules/.pnpm/next@16.1.6_@babel+core@7.29.0_react-dom@19.2.4_react@19.2.4__react@19.2.4/node_modules/next/dist/next-devtools/shared/forward-logs-shared.js:27
[  177011ms] [LOG] [Fast Refresh] rebuilding @ webpack-internal:///(app-pages-browser)/./node_modules/.pnpm/next@16.1.6_@babel+core@7.29.0_react-dom@19.2.4_react@19.2.4__react@19.2.4/node_modules/next/dist/next-devtools/shared/forward-logs-shared.js:27
[  177050ms] [LOG] [Fast Refresh] done in 39ms @ webpack-internal:///(app-pages-browser)/./node_modules/.pnpm/next@16.1.6_@babel+core@7.29.0_react-dom@19.2.4_react@19.2.4__react@19.2.4/node_modules/next/dist/next-devtools/shared/forward-logs-shared.js:27
[  177207ms] [LOG] [Fast Refresh] rebuilding @ webpack-internal:///(app-pages-browser)/./node_modules/.pnpm/next@16.1.6_@babel+core@7.29.0_react-dom@19.2.4_react@19.2.4__react@19.2.4/node_modules/next/dist/next-devtools/shared/forward-logs-shared.js:27
[  177247ms] [LOG] [Fast Refresh] done in 40ms @ webpack-internal:///(app-pages-browser)/./node_modules/.pnpm/next@16.1.6_@babel+core@7.29.0_react-dom@19.2.4_react@19.2.4__react@19.2.4/node_modules/next/dist/next-devtools/shared/forward-logs-shared.js:27
[  177408ms] [LOG] [Fast Refresh] rebuilding @ webpack-internal:///(app-pages-browser)/./node_modules/.pnpm/next@16.1.6_@babel+core@7.29.0_react-dom@19.2.4_react@19.2.4__react@19.2.4/node_modules/next/dist/next-devtools/shared/forward-logs-shared.js:27
[  177445ms] [LOG] [Fast Refresh] done in 38ms @ webpack-internal:///(app-pages-browser)/./node_modules/.pnpm/next@16.1.6_@babel+core@7.29.0_react-dom@19.2.4_react@19.2.4__react@19.2.4/node_modules/next/dist/next-devtools/shared/forward-logs-shared.js:27
[  177605ms] [LOG] [Fast Refresh] rebuilding @ webpack-internal:///(app-pages-browser)/./node_modules/.pnpm/next@16.1.6_@babel+core@7.29.0_react-dom@19.2.4_react@19.2.4__react@19.2.4/node_modules/next/dist/next-devtools/shared/forward-logs-shared.js:27
[  177650ms] [LOG] [Fast Refresh] done in 45ms @ webpack-internal:///(app-pages-browser)/./node_modules/.pnpm/next@16.1.6_@babel+core@7.29.0_react-dom@19.2.4_react@19.2.4__react@19.2.4/node_modules/next/dist/next-devtools/shared/forward-logs-shared.js:27
[  177802ms] [LOG] [Fast Refresh] rebuilding @ webpack-internal:///(app-pages-browser)/./node_modules/.pnpm/next@16.1.6_@babel+core@7.29.0_react-dom@19.2.4_react@19.2.4__react@19.2.4/node_modules/next/dist/next-devtools/shared/forward-logs-shared.js:27
[  177843ms] [LOG] [Fast Refresh] done in 41ms @ webpack-internal:///(app-pages-browser)/./node_modules/.pnpm/next@16.1.6_@babel+core@7.29.0_react-dom@19.2.4_react@19.2.4__react@19.2.4/node_modules/next/dist/next-devtools/shared/forward-logs-shared.js:27
[  178021ms] [LOG] [Fast Refresh] rebuilding @ webpack-internal:///(app-pages-browser)/./node_modules/.pnpm/next@16.1.6_@babel+core@7.29.0_react-dom@19.2.4_react@19.2.4__react@19.2.4/node_modules/next/dist/next-devtools/shared/forward-logs-shared.js:27
[  178066ms] [LOG] [Fast Refresh] done in 44ms @ webpack-internal:///(app-pages-browser)/./node_modules/.pnpm/next@16.1.6_@babel+core@7.29.0_react-dom@19.2.4_react@19.2.4__react@19.2.4/node_modules/next/dist/next-devtools/shared/forward-logs-shared.js:27
[  178233ms] [LOG] [Fast Refresh] rebuilding @ webpack-internal:///(app-pages-browser)/./node_modules/.pnpm/next@16.1.6_@babel+core@7.29.0_react-dom@19.2.4_react@19.2.4__react@19.2.4/node_modules/next/dist/next-devtools/shared/forward-logs-shared.js:27
[  178287ms] [LOG] [Fast Refresh] done in 53ms @ webpack-internal:///(app-pages-browser)/./node_modules/.pnpm/next@16.1.6_@babel+core@7.29.0_react-dom@19.2.4_react@19.2.4__react@19.2.4/node_modules/next/dist/next-devtools/shared/forward-logs-shared.js:27
[  178459ms] [LOG] [Fast Refresh] rebuilding @ webpack-internal:///(app-pages-browser)/./node_modules/.pnpm/next@16.1.6_@babel+core@7.29.0_react-dom@19.2.4_react@19.2.4__react@19.2.4/node_modules/next/dist/next-devtools/shared/forward-logs-shared.js:27
[  178498ms] [LOG] [Fast Refresh] done in 39ms @ webpack-internal:///(app-pages-browser)/./node_modules/.pnpm/next@16.1.6_@babel+core@7.29.0_react-dom@19.2.4_react@19.2.4__react@19.2.4/node_modules/next/dist/next-devtools/shared/forward-logs-shared.js:27
[  178663ms] [LOG] [Fast Refresh] rebuilding @ webpack-internal:///(app-pages-browser)/./node_modules/.pnpm/next@16.1.6_@babel+core@7.29.0_react-dom@19.2.4_react@19.2.4__react@19.2.4/node_modules/next/dist/next-devtools/shared/forward-logs-shared.js:27
[  178717ms] [LOG] [Fast Refresh] done in 54ms @ webpack-internal:///(app-pages-browser)/./node_modules/.pnpm/next@16.1.6_@babel+core@7.29.0_react-dom@19.2.4_react@19.2.4__react@19.2.4/node_modules/next/dist/next-devtools/shared/forward-logs-shared.js:27
[  178881ms] [LOG] [Fast Refresh] rebuilding @ webpack-internal:///(app-pages-browser)/./node_modules/.pnpm/next@16.1.6_@babel+core@7.29.0_react-dom@19.2.4_react@19.2.4__react@19.2.4/node_modules/next/dist/next-devtools/shared/forward-logs-shared.js:27
[  178926ms] [LOG] [Fast Refresh] done in 44ms @ webpack-internal:///(app-pages-browser)/./node_modules/.pnpm/next@16.1.6_@babel+core@7.29.0_react-dom@19.2.4_react@19.2.4__react@19.2.4/node_modules/next/dist/next-devtools/shared/forward-logs-shared.js:27
[  179099ms] [LOG] [Fast Refresh] rebuilding @ webpack-internal:///(app-pages-browser)/./node_modules/.pnpm/next@16.1.6_@babel+core@7.29.0_react-dom@19.2.4_react@19.2.4__react@19.2.4/node_modules/next/dist/next-devtools/shared/forward-logs-shared.js:27
[  179146ms] [LOG] [Fast Refresh] done in 48ms @ webpack-internal:///(app-pages-browser)/./node_modules/.pnpm/next@16.1.6_@babel+core@7.29.0_react-dom@19.2.4_react@19.2.4__react@19.2.4/node_modules/next/dist/next-devtools/shared/forward-logs-shared.js:27
[  179322ms] [LOG] [Fast Refresh] rebuilding @ webpack-internal:///(app-pages-browser)/./node_modules/.pnpm/next@16.1.6_@babel+core@7.29.0_react-dom@19.2.4_react@19.2.4__react@19.2.4/node_modules/next/dist/next-devtools/shared/forward-logs-shared.js:27
[  179362ms] [LOG] [Fast Refresh] done in 41ms @ webpack-internal:///(app-pages-browser)/./node_modules/.pnpm/next@16.1.6_@babel+core@7.29.0_react-dom@19.2.4_react@19.2.4__react@19.2.4/node_modules/next/dist/next-devtools/shared/forward-logs-shared.js:27
[  179545ms] [LOG] [Fast Refresh] rebuilding @ webpack-internal:///(app-pages-browser)/./node_modules/.pnpm/next@16.1.6_@babel+core@7.29.0_react-dom@19.2.4_react@19.2.4__react@19.2.4/node_modules/next/dist/next-devtools/shared/forward-logs-shared.js:27
[  179595ms] [LOG] [Fast Refresh] done in 50ms @ webpack-internal:///(app-pages-browser)/./node_modules/.pnpm/next@16.1.6_@babel+core@7.29.0_react-dom@19.2.4_react@19.2.4__react@19.2.4/node_modules/next/dist/next-devtools/shared/forward-logs-shared.js:27
[  179763ms] [LOG] [Fast Refresh] rebuilding @ webpack-internal:///(app-pages-browser)/./node_modules/.pnpm/next@16.1.6_@babel+core@7.29.0_react-dom@19.2.4_react@19.2.4__react@19.2.4/node_modules/next/dist/next-devtools/shared/forward-logs-shared.js:27
[  179807ms] [LOG] [Fast Refresh] done in 44ms @ webpack-internal:///(app-pages-browser)/./node_modules/.pnpm/next@16.1.6_@babel+core@7.29.0_react-dom@19.2.4_react@19.2.4__react@19.2.4/node_modules/next/dist/next-devtools/shared/forward-logs-shared.js:27
[  179987ms] [LOG] [Fast Refresh] rebuilding @ webpack-internal:///(app-pages-browser)/./node_modules/.pnpm/next@16.1.6_@babel+core@7.29.0_react-dom@19.2.4_react@19.2.4__react@19.2.4/node_modules/next/dist/next-devtools/shared/forward-logs-shared.js:27
[  180040ms] [LOG] [Fast Refresh] done in 52ms @ webpack-internal:///(app-pages-browser)/./node_modules/.pnpm/next@16.1.6_@babel+core@7.29.0_react-dom@19.2.4_react@19.2.4__react@19.2.4/node_modules/next/dist/next-devtools/shared/forward-logs-shared.js:27
[  180209ms] [LOG] [Fast Refresh] rebuilding @ webpack-internal:///(app-pages-browser)/./node_modules/.pnpm/next@16.1.6_@babel+core@7.29.0_react-dom@19.2.4_react@19.2.4__react@19.2.4/node_modules/next/dist/next-devtools/shared/forward-logs-shared.js:27
[  180265ms] [LOG] [Fast Refresh] done in 55ms @ webpack-internal:///(app-pages-browser)/./node_modules/.pnpm/next@16.1.6_@babel+core@7.29.0_react-dom@19.2.4_react@19.2.4__react@19.2.4/node_modules/next/dist/next-devtools/shared/forward-logs-shared.js:27
[  180934ms] [LOG] [Fast Refresh] done in 724ms @ webpack-internal:///(app-pages-browser)/./node_modules/.pnpm/next@16.1.6_@babel+core@7.29.0_react-dom@19.2.4_react@19.2.4__react@19.2.4/node_modules/next/dist/next-devtools/shared/forward-logs-shared.js:27
[  180940ms] [LOG] [Fast Refresh] rebuilding @ webpack-internal:///(app-pages-browser)/./node_modules/.pnpm/next@16.1.6_@babel+core@7.29.0_react-dom@19.2.4_react@19.2.4__react@19.2.4/node_modules/next/dist/next-devtools/shared/forward-logs-shared.js:27
[  181128ms] [LOG] [Fast Refresh] rebuilding @ webpack-internal:///(app-pages-browser)/./node_modules/.pnpm/next@16.1.6_@babel+core@7.29.0_react-dom@19.2.4_react@19.2.4__react@19.2.4/node_modules/next/dist/next-devtools/shared/forward-logs-shared.js:27
[  181167ms] [LOG] [Fast Refresh] done in 39ms @ webpack-internal:///(app-pages-browser)/./node_modules/.pnpm/next@16.1.6_@babel+core@7.29.0_react-dom@19.2.4_react@19.2.4__react@19.2.4/node_modules/next/dist/next-devtools/shared/forward-logs-shared.js:27
[  181350ms] [LOG] [Fast Refresh] rebuilding @ webpack-internal:///(app-pages-browser)/./node_modules/.pnpm/next@16.1.6_@babel+core@7.29.0_react-dom@19.2.4_react@19.2.4__react@19.2.4/node_modules/next/dist/next-devtools/shared/forward-logs-shared.js:27
[  181400ms] [LOG] [Fast Refresh] done in 50ms @ webpack-internal:///(app-pages-browser)/./node_modules/.pnpm/next@16.1.6_@babel+core@7.29.0_react-dom@19.2.4_react@19.2.4__react@19.2.4/node_modules/next/dist/next-devtools/shared/forward-logs-shared.js:27
[  181565ms] [LOG] [Fast Refresh] rebuilding @ webpack-internal:///(app-pages-browser)/./node_modules/.pnpm/next@16.1.6_@babel+core@7.29.0_react-dom@19.2.4_react@19.2.4__react@19.2.4/node_modules/next/dist/next-devtools/shared/forward-logs-shared.js:27
[  181617ms] [LOG] [Fast Refresh] done in 52ms @ webpack-internal:///(app-pages-browser)/./node_modules/.pnpm/next@16.1.6_@babel+core@7.29.0_react-dom@19.2.4_react@19.2.4__react@19.2.4/node_modules/next/dist/next-devtools/shared/forward-logs-shared.js:27
[  181785ms] [LOG] [Fast Refresh] rebuilding @ webpack-internal:///(app-pages-browser)/./node_modules/.pnpm/next@16.1.6_@babel+core@7.29.0_react-dom@19.2.4_react@19.2.4__react@19.2.4/node_modules/next/dist/next-devtools/shared/forward-logs-shared.js:27
[  181831ms] [LOG] [Fast Refresh] done in 46ms @ webpack-internal:///(app-pages-browser)/./node_modules/.pnpm/next@16.1.6_@babel+core@7.29.0_react-dom@19.2.4_react@19.2.4__react@19.2.4/node_modules/next/dist/next-devtools/shared/forward-logs-shared.js:27
[  182024ms] [LOG] [Fast Refresh] rebuilding @ webpack-internal:///(app-pages-browser)/./node_modules/.pnpm/next@16.1.6_@babel+core@7.29.0_react-dom@19.2.4_react@19.2.4__react@19.2.4/node_modules/next/dist/next-devtools/shared/forward-logs-shared.js:27
[  182060ms] [LOG] [Fast Refresh] done in 36ms @ webpack-internal:///(app-pages-browser)/./node_modules/.pnpm/next@16.1.6_@babel+core@7.29.0_react-dom@19.2.4_react@19.2.4__react@19.2.4/node_modules/next/dist/next-devtools/shared/forward-logs-shared.js:27
[  182232ms] [LOG] [Fast Refresh] rebuilding @ webpack-internal:///(app-pages-browser)/./node_modules/.pnpm/next@16.1.6_@babel+core@7.29.0_react-dom@19.2.4_react@19.2.4__react@19.2.4/node_modules/next/dist/next-devtools/shared/forward-logs-shared.js:27
[  182279ms] [LOG] [Fast Refresh] done in 48ms @ webpack-internal:///(app-pages-browser)/./node_modules/.pnpm/next@16.1.6_@babel+core@7.29.0_react-dom@19.2.4_react@19.2.4__react@19.2.4/node_modules/next/dist/next-devtools/shared/forward-logs-shared.js:27
[  182434ms] [LOG] [Fast Refresh] rebuilding @ webpack-internal:///(app-pages-browser)/./node_modules/.pnpm/next@16.1.6_@babel+core@7.29.0_react-dom@19.2.4_react@19.2.4__react@19.2.4/node_modules/next/dist/next-devtools/shared/forward-logs-shared.js:27
[  182476ms] [LOG] [Fast Refresh] done in 41ms @ webpack-internal:///(app-pages-browser)/./node_modules/.pnpm/next@16.1.6_@babel+core@7.29.0_react-dom@19.2.4_react@19.2.4__react@19.2.4/node_modules/next/dist/next-devtools/shared/forward-logs-shared.js:27
[  182653ms] [LOG] [Fast Refresh] rebuilding @ webpack-internal:///(app-pages-browser)/./node_modules/.pnpm/next@16.1.6_@babel+core@7.29.0_react-dom@19.2.4_react@19.2.4__react@19.2.4/node_modules/next/dist/next-devtools/shared/forward-logs-shared.js:27
[  182695ms] [LOG] [Fast Refresh] done in 42ms @ webpack-internal:///(app-pages-browser)/./node_modules/.pnpm/next@16.1.6_@babel+core@7.29.0_react-dom@19.2.4_react@19.2.4__react@19.2.4/node_modules/next/dist/next-devtools/shared/forward-logs-shared.js:27
[  182898ms] [LOG] [Fast Refresh] rebuilding @ webpack-internal:///(app-pages-browser)/./node_modules/.pnpm/next@16.1.6_@babel+core@7.29.0_react-dom@19.2.4_react@19.2.4__react@19.2.4/node_modules/next/dist/next-devtools/shared/forward-logs-shared.js:27
[  182947ms] [LOG] [Fast Refresh] done in 49ms @ webpack-internal:///(app-pages-browser)/./node_modules/.pnpm/next@16.1.6_@babel+core@7.29.0_react-dom@19.2.4_react@19.2.4__react@19.2.4/node_modules/next/dist/next-devtools/shared/forward-logs-shared.js:27
[  183153ms] [LOG] [Fast Refresh] rebuilding @ webpack-internal:///(app-pages-browser)/./node_modules/.pnpm/next@16.1.6_@babel+core@7.29.0_react-dom@19.2.4_react@19.2.4__react@19.2.4/node_modules/next/dist/next-devtools/shared/forward-logs-shared.js:27
[  183202ms] [LOG] [Fast Refresh] done in 49ms @ webpack-internal:///(app-pages-browser)/./node_modules/.pnpm/next@16.1.6_@babel+core@7.29.0_react-dom@19.2.4_react@19.2.4__react@19.2.4/node_modules/next/dist/next-devtools/shared/forward-logs-shared.js:27
[  183413ms] [LOG] [Fast Refresh] rebuilding @ webpack-internal:///(app-pages-browser)/./node_modules/.pnpm/next@16.1.6_@babel+core@7.29.0_react-dom@19.2.4_react@19.2.4__react@19.2.4/node_modules/next/dist/next-devtools/shared/forward-logs-shared.js:27
[  183460ms] [LOG] [Fast Refresh] done in 46ms @ webpack-internal:///(app-pages-browser)/./node_modules/.pnpm/next@16.1.6_@babel+core@7.29.0_react-dom@19.2.4_react@19.2.4__react@19.2.4/node_modules/next/dist/next-devtools/shared/forward-logs-shared.js:27
[  183629ms] [LOG] [Fast Refresh] rebuilding @ webpack-internal:///(app-pages-browser)/./node_modules/.pnpm/next@16.1.6_@babel+core@7.29.0_react-dom@19.2.4_react@19.2.4__react@19.2.4/node_modules/next/dist/next-devtools/shared/forward-logs-shared.js:27
[  183709ms] [LOG] [Fast Refresh] done in 79ms @ webpack-internal:///(app-pages-browser)/./node_modules/.pnpm/next@16.1.6_@babel+core@7.29.0_react-dom@19.2.4_react@19.2.4__react@19.2.4/node_modules/next/dist/next-devtools/shared/forward-logs-shared.js:27
[  183878ms] [LOG] [Fast Refresh] rebuilding @ webpack-internal:///(app-pages-browser)/./node_modules/.pnpm/next@16.1.6_@babel+core@7.29.0_react-dom@19.2.4_react@19.2.4__react@19.2.4/node_modules/next/dist/next-devtools/shared/forward-logs-shared.js:27
[  183920ms] [LOG] [Fast Refresh] done in 41ms @ webpack-internal:///(app-pages-browser)/./node_modules/.pnpm/next@16.1.6_@babel+core@7.29.0_react-dom@19.2.4_react@19.2.4__react@19.2.4/node_modules/next/dist/next-devtools/shared/forward-logs-shared.js:27
[  184182ms] [LOG] [Fast Refresh] rebuilding @ webpack-internal:///(app-pages-browser)/./node_modules/.pnpm/next@16.1.6_@babel+core@7.29.0_react-dom@19.2.4_react@19.2.4__react@19.2.4/node_modules/next/dist/next-devtools/shared/forward-logs-shared.js:27
[  184319ms] [LOG] [Fast Refresh] done in 137ms @ webpack-internal:///(app-pages-browser)/./node_modules/.pnpm/next@16.1.6_@babel+core@7.29.0_react-dom@19.2.4_react@19.2.4__react@19.2.4/node_modules/next/dist/next-devtools/shared/forward-logs-shared.js:27
[  184379ms] [LOG] [Fast Refresh] rebuilding @ webpack-internal:///(app-pages-browser)/./node_modules/.pnpm/next@16.1.6_@babel+core@7.29.0_react-dom@19.2.4_react@19.2.4__react@19.2.4/node_modules/next/dist/next-devtools/shared/forward-logs-shared.js:27
[  184425ms] [LOG] [Fast Refresh] done in 46ms @ webpack-internal:///(app-pages-browser)/./node_modules/.pnpm/next@16.1.6_@babel+core@7.29.0_react-dom@19.2.4_react@19.2.4__react@19.2.4/node_modules/next/dist/next-devtools/shared/forward-logs-shared.js:27
[  184641ms] [LOG] [Fast Refresh] rebuilding @ webpack-internal:///(app-pages-browser)/./node_modules/.pnpm/next@16.1.6_@babel+core@7.29.0_react-dom@19.2.4_react@19.2.4__react@19.2.4/node_modules/next/dist/next-devtools/shared/forward-logs-shared.js:27
[  184699ms] [LOG] [Fast Refresh] done in 58ms @ webpack-internal:///(app-pages-browser)/./node_modules/.pnpm/next@16.1.6_@babel+core@7.29.0_react-dom@19.2.4_react@19.2.4__react@19.2.4/node_modules/next/dist/next-devtools/shared/forward-logs-shared.js:27
[  184896ms] [LOG] [Fast Refresh] rebuilding @ webpack-internal:///(app-pages-browser)/./node_modules/.pnpm/next@16.1.6_@babel+core@7.29.0_react-dom@19.2.4_react@19.2.4__react@19.2.4/node_modules/next/dist/next-devtools/shared/forward-logs-shared.js:27
[  184952ms] [LOG] [Fast Refresh] done in 56ms @ webpack-internal:///(app-pages-browser)/./node_modules/.pnpm/next@16.1.6_@babel+core@7.29.0_react-dom@19.2.4_react@19.2.4__react@19.2.4/node_modules/next/dist/next-devtools/shared/forward-logs-shared.js:27
[  185118ms] [LOG] [Fast Refresh] rebuilding @ webpack-internal:///(app-pages-browser)/./node_modules/.pnpm/next@16.1.6_@babel+core@7.29.0_react-dom@19.2.4_react@19.2.4__react@19.2.4/node_modules/next/dist/next-devtools/shared/forward-logs-shared.js:27
[  185157ms] [LOG] [Fast Refresh] done in 40ms @ webpack-internal:///(app-pages-browser)/./node_modules/.pnpm/next@16.1.6_@babel+core@7.29.0_react-dom@19.2.4_react@19.2.4__react@19.2.4/node_modules/next/dist/next-devtools/shared/forward-logs-shared.js:27
